Student_ID,Midterm_Score,Assignments_Avg,Quizzes_Avg,Participation_Score,Projects_Score,Attendance (%),Study_Hours_per_Week,Sleep_Hours_per_Night,Stress_Level (1-10),Age,Final_Score,Total_Score,Gender_Encoded,Extracurricular_Activities_Encoded,Internet_Access_at_Home_Encoded,Department_Business,Department_CS,Department_Engineering,Department_Mathematics,Parent_Education_Level_Bachelor's,Parent_Education_Level_High School,Parent_Education_Level_Master's,Parent_Education_Level_PhD,Family_Income_Level_High,Family_Income_Level_Low,Family_Income_Level_Medium
S1000,40.61,73.69,53.17,73.4,62.84,97.36,10.3,5.9,1,22,59.61,59.8865,0,1,0,0,0,0,1,0,0,1,0,0,0,1
S1001,57.27,74.23,98.23,88.0,98.23,97.71,27.1,4.3,4,18,74.0,81.917,1,0,0,1,0,0,0,0,1,0,0,0,1,0
S1002,41.84,85.85,50.0,4.699999999999999,91.22,99.52,12.4,6.1,9,24,63.85,67.717,1,1,0,0,0,1,0,0,1,0,0,0,1,0
S1003,45.65,68.1,66.27,4.2,55.48,90.38,25.5,4.9,8,24,44.44,51.6535,0,0,1,0,0,1,0,0,1,0,0,0,1,0
S1004,53.13,67.66,83.98,64.3,87.43,59.41,13.3,4.5,6,23,61.77,71.403,0,1,0,0,1,0,0,0,0,1,0,0,0,1
S1005,70.21,87.85,52.26,54.8,67.65,60.6,25.3,5.6,6,21,64.48,68.09,1,1,0,0,0,0,1,0,1,0,0,0,0,1
S1006,90.85,89.0,54.17,15.5,87.51,67.01,22.1,4.0,2,24,93.74,82.8575,1,1,0,1,0,0,0,1,0,0,0,1,0,0
S1007,91.72,50.72,53.83,54.8,90.04,65.91,16.7,7.8,5,19,59.47,71.36850000000001,1,1,1,0,0,1,0,0,1,0,0,0,1,0
S1008,76.97,57.19,79.08,97.4,57.57,97.83,18.1,4.8,9,21,62.75,65.8605,0,0,1,0,1,0,0,0,0,0,1,1,0,0
S1009,95.69,60.65,94.8,63.1,83.09,89.45,9.4,7.1,8,22,86.97,82.75550000000001,0,1,0,1,0,0,0,0,1,0,0,1,0,0
S1010,70.0,67.58,77.77,44.900000000000006,93.14,86.2,7.9,8.2,4,23,85.54,79.98599999999999,0,1,1,1,0,0,0,0,1,0,0,0,1,0
S1011,93.34,64.57,80.18,82.8,66.17,59.3,22.9,8.6,7,20,87.9,77.6705,0,1,0,0,0,0,1,0,1,0,0,0,1,0
S1012,67.24,83.43,67.3,21.3,54.02,95.48,26.2,6.8,9,21,97.23,70.909,1,0,0,0,0,1,0,0,1,0,0,0,0,1
S1013,56.63,91.41,50.94,41.4,51.36,91.39,23.0,7.9,5,18,87.73,66.7105,1,0,0,1,0,0,0,0,0,0,1,0,0,1
S1014,94.98,59.6,51.08,52.8,55.5,58.18,27.8,6.3,2,19,64.46,63.7,1,0,1,0,1,0,0,1,0,0,0,1,0,0
S1015,63.28,78.15,94.42,50.5,50.21,93.56,27.3,6.5,2,18,89.29,70.56700000000001,1,1,0,0,1,0,0,1,0,0,0,0,1,0
S1016,70.2,68.39,55.13,92.1,66.35,63.61,24.5,6.7,8,21,70.52,68.44149999999999,0,0,1,1,0,0,0,0,1,0,0,1,0,0
S1017,59.73,75.29,99.99,29.3,64.97,54.04,27.5,7.4,8,23,56.66,65.373,0,0,0,0,1,0,0,1,0,0,0,0,0,1
S1018,79.77,81.04,58.22,5.699999999999999,55.52,82.84,9.2,7.3,8,20,58.18,61.4295,1,1,1,1,0,0,0,0,1,0,0,1,0,0
S1019,99.7,94.68,83.73,91.6,82.56,82.69,23.3,7.9,5,20,53.43,80.2355,1,0,1,0,1,0,0,0,0,1,0,0,1,0
S1020,41.53,59.61,97.45,21.7,99.6,54.75,23.8,7.1,2,18,48.7,68.05599999999998,1,0,0,1,0,0,0,0,0,0,1,1,0,0
S1021,93.99,54.35,68.11,37.9,95.05,65.94,8.8,8.4,10,22,51.07,72.2395,1,0,0,1,0,0,0,0,1,0,0,1,0,0
S1022,40.24,81.36,86.72,53.1,62.64,99.64,27.7,7.5,8,22,43.79,59.3065,1,0,1,1,0,0,0,0,0,0,1,0,1,0
S1023,61.85,69.71,67.54,97.6,88.5,83.92,5.2,8.6,4,23,93.31,81.2455,0,1,1,0,1,0,0,1,0,0,0,0,1,0
S1024,50.12,58.15,65.25,53.5,96.84,86.5,15.9,7.8,9,20,95.86,78.4575,0,0,1,1,0,0,0,0,1,0,0,0,1,0
S1025,85.44,55.85,60.09,44.8,95.32,60.65,5.5,7.7,10,18,75.21,76.841,1,0,0,0,0,0,1,0,0,0,1,0,0,1
S1026,43.04,77.95,91.05,58.4,94.23,53.94,18.1,8.3,6,18,90.43,81.05000000000001,1,0,0,1,0,0,0,0,0,0,1,1,0,0
S1027,73.21,65.02,62.87,97.1,89.32,63.85,15.3,7.3,10,18,51.01,71.42499999999998,1,0,1,0,0,1,0,0,1,0,0,1,0,0
S1028,57.7,99.87,64.16,81.8,64.65,62.44,20.6,4.9,7,21,94.1,77.0615,0,1,0,0,0,1,0,0,0,1,0,0,1,0
S1029,48.02,70.3,99.95,16.9,54.18,61.73,24.2,4.4,3,23,70.38,62.43699999999999,0,1,1,0,0,0,1,0,0,0,1,0,1,0
S1030,86.31,60.61,66.37,80.3,74.39,59.64,24.2,5.6,2,22,44.03,66.0145,0,1,1,1,0,0,0,0,1,0,0,0,0,1
S1031,53.05,81.44,71.14,84.1,52.74,78.74,23.1,8.1,2,22,48.48,59.4345,1,1,0,0,0,1,0,0,0,1,0,0,1,0
S1032,53.42,62.21,99.5,69.1,99.92,66.41,7.5,4.1,3,21,58.54,75.3605,0,1,0,1,0,0,0,0,0,1,0,0,0,1
S1033,56.5,74.7,68.47,65.7,67.92,91.02,15.4,4.8,7,19,42.61,60.840500000000006,1,0,0,0,0,1,0,0,1,0,0,0,0,1
S1034,75.21,74.13,68.31,44.1,97.92,59.2,25.4,4.5,8,21,58.56,75.453,0,0,1,0,1,0,0,0,0,1,0,0,0,1
S1035,79.58,72.68,91.39,64.2,88.66,73.23,21.4,4.2,4,23,43.6,72.686,0,0,0,0,1,0,0,1,0,0,0,0,1,0
S1036,41.06,89.8,65.6,73.8,70.56,50.68,22.0,8.1,3,18,54.16,64.58699999999999,0,1,1,0,0,0,1,0,0,1,0,1,0,0
S1037,54.51,60.83,61.69,12.3,55.92,74.08,10.7,5.4,7,21,55.94,54.846,1,1,1,0,0,0,1,0,1,0,0,0,1,0
S1038,65.86,95.22,71.16,25.7,61.86,52.79,13.1,7.6,3,18,99.66,76.036,1,1,0,1,0,0,0,0,0,1,0,1,0,0
S1039,59.92,89.57,85.03,19.4,83.65,98.89,28.9,4.7,8,23,54.13,70.524,0,0,0,0,0,0,1,0,0,0,1,0,1,0
S1040,93.05,66.66,52.16,84.1,91.5,89.53,26.2,6.0,4,24,54.35,74.41499999999999,1,1,0,1,0,0,0,0,0,1,0,0,0,1
S1041,87.26,59.03,68.7,68.0,98.97,74.51,9.1,4.6,8,23,81.21,82.207,1,1,1,0,1,0,0,0,1,0,0,1,0,0
S1042,77.55,63.98,67.31,45.1,56.61,54.33,18.6,4.0,2,20,91.56,70.08850000000001,1,0,0,0,1,0,0,0,1,0,0,0,1,0
S1043,60.28,66.63,62.24,82.6,57.8,79.62,17.3,7.1,8,18,63.22,62.5355,1,1,1,0,0,1,0,0,0,1,0,0,1,0
S1044,82.04,77.85,82.71,71.7,52.12,87.94,16.1,6.4,8,22,92.54,74.6105,1,0,1,1,0,0,0,1,0,0,0,1,0,0
S1045,90.62,52.32,64.5,91.4,63.02,59.54,16.8,6.1,10,21,60.41,66.46950000000001,1,1,1,0,1,0,0,0,0,1,0,0,0,1
S1046,75.69,95.72,80.34,7.7,91.05,78.41,21.1,4.4,3,24,51.82,74.4005,1,1,0,0,1,0,0,0,1,0,0,0,0,1
S1047,87.07,54.93,75.22,50.9,59.91,90.71,29.2,6.9,2,23,59.78,64.285,0,0,0,1,0,0,0,0,1,0,0,1,0,0
S1048,84.95,63.96,60.86,70.7,77.39,88.41,26.9,7.9,7,18,76.56,74.3145,1,0,0,0,0,1,0,0,0,1,0,0,1,0
S1049,74.3,55.46,63.33,20.7,72.32,90.15,26.9,4.3,9,24,62.03,64.03549999999998,1,0,1,0,0,1,0,1,0,0,0,0,0,1
S1050,58.73,62.83,58.53,32.7,66.29,93.97,22.6,6.1,10,19,80.37,65.70150000000001,0,1,1,0,0,1,0,1,0,0,0,0,1,0
S1051,84.75,91.88,52.83,41.900000000000006,80.92,96.88,5.4,5.6,1,20,54.22,71.70349999999999,0,0,1,0,0,1,0,1,0,0,0,0,0,1
S1052,52.41,80.76,80.96,79.4,75.12,70.28,16.0,8.5,5,19,82.06,75.0925,0,1,0,0,1,0,0,0,0,0,1,0,1,0
S1053,86.77,61.37,83.64,49.400000000000006,66.74,78.44,17.8,5.3,3,23,60.85,68.2895,0,0,0,1,0,0,0,0,0,0,1,0,0,1
S1054,88.27,93.59,58.3,49.3,84.44,89.53,26.1,8.7,9,19,67.35,77.74349999999998,1,1,1,1,0,0,0,0,0,0,1,0,1,0
S1055,89.33,90.04,80.77,43.1,64.0,84.86,28.1,8.1,8,19,73.46,74.7025,0,0,1,0,1,0,0,0,1,0,0,0,1,0
S1056,68.37,87.68,99.1,22.9,82.16,99.78,16.3,4.5,9,20,81.17,79.403,0,0,1,0,1,0,0,0,1,0,0,0,0,1
S1057,51.55,92.38,53.72,92.3,97.86,50.68,12.5,6.4,9,20,54.32,74.5145,1,1,1,0,1,0,0,0,0,1,0,0,0,1
S1058,45.98,80.98,74.52,31.8,86.45,67.76,13.4,7.2,10,20,90.16,76.56099999999999,1,0,1,0,0,0,1,0,0,0,1,0,1,0
S1059,84.6,75.07,86.65,56.7,70.92,64.05,19.5,7.0,3,24,83.31,77.554,1,0,1,1,0,0,0,0,0,0,1,1,0,0
S1060,93.18,68.7,52.3,14.9,87.38,63.12,11.9,7.4,7,20,54.05,69.98349999999999,0,1,0,1,0,0,0,0,1,0,0,0,1,0
S1061,79.05,61.19,88.91,43.4,90.46,61.13,27.8,6.1,5,19,98.5,83.86,1,1,1,1,0,0,0,1,0,0,0,1,0,0
S1062,48.65,77.87,98.98,90.4,66.29,85.46,15.5,8.5,6,22,79.89,73.25550000000001,0,1,0,0,0,1,0,1,0,0,0,0,0,1
S1063,96.09,94.47,54.42,99.5,85.26,54.24,29.8,5.4,8,22,67.15,81.3665,1,1,1,0,1,0,0,0,1,0,0,1,0,0
S1064,99.35,79.7,91.11,36.2,71.72,87.08,7.7,4.5,10,20,49.45,71.65700000000001,1,0,1,0,1,0,0,0,0,1,0,0,1,0
S1065,66.0,95.98,68.93,15.4,90.93,84.67,9.7,8.9,8,24,71.99,77.2365,0,0,0,0,1,0,0,0,0,1,0,0,0,1
S1066,75.69,67.85,57.21,31.4,64.77,62.54,17.8,7.3,7,21,49.89,60.7255,1,1,0,0,0,0,1,0,0,0,1,0,0,1
S1067,86.63,84.76,74.66,32.7,96.89,62.64,26.7,7.3,1,18,65.77,80.31899999999999,1,1,0,1,0,0,0,0,1,0,0,1,0,0
S1068,84.18,82.43,53.58,64.5,78.74,81.44,13.8,8.1,1,23,64.52,73.3265,1,1,0,0,1,0,0,0,0,1,0,0,0,1
S1069,98.07,83.52,76.11,49.6,67.67,88.11,25.9,6.1,6,24,83.2,78.43050000000001,1,0,1,0,0,0,1,1,0,0,0,1,0,0
S1070,46.89,82.25,50.97,76.8,70.97,93.82,15.6,5.9,9,21,51.54,62.484,1,0,1,0,1,0,0,0,1,0,0,0,1,0
S1071,74.84,61.08,86.43,70.1,67.39,92.61,26.3,8.7,8,23,89.31,75.0805,0,1,1,0,0,1,0,0,0,0,1,0,0,1
S1072,81.52,57.18,74.4,25.1,57.31,98.24,11.9,5.9,1,21,59.57,61.58550000000001,0,0,1,1,0,0,0,0,0,0,1,0,1,0
S1073,93.41,98.93,72.95,78.4,53.42,79.07,16.8,4.4,8,21,66.64,72.75200000000001,1,1,0,0,0,0,1,0,0,1,0,1,0,0
S1074,92.45,52.26,59.81,84.7,66.09,95.43,12.0,5.5,5,22,86.34,73.3345,0,0,1,0,1,0,0,0,0,1,0,1,0,0
S1075,98.68,73.39,68.06,59.8,72.93,90.43,10.4,8.4,2,18,77.52,76.8655,0,0,0,1,0,0,0,0,1,0,0,0,1,0
S1076,70.72,71.25,59.09,92.8,68.09,94.73,15.5,4.5,7,21,58.48,66.8915,0,0,1,0,0,0,1,0,0,1,0,1,0,0
S1077,89.85,68.0,86.77,78.3,50.7,50.58,13.4,7.6,2,20,63.17,67.27199999999999,1,1,1,1,0,0,0,0,0,1,0,1,0,0
S1078,65.64,89.1,59.95,59.5,78.95,98.3,24.7,5.3,4,23,58.35,70.4535,1,1,0,1,0,0,0,1,0,0,0,0,1,0
S1079,65.34,87.27,80.84,90.6,57.24,73.68,23.7,7.7,4,24,75.69,71.60000000000001,1,1,1,0,0,1,0,1,0,0,0,0,1,0
S1080,55.2,95.26,63.98,60.0,60.55,89.91,14.0,6.6,5,22,59.96,65.12199999999999,0,0,1,1,0,0,0,0,1,0,0,0,0,1
S1081,89.09,69.77,82.85,52.1,56.04,56.36,29.8,7.2,6,23,83.54,72.416,0,0,0,0,0,0,1,0,0,1,0,0,0,1
S1082,99.15,78.21,77.02,35.6,76.02,69.8,29.3,5.2,2,20,74.79,77.58949999999999,1,1,1,1,0,0,0,0,0,1,0,0,1,0
S1083,55.38,94.62,71.17,88.3,54.76,63.57,27.9,4.8,8,20,48.74,62.645,1,1,1,0,0,0,1,0,0,0,1,0,0,1
S1084,43.37,99.69,83.65,12.3,62.82,64.58,19.7,4.3,9,21,58.62,63.94,0,1,1,1,0,0,0,1,0,0,0,1,0,0
S1085,88.93,98.46,70.79,47.400000000000006,72.59,56.16,15.3,8.1,3,20,53.29,72.657,0,0,0,0,1,0,0,0,0,0,1,0,0,1
S1086,77.21,85.89,91.07,53.7,58.39,90.29,12.8,7.6,7,18,63.42,69.629,1,0,0,0,0,1,0,0,0,1,0,0,0,1
S1087,97.58,57.16,86.48,55.5,72.31,50.46,5.4,5.5,4,20,70.96,74.067,0,0,1,0,1,0,0,1,0,0,0,1,0,0
S1088,55.13,51.16,77.03,65.19999999999999,67.14,65.63,20.8,8.2,10,21,70.41,64.651,0,0,1,0,0,1,0,0,0,1,0,0,1,0
S1089,44.26,91.26,93.85,50.6,93.03,58.72,18.8,8.2,4,23,85.27,81.4695,0,1,1,0,0,0,1,0,1,0,0,1,0,0
S1090,69.55,92.05,91.44,25.7,89.75,79.45,20.7,4.7,1,20,51.35,74.4315,0,0,1,0,0,1,0,0,0,0,1,0,0,1
S1091,45.13,87.32,76.59,85.7,99.64,62.71,19.4,7.6,5,22,96.79,85.901,0,1,0,1,0,0,0,1,0,0,0,1,0,0
S1092,55.71,64.0,53.42,65.8,76.45,62.95,8.4,5.5,6,24,60.57,64.666,0,0,0,1,0,0,0,1,0,0,0,0,1,0
S1093,47.56,81.99,78.3,85.8,78.77,74.42,22.4,6.3,5,22,58.01,69.68599999999999,0,1,0,0,1,0,0,0,0,1,0,0,0,1
S1094,53.45,65.81,67.76,27.6,97.33,82.63,14.0,6.2,6,22,81.11,75.5215,1,1,1,0,0,1,0,0,0,1,0,0,1,0
S1095,46.37,72.53,77.01,63.7,69.98,56.07,17.9,7.0,3,23,88.33,71.79750000000001,1,0,0,0,0,0,1,0,1,0,0,0,1,0
S1096,97.23,69.12,82.36,71.39999999999999,77.78,58.78,14.1,5.7,2,19,62.71,75.77,0,0,0,0,0,0,1,0,1,0,0,1,0,0
S1097,56.71,95.68,82.24,38.3,68.95,62.36,5.5,4.4,5,24,84.81,74.88499999999999,0,0,1,1,0,0,0,0,0,0,1,0,1,0
S1098,66.63,61.71,83.68,81.19999999999999,77.29,98.69,26.9,7.4,6,22,93.02,78.12100000000001,0,0,0,0,0,0,1,1,0,0,0,1,0,0
S1099,93.92,78.88,83.96,0.3,54.04,69.86,8.7,8.8,10,22,86.01,72.0455,1,1,1,1,0,0,0,0,0,1,0,1,0,0
S1100,80.64,68.05,55.46,59.5,89.19,79.95,19.6,7.3,6,19,42.05,68.094,1,0,1,1,0,0,0,0,0,0,1,0,0,1
S1101,77.08,83.15,59.59,61.4,99.26,62.08,27.1,6.7,5,23,89.64,85.25150000000001,0,0,1,1,0,0,0,1,0,0,0,0,1,0
S1102,82.33,78.23,81.53,53.4,53.29,74.52,10.5,4.8,2,24,86.47,72.5115,1,0,0,0,1,0,0,0,0,1,0,0,1,0
S1103,89.73,96.2,70.41,63.0,90.05,53.71,15.3,7.1,1,22,80.16,85.1355,0,0,0,0,1,0,0,0,1,0,0,0,1,0
S1104,92.66,55.08,88.14,16.7,62.09,51.74,14.4,7.1,10,21,85.6,71.837,0,0,1,1,0,0,0,1,0,0,0,0,1,0
S1105,78.56,61.03,56.25,68.5,59.88,73.44,7.2,7.1,6,23,98.77,72.645,0,0,0,1,0,0,0,0,0,1,0,0,1,0
S1106,93.4,88.32,59.58,33.6,84.67,69.93,15.6,8.5,1,24,65.87,76.7645,0,1,0,1,0,0,0,0,0,0,1,1,0,0
S1107,72.12,68.44,77.92,45.2,52.21,56.84,17.0,7.6,1,22,44.03,57.8065,0,1,1,0,0,0,1,0,0,0,1,0,0,1
S1108,56.64,58.29,75.04,33.3,73.16,84.38,5.7,7.9,6,22,67.65,65.269,0,1,0,1,0,0,0,0,1,0,0,0,0,1
S1109,92.8,75.17,63.32,47.400000000000006,50.07,99.65,17.2,5.6,1,19,42.79,59.616,0,0,0,1,0,0,0,1,0,0,0,0,1,0
S1110,72.49,82.61,70.42,62.2,77.72,69.78,7.3,5.4,2,24,57.66,71.148,1,1,1,0,0,1,0,0,0,0,1,1,0,0
S1111,94.37,52.24,51.75,83.80000000000001,73.1,81.23,27.3,5.0,1,21,75.21,72.08899999999998,0,0,1,0,0,1,0,1,0,0,0,1,0,0
S1112,42.41,64.58,51.85,48.3,95.77,98.15,21.3,7.9,7,23,58.58,67.0245,1,1,0,0,0,1,0,0,0,0,1,0,1,0
S1113,63.85,90.47,54.75,32.3,86.01,91.58,6.4,7.5,4,20,81.12,76.321,0,1,1,0,0,1,0,1,0,0,0,0,0,1
S1114,96.87,76.01,78.84,48.8,56.3,73.18,25.7,5.7,4,18,89.32,75.476,0,0,1,1,0,0,0,1,0,0,0,0,1,0
S1115,54.98,51.77,93.19,68.89999999999999,67.73,86.87,14.0,4.7,4,21,65.23,65.403,1,1,1,0,0,1,0,1,0,0,0,1,0,0
S1116,96.49,64.1,63.01,34.7,96.58,56.41,10.6,8.2,5,20,94.01,84.601,1,0,0,0,0,0,1,0,1,0,0,0,1,0
S1117,97.23,81.96,51.7,41.4,86.27,75.61,11.3,5.9,9,21,44.79,71.197,0,0,1,0,0,0,1,0,1,0,0,0,1,0
S1118,92.93,59.97,85.43,56.3,79.71,63.95,19.9,4.9,5,24,90.41,80.8085,1,1,1,0,0,1,0,1,0,0,0,0,1,0
S1119,73.82,91.37,92.77,29.4,77.95,58.06,7.0,4.7,10,20,89.71,81.338,0,1,0,0,1,0,0,0,1,0,0,1,0,0
S1120,78.82,83.83,56.91,20.9,69.9,71.31,6.5,8.6,2,24,59.32,66.93350000000001,0,1,0,0,0,0,1,0,1,0,0,0,0,1
S1121,92.18,73.57,69.29,14.0,79.26,56.55,20.7,4.7,8,20,57.92,70.74950000000001,1,1,0,0,0,0,1,0,1,0,0,0,1,0
S1122,86.55,95.78,57.94,35.3,88.58,84.95,29.5,5.8,8,21,58.31,76.06,1,1,0,0,0,1,0,0,0,0,1,0,0,1
S1123,77.81,69.59,55.32,4.8,56.38,72.81,17.1,7.2,9,19,88.68,66.96600000000001,1,0,1,0,0,1,0,0,0,1,0,0,0,1
S1124,98.94,61.75,82.41,58.3,98.49,76.56,15.3,6.0,4,21,89.9,87.2815,1,1,0,1,0,0,0,0,1,0,0,1,0,0
S1125,81.14,83.07,98.38,17.6,61.97,57.32,28.7,6.4,3,24,59.78,68.8855,0,0,1,0,0,0,1,1,0,0,0,0,1,0
S1126,98.53,78.66,83.91,37.7,72.39,56.99,11.0,8.0,10,21,75.56,77.4615,1,0,1,0,0,1,0,0,0,1,0,0,1,0
S1127,43.44,66.76,99.24,26.9,51.14,79.17,11.0,9.0,6,20,48.34,55.226,1,0,0,0,0,1,0,0,0,0,1,0,0,1
S1128,48.34,67.18,71.72,63.0,77.52,99.25,27.6,6.3,1,18,68.13,67.93849999999999,1,1,0,1,0,0,0,0,1,0,0,0,0,1
S1129,67.09,69.91,94.89,85.0,69.09,54.81,21.2,5.9,6,20,99.93,79.9985,1,1,0,0,0,0,1,0,1,0,0,0,0,1
S1130,63.09,64.56,60.25,63.3,62.49,64.29,6.3,6.0,5,22,49.53,59.467,1,1,1,0,0,1,0,0,1,0,0,1,0,0
S1131,86.96,85.51,55.9,54.3,99.28,93.47,21.8,5.8,1,21,96.85,88.172,0,0,1,1,0,0,0,0,0,0,1,1,0,0
S1132,49.64,82.57,85.13,66.9,71.41,53.61,25.5,6.4,6,23,89.46,75.47749999999999,0,1,0,0,0,1,0,1,0,0,0,0,0,1
S1133,98.57,72.04,68.57,3.0,70.71,93.79,11.8,5.7,3,21,98.33,78.39399999999999,1,1,1,0,1,0,0,1,0,0,0,1,0,0
S1134,58.9,69.89,65.88,12.3,73.16,76.21,14.6,6.3,8,19,50.77,61.16199999999999,1,1,1,0,1,0,0,0,0,1,0,1,0,0
S1135,65.74,68.25,83.56,9.5,55.81,70.41,9.9,8.7,3,24,52.81,58.875,0,0,0,0,0,1,0,0,0,1,0,1,0,0
S1136,56.48,64.17,66.67,9.8,69.65,65.48,20.8,5.4,3,23,41.01,56.402,1,0,0,0,0,0,1,1,0,0,0,0,1,0
S1137,74.76,54.28,78.63,26.0,66.82,64.86,21.6,7.3,7,20,83.48,69.43499999999999,0,1,0,0,1,0,0,0,1,0,0,1,0,0
S1138,43.52,63.41,64.97,53.2,73.26,65.29,6.7,6.4,1,19,78.65,66.83699999999999,0,1,0,1,0,0,0,1,0,0,0,0,0,1
S1139,48.98,66.06,89.19,11.5,92.83,94.24,21.9,7.7,10,21,50.68,67.269,1,1,1,0,0,1,0,0,1,0,0,0,1,0
S1140,84.75,77.38,65.62,93.5,59.64,86.19,21.5,6.4,10,20,87.47,75.31599999999999,0,0,0,1,0,0,0,0,0,0,1,0,0,1
S1141,51.19,88.69,76.75,85.39999999999999,80.39,83.49,5.9,4.8,8,20,57.95,71.5315,1,1,0,0,1,0,0,0,1,0,0,1,0,0
S1142,54.13,69.79,51.16,97.2,51.88,89.94,18.9,8.4,4,22,48.1,56.153,1,0,1,0,0,0,1,0,0,0,1,0,0,1
S1143,87.58,97.24,89.59,4.3,65.84,62.86,20.3,7.4,5,22,65.35,72.9865,0,0,0,1,0,0,0,0,1,0,0,0,0,1
S1144,45.6,91.37,81.02,85.1,73.63,80.9,15.8,6.6,5,18,45.46,66.35650000000001,0,0,1,0,1,0,0,1,0,0,0,1,0,0
S1145,66.25,99.24,59.61,80.39999999999999,53.71,73.0,27.5,8.2,4,22,55.79,64.865,1,0,1,0,1,0,0,0,0,1,0,0,0,1
S1146,41.38,93.81,60.77,90.2,77.2,89.12,13.2,8.9,1,24,62.28,69.5955,0,0,1,0,1,0,0,0,1,0,0,1,0,0
S1147,60.81,80.84,63.12,52.8,65.52,65.46,6.7,6.0,3,23,91.11,72.633,1,0,1,1,0,0,0,0,0,1,0,1,0,0
S1148,81.94,79.92,78.83,78.8,99.64,82.16,21.8,5.8,8,20,87.55,87.8815,0,1,0,0,1,0,0,0,1,0,0,1,0,0
S1149,45.41,56.48,77.42,5.1,81.55,94.11,20.1,7.8,2,22,66.57,64.38799999999999,0,0,1,0,0,1,0,1,0,0,0,0,0,1
S1150,93.3,86.12,63.69,7.6,62.21,70.11,29.7,6.3,8,18,83.47,73.1925,1,0,0,0,1,0,0,1,0,0,0,0,0,1
S1151,94.57,80.01,84.7,11.9,55.13,53.33,10.8,4.4,4,21,74.12,70.321,1,0,1,0,0,1,0,1,0,0,0,0,0,1
S1152,46.3,75.35,94.45,91.5,52.04,75.8,14.9,5.8,9,23,60.45,62.992,1,1,1,0,0,0,1,0,1,0,0,0,1,0
S1153,99.44,84.66,52.18,6.1,54.54,67.3,16.5,8.0,8,22,83.55,70.3875,0,0,0,0,0,1,0,0,0,0,1,0,0,1
S1154,57.85,72.2,70.86,10.0,84.0,83.61,26.5,7.5,8,20,81.01,72.54599999999999,1,0,1,0,0,0,1,0,1,0,0,1,0,0
S1155,45.05,76.19,79.68,93.0,92.75,97.55,15.4,8.3,4,21,77.15,77.9165,1,0,0,0,0,0,1,0,1,0,0,1,0,0
S1156,40.3,69.92,79.32,10.7,57.84,74.28,24.3,4.7,2,24,77.08,61.622,0,0,1,0,0,1,0,0,1,0,0,0,1,0
S1157,64.51,85.87,50.98,87.0,70.11,73.31,8.9,5.2,8,20,80.98,73.283,0,1,1,0,0,0,1,0,0,0,1,0,1,0
S1158,77.79,93.83,60.53,78.89999999999999,67.71,82.73,15.2,5.1,7,21,63.07,71.8215,1,0,1,0,0,1,0,0,0,1,0,0,1,0
S1159,59.93,92.04,53.09,4.0,82.23,55.17,8.9,8.9,2,24,92.14,76.0085,1,0,1,1,0,0,0,0,0,1,0,0,1,0
S1160,90.2,89.3,78.45,2.2,59.13,62.68,28.7,4.8,7,24,49.74,65.054,1,0,0,0,0,0,1,1,0,0,0,0,0,1
S1161,83.0,50.69,82.27,53.4,97.67,95.95,9.4,7.0,1,23,93.03,83.509,1,1,0,0,0,1,0,0,1,0,0,0,0,1
S1162,61.01,95.59,57.99,99.7,86.43,83.5,15.5,7.2,6,20,60.54,75.338,0,1,1,0,0,0,1,0,0,0,1,1,0,0
S1163,84.06,63.74,66.65,87.89999999999999,97.75,50.67,7.1,7.1,7,22,47.5,74.43,0,0,0,0,1,0,0,0,0,0,1,0,0,1
S1164,96.43,94.4,66.49,31.0,63.87,60.23,28.0,7.5,2,22,76.0,74.9845,1,1,0,0,0,1,0,0,0,1,0,0,1,0
S1165,45.59,59.85,90.99,38.6,79.39,84.14,20.6,6.4,2,18,62.56,66.30199999999999,1,1,1,0,1,0,0,0,0,0,1,0,1,0
S1166,58.37,71.98,59.73,38.8,86.61,88.22,29.1,4.4,8,21,88.93,75.681,1,0,0,0,0,0,1,0,0,1,0,0,1,0
S1167,67.8,87.47,77.42,73.4,85.55,91.99,6.1,7.5,2,18,65.85,76.83000000000001,0,0,1,0,0,0,1,0,0,1,0,0,1,0
S1168,69.88,82.01,89.15,34.1,51.07,64.61,9.4,5.4,10,19,80.11,68.752,1,0,0,1,0,0,0,0,1,0,0,0,0,1
S1169,72.53,70.8,91.48,14.8,99.91,96.55,14.5,4.4,2,22,58.5,75.9855,1,1,1,0,0,1,0,0,1,0,0,1,0,0
S1170,58.04,83.93,83.33,74.7,96.4,77.65,20.5,4.8,5,21,52.57,75.426,0,1,0,0,1,0,0,1,0,0,0,1,0,0
S1171,80.04,77.45,64.98,45.8,55.99,84.83,13.2,5.4,4,23,63.28,65.02850000000001,0,1,1,1,0,0,0,0,1,0,0,0,0,1
S1172,78.71,63.79,91.15,7.7,77.18,79.84,22.8,6.2,1,18,76.41,73.1315,1,1,0,0,0,0,1,0,0,0,1,0,1,0
S1173,74.67,82.32,87.11,79.0,65.73,56.14,9.1,8.3,8,23,79.42,75.7835,1,0,0,0,0,0,1,0,1,0,0,0,0,1
S1174,46.83,60.21,85.22,58.5,93.94,98.16,20.0,6.7,4,23,74.69,74.35749999999999,0,0,0,1,0,0,0,0,1,0,0,0,0,1
S1175,68.62,84.7,53.37,48.9,84.88,56.14,14.9,6.4,9,23,99.28,81.064,1,1,0,0,1,0,0,0,0,1,0,1,0,0
S1176,61.37,50.16,52.16,67.30000000000001,61.18,62.74,17.7,5.0,2,18,81.47,64.03200000000001,1,0,1,0,0,0,1,0,1,0,0,0,0,1
S1177,69.46,77.44,84.77,50.5,51.69,90.68,19.2,8.8,2,19,95.89,72.5165,0,0,0,0,0,0,1,0,0,0,1,0,1,0
S1178,95.31,70.05,97.24,64.80000000000001,64.59,80.93,6.5,8.5,6,24,47.08,68.915,0,0,1,0,0,1,0,1,0,0,0,0,0,1
S1179,68.83,65.16,88.69,86.7,51.91,91.91,28.1,8.1,2,24,43.68,59.7955,0,1,0,1,0,0,0,0,0,1,0,1,0,0
S1180,40.84,75.79,91.57,61.4,57.07,75.79,24.7,5.6,2,18,58.66,61.50750000000001,1,0,0,0,0,0,1,1,0,0,0,1,0,0
S1181,66.33,82.27,77.25,66.0,81.81,68.85,16.1,6.8,6,24,48.2,69.90799999999999,0,0,0,0,1,0,0,0,1,0,0,1,0,0
S1182,89.24,98.27,65.23,61.4,87.25,96.09,18.7,5.9,6,20,71.55,81.782,0,1,0,0,0,1,0,0,1,0,0,0,0,1
S1183,86.8,91.65,83.89,53.1,73.4,51.81,5.8,6.0,8,24,71.14,77.6165,1,0,1,1,0,0,0,0,1,0,0,0,1,0
S1184,70.8,85.86,85.6,17.2,80.01,92.81,17.4,4.4,10,22,74.5,75.547,1,0,1,0,1,0,0,0,1,0,0,0,1,0
S1185,54.99,73.95,83.77,33.6,57.79,61.54,15.7,4.7,1,18,84.71,67.9125,0,1,0,0,0,0,1,0,0,0,1,0,1,0
S1186,67.91,69.61,97.34,69.3,65.84,92.44,14.4,8.8,1,24,98.28,78.149,0,0,0,1,0,0,0,0,0,1,0,1,0,0
S1187,73.82,51.63,68.36,42.5,85.64,56.96,25.4,7.1,7,18,92.7,76.6455,1,0,1,1,0,0,0,0,1,0,0,1,0,0
S1188,99.99,67.95,51.98,40.6,68.24,79.01,9.5,4.0,9,19,47.1,64.666,1,1,0,0,1,0,0,0,1,0,0,1,0,0
S1189,78.65,92.42,95.42,75.9,67.44,94.41,9.4,8.0,7,20,60.31,74.307,0,0,0,1,0,0,0,0,0,1,0,0,1,0
S1190,81.66,69.2,58.02,0.6,59.7,73.68,18.0,4.4,4,18,55.35,60.2085,0,0,0,0,1,0,0,0,0,1,0,1,0,0
S1191,69.49,73.08,84.87,67.9,79.74,87.33,22.2,7.5,9,22,50.61,69.842,1,1,1,0,0,0,1,0,1,0,0,1,0,0
S1192,61.27,63.59,93.66,48.9,90.48,90.23,5.6,7.1,6,24,72.68,75.854,0,1,1,0,0,1,0,0,1,0,0,0,0,1
S1193,88.78,63.71,65.51,37.7,73.47,86.82,18.6,4.3,10,22,73.2,71.65050000000001,1,1,1,0,1,0,0,0,0,0,1,1,0,0
S1194,69.7,53.09,91.52,34.1,55.78,96.27,12.5,6.7,1,24,53.63,59.417,0,1,0,0,0,1,0,0,1,0,0,1,0,0
S1195,99.68,80.69,66.6,17.3,91.92,72.34,23.9,4.2,6,18,82.71,82.834,1,1,1,1,0,0,0,0,1,0,0,0,1,0
S1196,67.43,72.4,89.71,33.4,53.57,58.66,16.7,4.3,10,23,83.97,68.679,1,1,0,0,1,0,0,0,1,0,0,0,1,0
S1197,44.08,80.3,53.49,39.1,73.59,52.39,25.9,4.3,6,24,41.26,58.353,0,1,1,0,0,0,1,0,1,0,0,0,0,1
S1198,80.95,77.34,82.76,43.7,63.05,62.32,14.9,5.3,1,23,63.75,69.057,0,1,1,0,1,0,0,1,0,0,0,0,1,0
S1199,42.8,89.94,83.86,67.2,96.82,57.16,25.7,8.0,8,20,93.41,84.0555,1,0,0,0,1,0,0,0,1,0,0,0,1,0
S1200,55.03,87.55,74.57,45.4,86.88,77.9,22.9,5.8,5,22,71.22,74.983,0,1,0,0,1,0,0,0,0,0,1,1,0,0
S1201,61.22,88.57,84.35,79.6,78.32,59.25,25.7,7.2,4,23,60.86,73.5945,0,1,1,0,0,1,0,0,0,0,1,0,0,1
S1202,84.37,74.96,96.16,64.0,83.39,51.95,25.3,4.6,10,22,55.22,75.5375,0,0,1,0,0,1,0,1,0,0,0,1,0,0
S1203,69.65,67.69,86.69,19.0,76.64,51.8,17.2,8.7,1,24,54.6,66.86200000000001,1,1,1,1,0,0,0,0,0,0,1,1,0,0
S1204,41.72,96.67,98.06,27.7,57.38,91.58,14.2,6.5,5,24,45.99,60.661,0,1,1,1,0,0,0,1,0,0,0,0,0,1
S1205,77.01,52.71,72.43,7.9,85.45,79.57,24.1,4.1,1,20,89.03,74.9885,0,1,0,1,0,0,0,1,0,0,0,0,1,0
S1206,64.69,57.63,76.41,94.6,74.63,67.9,14.0,6.7,3,24,45.2,64.408,1,1,0,1,0,0,0,0,0,0,1,0,0,1
S1207,95.31,70.98,63.19,88.69999999999999,81.72,94.71,7.2,4.9,10,20,57.54,74.5985,0,0,1,0,1,0,0,0,0,0,1,1,0,0
S1208,69.97,80.7,99.28,8.5,52.26,53.51,26.5,5.0,1,23,42.74,59.31649999999999,0,1,1,0,0,1,0,0,1,0,0,0,0,1
S1209,82.54,50.41,52.76,57.400000000000006,57.1,99.02,14.9,7.0,10,24,86.88,66.93849999999999,1,1,0,0,0,1,0,1,0,0,0,0,1,0
S1210,53.13,85.97,67.93,96.0,79.47,80.81,8.3,5.1,3,18,42.36,66.889,1,1,1,0,0,1,0,0,0,1,0,0,0,1
S1211,85.66,77.94,64.88,74.7,72.97,59.17,21.2,5.1,2,21,58.5,71.279,0,1,1,0,0,1,0,0,1,0,0,1,0,0
S1212,83.26,74.24,69.33,49.2,61.34,83.95,27.2,6.7,4,19,74.4,70.02000000000001,0,0,0,1,0,0,0,0,1,0,0,1,0,0
S1213,94.24,71.17,95.89,24.1,62.04,88.17,26.5,5.2,7,21,64.57,70.35999999999999,1,1,1,0,1,0,0,1,0,0,0,1,0,0
S1214,42.03,75.97,68.4,27.9,81.58,71.47,18.9,4.6,1,21,56.94,64.644,1,0,1,0,0,1,0,0,1,0,0,1,0,0
S1215,66.85,58.09,95.85,73.60000000000001,52.95,93.08,7.2,6.0,7,22,56.51,62.0185,0,1,0,0,0,0,1,0,1,0,0,0,1,0
S1216,80.75,55.44,71.17,78.1,71.71,57.54,22.4,4.3,6,20,87.87,74.93100000000001,0,0,0,0,1,0,0,0,1,0,0,0,0,1
S1217,45.71,64.48,92.74,52.9,76.16,63.94,20.2,8.5,4,22,98.44,75.9055,0,1,0,0,0,0,1,0,0,0,1,0,0,1
S1218,64.64,85.48,76.09,12.1,65.41,54.67,10.3,6.3,9,23,60.88,65.57499999999999,1,1,0,0,1,0,0,0,0,0,1,0,0,1
S1219,96.53,79.41,65.57,93.4,91.03,60.54,27.5,4.1,7,19,42.35,75.5145,0,0,0,0,1,0,0,0,1,0,0,0,1,0
S1220,66.16,74.01,72.47,84.5,52.84,61.94,7.2,5.1,10,23,42.19,58.897000000000006,1,1,0,0,1,0,0,0,1,0,0,0,0,1
S1221,99.12,78.58,71.22,14.1,93.29,95.88,14.3,8.8,10,18,85.55,83.8565,1,1,0,0,0,0,1,1,0,0,0,0,0,1
S1222,43.41,77.96,63.0,5.699999999999999,86.16,53.91,7.4,6.5,5,19,73.14,68.92349999999999,1,0,1,0,0,1,0,0,0,0,1,0,1,0
S1223,83.07,65.35,64.48,53.6,72.31,71.37,27.8,5.8,2,22,87.02,74.839,0,1,0,0,0,1,0,0,0,1,0,1,0,0
S1224,74.86,54.87,59.32,28.4,96.22,76.62,5.9,5.6,1,24,81.85,76.14,0,1,0,0,0,0,1,1,0,0,0,1,0,0
S1225,70.03,94.84,66.8,28.3,85.11,94.93,15.6,6.1,2,24,94.45,81.971,0,1,0,0,0,1,0,0,1,0,0,0,1,0
S1226,98.25,80.0,81.22,8.7,96.55,99.88,26.5,5.1,9,22,93.15,87.547,1,0,0,1,0,0,0,0,0,1,0,0,1,0
S1227,47.78,84.89,69.33,95.3,73.63,87.67,11.3,7.7,2,23,87.3,75.51249999999999,0,0,0,0,0,1,0,1,0,0,0,1,0,0
S1228,93.76,73.2,85.62,83.0,72.65,98.54,7.6,6.5,5,22,68.51,76.67850000000001,1,1,0,1,0,0,0,0,1,0,0,0,1,0
S1229,81.47,87.82,99.35,11.4,76.54,89.36,8.2,7.8,8,22,58.49,73.483,1,0,1,1,0,0,0,0,0,1,0,0,0,1
S1230,55.54,79.22,68.86,87.69999999999999,53.27,98.16,15.1,5.3,8,21,70.42,65.071,1,0,0,1,0,0,0,0,1,0,0,0,0,1
S1231,94.1,52.69,73.13,68.3,95.42,85.36,15.7,4.0,9,18,70.12,78.9025,1,0,1,0,0,0,1,0,0,1,0,0,1,0
S1232,65.76,94.5,58.21,32.5,83.39,53.99,23.0,8.8,4,24,76.62,75.657,1,0,0,0,0,1,0,0,1,0,0,1,0,0
S1233,88.85,65.28,69.61,87.10000000000001,80.88,70.1,10.9,6.6,10,21,51.17,71.49199999999999,1,1,1,0,0,1,0,0,0,0,1,0,0,1
S1234,63.33,56.89,86.34,59.8,96.32,82.33,22.5,4.4,7,22,79.34,78.38799999999999,0,1,1,0,0,0,1,0,0,0,1,1,0,0
S1235,91.06,54.4,60.87,84.9,99.68,67.54,30.0,4.5,9,20,67.4,78.905,1,0,1,0,0,0,1,0,0,0,1,0,0,1
S1236,78.2,86.02,59.1,46.900000000000006,58.17,63.67,26.6,6.2,7,21,77.21,69.64150000000001,0,0,0,0,0,1,0,0,1,0,0,1,0,0
S1237,48.46,85.2,68.82,50.1,87.45,78.87,20.9,7.5,1,22,54.38,69.26599999999999,1,1,1,0,0,0,1,1,0,0,0,0,1,0
S1238,78.98,85.01,90.93,29.1,79.0,96.68,28.5,6.0,6,24,66.06,75.3615,0,0,1,0,0,0,1,0,1,0,0,0,0,1
S1239,51.48,95.79,81.18,38.8,73.05,51.75,29.8,8.1,2,22,52.61,67.216,0,1,0,1,0,0,0,0,0,1,0,0,0,1
S1240,64.72,67.45,97.88,56.8,98.88,88.46,19.3,5.6,7,18,92.52,85.2475,0,1,0,0,0,0,1,1,0,0,0,0,0,1
S1241,50.22,78.06,95.23,94.7,92.51,86.14,11.8,4.2,9,23,69.28,78.57300000000001,0,1,0,1,0,0,0,0,0,0,1,0,1,0
S1242,41.32,80.97,57.56,60.0,84.84,98.2,27.9,4.0,7,19,53.5,65.9265,1,1,1,0,1,0,0,0,1,0,0,0,1,0
S1243,52.71,98.97,52.13,14.7,69.13,96.54,26.1,8.3,8,21,42.47,60.0565,1,1,0,1,0,0,0,0,1,0,0,1,0,0
S1244,72.18,65.62,69.95,0.7000000000000001,83.3,88.11,7.1,8.9,2,21,80.54,72.825,1,1,1,1,0,0,0,0,0,0,1,1,0,0
S1245,68.89,97.82,76.1,85.1,76.58,76.02,28.4,4.7,10,21,52.88,73.0655,1,1,1,0,0,0,1,0,1,0,0,1,0,0
S1246,70.09,57.44,75.78,36.4,62.47,60.21,14.2,4.3,5,22,99.37,72.111,0,1,0,0,0,1,0,1,0,0,0,0,0,1
S1247,54.86,88.2,56.71,31.5,72.52,77.26,13.1,8.6,10,18,72.02,68.466,0,0,0,0,1,0,0,0,0,0,1,1,0,0
S1248,81.11,81.64,56.24,80.1,60.61,88.27,13.6,4.5,1,22,57.34,66.55950000000001,0,1,1,0,1,0,0,0,1,0,0,1,0,0
S1249,82.26,90.84,52.34,94.5,75.02,94.78,13.0,5.1,3,22,79.46,78.295,1,0,1,0,1,0,0,0,1,0,0,0,0,1
S1250,61.48,51.43,92.54,74.80000000000001,86.01,89.49,17.9,8.0,1,23,56.51,69.861,0,0,0,0,0,1,0,0,1,0,0,1,0,0
S1251,92.87,53.91,97.39,17.4,51.83,59.76,19.5,9.0,2,20,89.22,70.48,1,0,1,0,1,0,0,0,0,0,1,0,0,1
S1252,78.64,53.48,55.78,39.1,88.27,79.98,15.6,6.4,4,18,58.49,68.4545,0,0,0,0,1,0,0,0,1,0,0,0,0,1
S1253,82.78,79.65,60.66,75.9,51.0,66.61,15.3,5.1,6,21,99.29,74.348,0,0,0,0,0,1,0,0,0,0,1,1,0,0
S1254,56.64,80.15,54.49,90.7,75.86,50.46,23.4,8.2,1,19,76.31,72.338,0,1,1,0,1,0,0,0,0,1,0,1,0,0
S1255,40.04,95.31,93.88,99.9,78.67,60.01,5.1,6.0,9,21,90.66,80.9515,0,1,0,0,0,0,1,0,1,0,0,1,0,0
S1256,91.92,73.38,97.94,51.2,88.06,55.66,28.7,5.4,1,22,44.37,74.65950000000001,0,1,1,0,0,0,1,0,0,1,0,0,1,0
S1257,89.35,53.4,63.09,82.30000000000001,88.05,92.14,22.9,6.5,8,18,60.9,73.4765,1,0,1,1,0,0,0,0,1,0,0,1,0,0
S1258,47.39,60.48,65.18,4.699999999999999,70.87,62.93,22.7,8.3,1,24,84.25,65.25699999999999,0,1,0,1,0,0,0,0,1,0,0,0,1,0
S1259,62.45,50.4,68.13,28.6,53.32,64.23,15.5,5.2,1,18,79.3,60.9915,1,0,1,1,0,0,0,0,1,0,0,0,0,1
S1260,79.68,88.84,75.12,37.2,84.68,98.0,29.1,6.1,8,18,51.65,72.9665,1,1,0,0,0,0,1,0,1,0,0,0,0,1
S1261,79.13,90.78,84.12,97.6,75.55,68.95,5.0,6.2,2,20,61.37,76.786,1,0,0,0,0,0,1,0,1,0,0,1,0,0
S1262,91.62,99.9,75.22,0.3,66.65,50.48,6.9,8.2,1,21,55.81,70.2125,1,0,0,0,0,0,1,0,0,0,1,1,0,0
S1263,48.42,70.61,97.55,30.8,61.74,64.19,25.1,7.4,7,20,76.8,66.8715,1,0,0,1,0,0,0,0,0,1,0,1,0,0
S1264,65.8,50.96,54.99,93.0,55.99,55.96,23.5,7.9,1,24,60.67,59.6275,1,1,0,1,0,0,0,1,0,0,0,0,1,0
S1265,45.83,61.74,89.93,30.7,64.76,55.14,11.8,7.5,4,24,58.54,60.7265,1,0,0,1,0,0,0,0,0,0,1,0,0,1
S1266,63.38,79.39,66.72,22.5,72.92,53.87,19.9,7.0,10,23,52.44,64.1985,1,1,0,1,0,0,0,1,0,0,0,0,1,0
S1267,40.91,98.1,68.88,73.0,73.88,79.66,18.3,4.7,10,19,64.54,69.68849999999999,0,1,0,1,0,0,0,0,1,0,0,1,0,0
S1268,93.9,55.18,85.44,74.5,79.14,59.47,18.2,8.2,9,23,51.73,71.3055,0,0,0,1,0,0,0,0,1,0,0,0,1,0
S1269,71.62,56.08,96.47,47.2,68.12,68.06,19.9,7.0,10,22,97.75,76.0355,1,0,1,0,0,0,1,0,1,0,0,0,0,1
S1270,90.99,85.09,85.81,94.7,95.99,93.1,29.8,7.5,3,20,49.27,80.8425,1,1,0,0,0,1,0,0,0,0,1,1,0,0
S1271,43.59,83.36,88.79,20.3,74.79,71.22,29.7,7.9,6,20,94.8,75.0735,1,0,0,0,0,1,0,1,0,0,0,0,1,0
S1272,53.65,62.53,87.54,91.3,71.19,95.78,29.5,5.6,10,23,65.71,68.5305,0,1,1,1,0,0,0,0,0,1,0,0,0,1
S1273,55.56,90.66,66.05,75.6,52.41,74.9,18.7,6.2,9,22,62.67,63.7085,0,1,1,0,0,1,0,0,0,0,1,1,0,0
S1274,63.2,56.44,87.85,36.8,79.95,69.94,13.0,6.7,4,18,53.88,66.02600000000001,1,1,1,0,0,1,0,0,1,0,0,1,0,0
S1275,88.17,96.29,89.23,80.7,80.14,87.52,19.0,5.7,3,22,78.15,84.2065,1,1,0,0,0,0,1,0,0,0,1,1,0,0
S1276,63.19,60.05,76.67,13.3,79.16,53.66,20.6,5.3,5,21,81.13,70.8485,0,0,0,1,0,0,0,0,0,1,0,1,0,0
S1277,52.28,54.07,76.84,13.1,94.38,54.47,12.8,7.9,7,23,68.05,69.618,0,0,1,1,0,0,0,0,0,0,1,0,1,0
S1278,43.9,66.98,87.99,93.0,88.15,82.6,20.8,7.8,5,22,43.34,67.361,1,1,0,0,0,1,0,0,1,0,0,0,1,0
S1279,44.77,59.39,90.85,9.5,93.37,74.35,20.5,8.2,4,18,95.11,76.9725,1,0,1,1,0,0,0,0,0,1,0,1,0,0
S1280,85.6,76.35,66.86,0.4,52.97,89.52,27.6,7.5,1,22,98.82,71.5945,1,0,1,1,0,0,0,1,0,0,0,1,0,0
S1281,66.69,84.34,90.08,38.9,65.91,95.81,10.9,5.6,6,20,65.86,69.8455,1,0,0,1,0,0,0,0,1,0,0,0,1,0
S1282,83.57,74.55,90.71,10.4,65.94,69.42,22.4,5.6,4,19,76.82,72.29599999999999,0,1,1,1,0,0,0,0,0,0,1,0,1,0
S1283,80.94,83.03,61.71,86.30000000000001,82.85,79.82,16.3,6.6,6,20,67.02,76.69149999999999,0,1,0,0,0,1,0,0,0,1,0,1,0,0
S1284,48.12,68.25,85.85,92.3,72.43,75.03,8.2,8.2,6,24,59.31,67.212,1,1,0,0,1,0,0,0,1,0,0,1,0,0
S1285,48.57,51.4,59.33,48.2,88.87,99.08,12.9,5.7,4,19,44.64,61.1595,1,1,0,0,0,1,0,0,1,0,0,0,1,0
S1286,85.32,98.7,54.65,42.5,69.22,91.55,6.4,7.8,8,24,67.36,72.799,1,0,1,0,0,0,1,1,0,0,0,0,1,0
S1287,83.28,90.97,78.73,53.9,61.08,95.59,13.0,5.5,4,22,89.1,77.30449999999999,0,1,0,0,1,0,0,0,1,0,0,0,1,0
S1288,62.68,53.67,95.43,22.6,64.55,62.72,6.7,5.7,5,21,41.02,57.74550000000001,1,1,0,0,1,0,0,0,1,0,0,0,1,0
S1289,44.65,72.46,51.77,29.8,59.12,88.63,28.1,7.8,5,22,74.93,60.702,1,0,0,0,1,0,0,0,1,0,0,1,0,0
S1290,40.73,81.75,91.33,10.1,59.89,63.27,7.5,7.4,2,18,92.85,69.18950000000001,1,1,1,0,0,1,0,0,0,1,0,0,1,0
S1291,57.29,59.53,75.32,44.6,60.84,60.44,25.4,5.0,8,22,53.05,58.7995,0,1,1,0,0,0,1,0,0,0,1,1,0,0
S1292,40.55,78.9,93.04,61.2,50.8,97.21,27.7,8.1,8,19,51.0,58.2715,1,1,1,0,0,1,0,1,0,0,0,0,1,0
S1293,53.8,76.68,92.17,93.0,85.8,50.97,16.7,7.9,10,20,86.34,80.764,0,1,1,0,0,0,1,0,1,0,0,0,1,0
S1294,65.17,60.41,93.76,73.89999999999999,69.98,98.27,6.3,8.0,8,21,55.31,66.7295,1,1,1,0,0,1,0,0,0,0,1,0,0,1
S1295,47.28,57.06,88.44,72.30000000000001,51.13,57.46,19.9,6.4,1,24,51.52,56.329,1,0,1,0,0,1,0,0,1,0,0,0,0,1
S1296,46.26,87.95,92.15,30.8,68.5,90.97,10.9,5.6,7,22,62.68,67.1065,1,0,1,0,0,1,0,1,0,0,0,0,0,1
S1297,93.79,66.13,58.8,88.80000000000001,95.27,63.8,9.4,8.2,3,22,63.55,78.7765,0,1,0,0,1,0,0,0,1,0,0,0,1,0
S1298,75.13,62.2,65.19,94.7,75.56,67.54,19.2,6.9,1,20,92.45,77.63399999999999,1,0,1,0,0,1,0,1,0,0,0,0,0,1
S1299,96.07,86.89,62.12,93.2,99.34,60.84,13.9,8.7,5,21,77.11,87.3955,1,0,1,0,0,0,1,0,0,0,1,0,0,1
S1300,60.75,86.8,87.12,3.9,77.0,79.28,23.3,5.3,4,23,64.36,70.2295,0,0,1,0,0,0,1,0,0,1,0,1,0,0
S1301,80.63,63.82,57.68,60.4,98.14,67.4,19.8,8.9,7,24,72.06,77.9125,0,1,1,0,0,0,1,1,0,0,0,0,0,1
S1302,52.28,93.63,59.11,64.3,60.09,82.87,25.7,5.9,1,22,97.24,73.3495,0,0,0,0,1,0,0,0,0,1,0,0,0,1
S1303,77.1,84.41,93.95,29.5,64.5,50.78,6.5,5.9,1,22,46.79,66.144,1,0,1,0,0,1,0,0,1,0,0,1,0,0
S1304,47.78,67.29,85.29,99.2,85.0,53.22,10.9,5.2,8,23,52.46,69.3645,0,0,0,0,0,1,0,0,0,0,1,0,1,0
S1305,40.12,71.37,93.77,29.1,99.34,54.98,19.2,8.8,4,24,97.75,81.795,1,0,1,1,0,0,0,1,0,0,0,0,0,1
S1306,95.89,86.34,56.97,21.7,91.26,70.95,27.0,4.2,9,19,97.44,85.8545,0,1,1,0,1,0,0,0,0,0,1,1,0,0
S1307,73.29,60.58,69.95,48.4,77.69,90.74,25.3,6.4,10,19,50.63,65.46000000000001,0,1,0,0,0,0,1,0,0,1,0,1,0,0
S1308,95.62,73.44,64.16,32.3,54.26,94.41,22.0,5.8,10,18,48.71,61.8455,0,0,1,0,0,0,1,0,0,1,0,0,0,1
S1309,60.03,82.68,50.48,92.4,68.22,62.24,19.4,4.8,5,20,65.27,67.858,1,0,1,0,0,1,0,0,0,0,1,1,0,0
S1310,59.67,76.97,64.23,44.0,54.32,78.72,20.8,7.6,6,21,42.98,56.16,1,1,1,0,0,0,1,0,0,0,1,0,0,1
S1311,64.04,80.42,68.98,41.0,65.56,88.42,10.3,8.5,2,22,79.29,70.1075,1,1,0,0,0,1,0,0,0,1,0,0,1,0
S1312,82.36,77.31,54.61,62.6,62.94,64.44,19.9,5.2,3,24,44.65,62.586,1,0,1,0,0,1,0,0,0,0,1,0,0,1
S1313,73.95,59.96,78.32,8.100000000000001,69.43,70.45,17.3,6.5,7,22,43.48,60.0225,1,0,0,1,0,0,0,0,0,1,0,0,1,0
S1314,95.52,70.51,69.16,75.7,91.86,76.2,14.6,6.9,7,18,69.11,80.441,1,0,1,0,1,0,0,0,1,0,0,1,0,0
S1315,41.53,76.6,52.32,76.8,57.52,56.74,27.2,6.0,6,24,97.47,68.415,1,0,0,0,0,1,0,0,0,1,0,1,0,0
S1316,82.49,89.0,85.2,47.400000000000006,65.3,51.3,25.7,8.6,4,24,65.61,72.606,1,0,1,0,0,1,0,0,1,0,0,0,1,0
S1317,59.82,82.7,86.46,95.6,63.06,57.64,6.9,6.3,10,22,61.39,69.0695,1,1,1,0,0,1,0,0,0,1,0,0,0,1
S1318,50.81,71.33,91.72,57.9,64.81,81.34,29.6,8.9,4,20,99.88,74.801,0,1,0,1,0,0,0,0,1,0,0,0,0,1
S1319,70.62,98.72,74.28,69.5,68.03,53.68,10.7,5.5,8,18,71.92,74.693,0,0,0,0,0,1,0,0,0,1,0,0,0,1
S1320,70.3,55.39,98.43,92.4,62.22,59.48,10.4,4.4,9,20,62.51,67.61,1,0,1,0,1,0,0,0,0,0,1,1,0,0
S1321,48.22,60.34,95.7,66.6,97.13,66.89,28.6,6.9,8,18,63.15,74.1105,1,1,1,0,1,0,0,0,1,0,0,1,0,0
S1322,52.11,67.07,77.57,43.2,71.01,53.89,16.1,8.1,8,22,51.7,62.02199999999999,1,0,0,0,0,0,1,1,0,0,0,0,1,0
S1323,64.49,61.43,72.25,2.5,55.71,59.58,25.1,5.9,5,18,70.73,60.633500000000005,1,1,0,0,1,0,0,0,0,1,0,0,0,1
S1324,64.53,81.27,50.15,72.8,73.38,95.56,12.2,4.9,2,19,66.33,69.1215,0,0,1,0,0,0,1,0,0,0,1,1,0,0
S1325,59.05,51.98,85.55,96.5,59.22,50.96,26.8,7.7,10,24,56.25,61.863,0,0,1,0,1,0,0,1,0,0,0,1,0,0
S1326,48.91,58.87,78.25,47.0,60.81,82.67,25.8,5.4,2,21,49.63,56.99250000000001,1,1,0,0,0,0,1,1,0,0,0,1,0,0
S1327,40.26,64.67,96.88,34.0,64.25,69.22,18.0,7.8,2,22,58.67,61.07,0,1,1,0,0,1,0,1,0,0,0,0,1,0
S1328,98.21,84.17,79.71,51.900000000000006,56.24,83.63,22.6,5.3,6,23,70.52,72.425,0,0,0,1,0,0,0,0,1,0,0,1,0,0
S1329,96.61,93.79,99.64,72.8,86.06,79.43,29.1,6.8,10,21,43.5,78.857,1,1,1,1,0,0,0,0,0,0,1,0,1,0
S1330,69.02,89.92,92.69,0.1,89.6,61.17,16.3,8.4,5,22,49.22,72.3,1,1,1,1,0,0,0,0,1,0,0,0,1,0
S1331,99.7,59.1,97.68,88.69999999999999,69.71,92.36,17.4,5.0,4,21,96.86,83.15100000000001,1,1,1,0,0,1,0,0,0,0,1,0,1,0
S1332,80.42,78.27,66.38,88.6,84.45,74.6,23.1,8.1,4,19,72.57,78.34899999999999,1,0,1,1,0,0,0,0,0,0,1,0,0,1
S1333,44.13,51.5,57.47,54.1,69.45,91.13,14.7,5.3,8,21,43.81,54.584,0,0,1,0,1,0,0,0,1,0,0,0,0,1
S1334,47.06,65.53,89.84,12.2,58.2,70.3,29.0,7.3,10,18,81.59,64.34,1,1,0,0,0,0,1,1,0,0,0,1,0,0
S1335,94.97,90.3,89.31,67.2,69.86,99.23,6.0,5.2,2,21,43.71,71.967,0,0,0,0,0,1,0,0,0,1,0,0,0,1
S1336,77.8,72.83,60.57,13.8,77.85,88.52,15.1,4.6,5,22,84.33,73.779,1,1,0,1,0,0,0,0,1,0,0,0,0,1
S1337,90.59,57.5,88.24,50.8,52.05,98.3,22.8,7.3,7,23,85.0,70.4425,0,1,1,0,1,0,0,0,0,1,0,1,0,0
S1338,93.9,71.93,79.1,9.4,82.72,75.72,15.7,7.0,7,23,79.06,77.8355,1,1,0,0,1,0,0,1,0,0,0,0,1,0
S1339,66.88,59.9,55.48,58.9,87.13,73.68,11.5,6.0,8,20,83.93,74.6315,1,1,1,0,0,1,0,0,0,0,1,0,1,0
S1340,42.91,69.66,75.09,31.8,93.0,87.77,15.3,4.2,3,24,45.28,65.2045,0,1,1,0,0,1,0,0,1,0,0,1,0,0
S1341,51.3,74.39,96.56,83.10000000000001,55.14,94.01,27.0,6.4,2,21,83.61,70.109,0,0,1,1,0,0,0,0,1,0,0,1,0,0
S1342,43.99,67.48,75.32,80.0,50.0,98.21,18.7,4.7,8,23,48.2,55.3025,0,0,1,0,0,0,1,0,0,0,1,0,0,1
S1343,51.32,96.85,89.43,99.8,53.66,66.23,13.4,5.8,9,21,60.37,67.34899999999999,1,0,0,1,0,0,0,0,1,0,0,0,1,0
S1344,64.63,78.13,51.45,25.8,96.21,89.94,21.8,6.9,1,24,96.56,80.85199999999999,0,0,1,1,0,0,0,0,0,0,1,0,0,1
S1345,47.09,92.14,86.4,6.2,88.28,60.53,20.3,8.7,9,23,70.17,73.861,0,1,1,0,0,1,0,0,0,0,1,0,1,0
S1346,50.0,88.04,97.34,44.3,91.77,77.28,19.0,6.6,8,24,98.05,84.6985,0,0,0,1,0,0,0,1,0,0,0,0,1,0
S1347,66.75,83.06,74.98,8.299999999999999,75.85,58.99,14.8,5.0,7,21,45.34,64.4745,0,1,1,1,0,0,0,0,1,0,0,0,0,1
S1348,60.41,74.84,66.89,17.8,76.34,67.37,6.8,8.7,8,22,68.65,67.93100000000001,0,1,0,0,0,0,1,0,0,1,0,0,1,0
S1349,68.06,50.11,82.33,59.7,64.93,96.57,20.5,4.1,3,21,43.74,59.3575,0,1,0,0,1,0,0,1,0,0,0,0,1,0
S1350,65.75,80.67,95.81,59.2,92.14,57.3,15.5,7.2,2,24,77.81,81.5985,0,0,0,0,1,0,0,0,0,1,0,0,1,0
S1351,78.67,67.8,58.84,4.3,91.49,81.62,15.7,5.3,4,22,44.72,66.6965,0,0,0,0,0,0,1,0,0,0,1,0,0,1
S1352,96.23,55.89,70.18,44.3,69.61,79.65,10.9,7.8,7,22,50.52,65.564,0,1,1,0,1,0,0,0,1,0,0,0,0,1
S1353,46.47,72.23,57.81,53.0,66.46,56.04,11.2,5.7,2,20,55.53,60.0565,1,0,0,1,0,0,0,0,0,1,0,1,0,0
S1354,45.96,86.78,74.83,26.8,86.92,66.3,24.7,6.1,7,23,84.92,76.04000000000002,1,0,1,0,0,0,1,0,1,0,0,0,1,0
S1355,91.17,98.08,77.02,87.2,51.31,78.15,17.0,7.9,7,18,49.84,68.3025,0,1,1,0,0,0,1,0,0,1,0,0,1,0
S1356,70.38,68.71,97.21,16.1,93.0,59.36,7.7,8.5,10,22,90.8,81.98949999999999,1,0,0,0,0,1,0,0,1,0,0,0,1,0
S1357,85.98,77.14,70.63,25.4,72.31,90.03,6.1,4.9,9,24,47.91,66.4715,1,0,1,0,1,0,0,1,0,0,0,0,0,1
S1358,52.93,92.56,78.35,15.7,72.07,98.61,10.6,5.5,3,23,42.11,62.592,0,0,1,0,0,1,0,0,0,1,0,0,1,0
S1359,89.73,66.7,94.26,11.7,83.45,60.74,17.2,4.0,9,19,63.7,74.4355,0,1,0,1,0,0,0,1,0,0,0,0,0,1
S1360,95.43,57.11,66.07,87.89999999999999,82.29,59.35,20.4,8.3,7,21,98.77,83.26249999999999,0,1,0,0,0,0,1,1,0,0,0,0,0,1
S1361,78.13,64.09,83.71,27.8,63.3,72.75,8.6,8.7,8,24,46.62,61.739,0,0,1,1,0,0,0,0,1,0,0,0,0,1
S1362,46.35,94.96,87.86,72.30000000000001,97.16,87.39,15.8,5.4,3,19,46.1,74.2705,0,0,0,0,1,0,0,0,0,1,0,0,0,1
S1363,93.72,57.97,66.53,42.8,99.32,64.08,6.8,5.9,5,24,85.07,82.61,0,0,1,0,0,1,0,0,0,1,0,1,0,0
S1364,87.55,66.46,58.22,63.6,76.3,50.99,5.9,6.1,7,21,58.73,69.676,1,0,0,0,1,0,0,0,1,0,0,0,0,1
S1365,85.05,73.23,75.15,92.8,78.07,77.06,26.6,6.0,8,20,83.04,80.07799999999999,0,0,0,1,0,0,0,0,1,0,0,1,0,0
S1366,42.2,92.36,67.84,84.5,77.72,97.83,21.5,6.0,6,24,52.0,67.509,1,0,1,0,0,1,0,0,0,1,0,0,0,1
S1367,87.94,96.89,63.32,6.9,74.29,69.56,24.5,6.4,6,22,67.6,73.5885,0,1,1,0,1,0,0,0,0,0,1,0,0,1
S1368,48.28,71.29,98.67,84.5,97.26,71.01,9.5,4.8,5,18,55.92,75.1855,0,0,1,1,0,0,0,0,1,0,0,0,1,0
S1369,53.34,96.6,75.11,45.2,62.24,98.45,13.1,4.3,4,22,67.09,67.70649999999999,1,1,0,0,1,0,0,0,0,1,0,0,0,1
S1370,74.63,58.07,92.82,35.0,55.4,84.73,16.1,7.6,7,21,86.15,69.09449999999998,0,0,0,0,0,0,1,0,1,0,0,0,1,0
S1371,55.9,57.84,59.77,67.2,96.48,85.96,21.5,8.2,10,24,85.72,76.772,0,1,1,0,0,1,0,0,0,0,1,0,0,1
S1372,79.68,97.46,96.97,95.0,60.65,78.14,18.4,8.1,5,18,70.95,76.9505,1,1,0,0,0,1,0,0,0,1,0,1,0,0
S1373,76.48,75.48,89.72,9.4,87.46,98.73,18.8,7.1,8,22,95.7,82.399,0,1,1,0,0,1,0,1,0,0,0,1,0,0
S1374,46.49,59.3,90.43,76.8,60.19,84.44,8.9,8.8,1,18,55.83,60.766000000000005,1,0,0,0,0,0,1,1,0,0,0,1,0,0
S1375,79.36,74.4,69.49,20.4,98.01,94.75,16.9,4.0,8,21,54.42,74.041,0,1,1,0,0,1,0,0,0,0,1,0,0,1
S1376,95.44,89.16,74.28,38.0,89.56,84.97,25.6,5.6,5,20,76.83,83.09349999999999,0,1,1,0,0,0,1,0,0,0,1,0,1,0
S1377,49.67,91.35,79.67,87.4,95.94,86.76,17.7,5.6,4,20,77.28,81.592,1,1,0,0,0,1,0,0,0,0,1,0,0,1
S1378,75.82,93.2,89.49,54.6,97.55,64.52,10.0,5.7,6,24,42.79,76.9945,0,1,0,0,1,0,0,0,0,0,1,0,1,0
S1379,60.51,78.48,92.45,6.7,54.22,65.17,15.3,8.0,7,22,76.47,65.812,1,0,0,0,1,0,0,0,1,0,0,1,0,0
S1380,67.58,93.35,53.9,50.8,71.67,89.15,23.9,5.8,3,19,62.47,69.188,1,1,1,0,1,0,0,1,0,0,0,0,1,0
S1381,57.22,75.5,95.2,79.0,82.41,64.84,8.4,6.6,4,21,84.85,79.3135,1,1,1,0,1,0,0,0,0,1,0,1,0,0
S1382,61.25,80.35,96.87,52.9,90.12,78.14,19.5,7.1,7,22,88.49,82.7305,0,1,0,0,0,0,1,0,0,1,0,0,1,0
S1383,41.73,87.94,79.64,16.7,62.07,62.47,29.1,8.2,7,22,73.13,65.15299999999999,0,1,1,1,0,0,0,1,0,0,0,0,1,0
S1384,98.89,71.27,59.34,44.5,95.73,90.85,14.5,7.1,3,20,40.1,72.427,1,1,1,1,0,0,0,0,0,1,0,0,1,0
S1385,77.49,53.68,90.92,92.4,61.05,55.53,6.1,5.9,9,24,78.18,71.2475,0,0,0,0,1,0,0,1,0,0,0,1,0,0
S1386,70.04,67.51,77.43,65.8,93.31,91.47,20.8,7.5,3,18,84.93,80.891,0,1,0,1,0,0,0,0,1,0,0,1,0,0
S1387,63.02,81.2,90.86,73.0,75.64,80.14,6.2,6.6,8,21,54.94,70.79599999999999,0,0,0,1,0,0,0,1,0,0,0,1,0,0
S1388,72.36,59.62,90.74,78.60000000000001,75.77,59.35,9.8,6.6,8,18,67.88,72.502,1,0,1,0,0,1,0,0,0,1,0,1,0,0
S1389,62.81,57.42,54.34,9.1,68.7,77.1,6.2,5.7,3,23,97.94,69.0185,0,1,1,0,0,0,1,0,1,0,0,0,1,0
S1390,61.59,64.65,80.35,58.2,55.18,64.12,9.3,4.0,7,23,57.89,60.9075,1,0,1,0,1,0,0,0,0,1,0,1,0,0
S1391,67.84,51.61,74.16,37.6,67.35,66.17,26.4,5.8,3,21,53.39,60.766,0,0,1,1,0,0,0,0,1,0,0,0,0,1
S1392,56.56,87.17,97.31,13.9,71.34,67.58,23.4,5.5,2,24,52.65,66.55000000000001,0,1,1,1,0,0,0,0,0,1,0,0,1,0
S1393,50.8,62.94,64.83,20.3,73.95,53.17,13.5,4.5,7,19,73.53,65.12650000000001,1,1,0,0,1,0,0,0,1,0,0,0,0,1
S1394,73.4,56.21,60.3,78.1,86.95,99.3,27.4,5.0,8,23,96.99,79.709,0,1,1,0,0,1,0,1,0,0,0,1,0,0
S1395,90.57,84.96,94.85,16.1,67.6,51.58,21.6,8.9,9,20,76.52,76.0295,1,0,1,0,1,0,0,0,0,1,0,0,1,0
S1396,49.17,92.15,57.44,31.200000000000003,70.33,83.12,16.2,5.4,1,19,58.2,64.151,0,1,0,0,0,1,0,1,0,0,0,1,0,0
S1397,41.96,50.99,84.33,28.5,95.3,68.56,6.7,6.6,9,22,78.31,71.968,1,0,1,1,0,0,0,0,0,1,0,0,1,0
S1398,54.81,61.68,65.0,4.9,87.63,82.3,23.3,6.7,2,23,77.49,69.88,0,1,1,0,0,0,1,0,0,0,1,0,1,0
S1399,98.78,97.26,78.39,46.2,51.14,67.81,14.4,6.8,3,20,75.82,73.852,0,1,0,0,0,1,0,0,0,1,0,1,0,0
S1400,89.73,69.26,80.81,76.6,90.6,83.69,12.6,4.2,8,22,49.57,75.332,0,0,0,0,0,1,0,0,0,0,1,1,0,0
S1401,75.75,96.93,70.87,2.2,99.5,86.46,12.2,7.9,2,19,78.07,82.4665,1,1,1,0,1,0,0,0,0,1,0,0,1,0
S1402,95.75,63.71,98.75,11.3,96.99,84.53,5.2,7.7,7,21,65.81,79.90849999999999,1,0,0,1,0,0,0,0,0,1,0,0,0,1
S1403,66.72,60.9,56.59,72.0,91.8,55.7,23.6,8.9,8,22,41.12,66.222,1,0,1,0,0,0,1,0,0,0,1,0,1,0
S1404,99.0,60.71,69.57,59.400000000000006,81.46,82.84,8.6,4.9,10,18,72.39,76.419,0,1,0,0,1,0,0,0,1,0,0,1,0,0
S1405,57.78,54.26,71.52,71.5,63.91,64.0,18.0,6.8,5,21,99.36,71.546,1,0,1,0,1,0,0,1,0,0,0,1,0,0
S1406,54.42,94.82,81.55,23.0,82.72,51.44,5.4,8.0,3,21,60.98,71.752,1,1,0,0,0,0,1,0,1,0,0,0,0,1
S1407,78.28,98.99,70.36,80.39999999999999,84.78,70.74,20.7,4.6,9,19,97.93,87.56299999999999,1,1,0,1,0,0,0,0,0,1,0,0,0,1
S1408,62.69,97.73,54.85,48.0,64.08,71.68,14.2,7.9,8,19,45.77,62.61449999999999,1,1,1,0,0,0,1,0,1,0,0,0,1,0
S1409,77.58,92.6,97.37,61.0,62.77,73.36,20.8,5.3,3,20,83.95,78.1325,1,0,1,0,1,0,0,0,1,0,0,0,1,0
S1410,58.3,92.34,70.8,9.2,69.85,85.24,7.2,5.4,8,20,46.86,62.806,1,0,0,0,1,0,0,0,0,1,0,0,0,1
S1411,77.08,83.05,67.13,20.5,82.06,65.44,11.7,8.7,3,18,56.41,70.478,1,0,1,0,0,1,0,0,0,0,1,0,1,0
S1412,56.54,91.31,72.34,77.30000000000001,64.65,65.76,7.8,5.6,6,21,74.25,71.23400000000001,1,1,1,0,0,0,1,0,0,0,1,1,0,0
S1413,43.06,60.42,60.83,22.4,77.78,53.03,21.2,6.9,1,24,75.57,64.9515,1,1,1,0,0,0,1,0,0,1,0,0,1,0
S1414,94.73,69.4,55.01,9.3,94.96,84.34,7.7,6.2,4,18,86.51,80.701,1,1,0,0,0,0,1,0,0,0,1,0,1,0
S1415,92.99,82.04,57.43,59.7,64.76,78.39,20.4,4.4,8,18,76.92,73.6405,0,0,1,0,1,0,0,0,1,0,0,0,0,1
S1416,98.25,93.74,58.33,54.8,98.3,67.47,8.4,8.8,6,24,75.62,85.7665,0,0,0,1,0,0,0,1,0,0,0,1,0,0
S1417,82.99,83.02,59.88,60.8,73.67,85.26,28.6,5.1,5,24,94.74,79.71549999999999,1,1,1,0,1,0,0,1,0,0,0,0,1,0
S1418,80.96,91.95,71.0,61.8,55.05,76.87,15.4,5.3,6,24,67.13,69.42399999999999,0,1,1,0,0,1,0,0,1,0,0,0,1,0
S1419,73.54,73.7,81.19,50.0,52.75,73.46,8.2,5.9,7,19,53.52,61.91,0,0,1,0,1,0,0,0,0,0,1,1,0,0
S1420,47.56,85.87,81.44,49.400000000000006,66.93,75.57,6.0,6.5,1,18,49.71,63.135,1,0,0,0,1,0,0,1,0,0,0,1,0,0
S1421,51.35,99.0,50.0,92.4,62.94,81.82,13.2,4.7,3,18,64.0,67.05449999999999,1,0,0,0,1,0,0,0,0,0,1,1,0,0
S1422,57.37,57.67,96.05,53.4,92.19,83.0,27.3,7.1,1,22,82.77,77.8805,1,0,1,0,0,1,0,0,0,0,1,0,1,0
S1423,93.41,96.35,91.14,61.7,86.88,64.45,8.6,6.6,9,24,42.55,77.3645,0,1,0,0,0,0,1,0,1,0,0,0,0,1
S1424,50.38,76.12,98.2,26.7,94.23,57.04,24.8,5.5,4,24,47.74,70.334,1,0,1,1,0,0,0,1,0,0,0,0,1,0
S1425,95.37,82.16,68.0,87.10000000000001,79.46,57.83,15.4,7.5,2,20,46.37,73.215,0,0,0,1,0,0,0,0,0,0,1,0,1,0
S1426,71.37,93.89,83.24,2.4,71.77,81.97,25.1,6.6,5,20,75.12,73.544,1,1,1,0,0,1,0,0,1,0,0,1,0,0
S1427,82.93,70.48,58.4,55.7,63.53,93.64,26.9,8.2,2,21,54.57,64.338,0,1,0,0,0,0,1,0,1,0,0,1,0,0
S1428,46.61,70.93,90.85,38.4,79.16,70.47,29.9,8.3,7,20,49.98,64.87899999999999,0,1,1,0,0,0,1,1,0,0,0,0,1,0
S1429,56.14,76.36,58.07,60.4,80.9,58.48,6.7,8.9,4,23,75.57,71.8645,1,1,0,0,0,1,0,0,1,0,0,1,0,0
S1430,97.51,50.96,66.3,36.0,69.65,87.83,24.9,4.3,5,21,85.68,73.0155,1,0,1,0,1,0,0,0,1,0,0,0,1,0
S1431,55.97,74.83,74.54,71.8,96.83,91.62,6.7,6.0,9,24,59.93,74.69550000000001,0,1,1,0,0,0,1,0,0,1,0,1,0,0
S1432,57.79,64.55,79.73,2.0,82.0,94.03,12.9,6.5,2,22,74.69,69.6965,0,0,1,1,0,0,0,1,0,0,0,0,0,1
S1433,51.86,96.4,77.98,40.6,91.87,80.34,21.2,5.2,5,20,45.89,71.10050000000001,1,0,0,0,0,1,0,0,1,0,0,0,1,0
S1434,47.74,54.39,55.1,83.10000000000001,81.02,93.04,16.2,8.6,4,22,96.11,73.318,1,0,1,1,0,0,0,0,1,0,0,0,1,0
S1435,54.0,72.97,71.08,25.0,65.83,50.77,19.1,4.4,3,20,60.21,62.205,0,1,0,0,1,0,0,0,1,0,0,1,0,0
S1436,78.54,97.37,96.15,5.300000000000001,86.83,55.36,29.2,6.1,1,20,99.85,87.27799999999999,1,1,1,0,0,1,0,0,0,0,1,0,1,0
S1437,67.32,95.05,93.62,49.7,61.51,54.63,25.5,4.9,6,22,98.72,79.3355,0,0,0,1,0,0,0,1,0,0,0,0,1,0
S1438,73.23,85.07,79.54,97.7,79.83,85.63,14.1,7.4,7,18,86.73,82.21549999999999,1,0,1,1,0,0,0,1,0,0,0,0,1,0
S1439,47.34,79.47,78.62,6.4,70.12,53.48,20.0,7.5,1,18,41.2,58.5395,1,1,0,0,1,0,0,1,0,0,0,1,0,0
S1440,88.13,64.04,55.58,7.0,57.49,74.82,6.2,8.4,6,18,72.61,64.13300000000001,1,1,1,0,0,1,0,1,0,0,0,1,0,0
S1441,87.05,68.35,60.01,59.5,70.66,73.64,16.3,6.0,1,23,45.21,64.78649999999999,0,0,1,0,0,0,1,1,0,0,0,0,1,0
S1442,41.3,54.51,62.63,25.0,65.51,65.54,20.2,7.9,6,18,93.71,64.965,1,1,1,0,0,0,1,0,1,0,0,0,0,1
S1443,63.01,89.31,74.41,41.0,55.61,93.52,22.9,6.7,4,20,87.38,70.86699999999999,0,1,0,1,0,0,0,0,1,0,0,0,0,1
S1444,44.13,66.19,86.57,83.10000000000001,91.19,58.52,27.5,8.1,6,24,98.34,81.302,1,0,1,0,1,0,0,0,0,1,0,0,1,0
S1445,87.53,83.39,73.04,19.9,74.93,67.62,12.1,4.4,1,19,76.5,75.541,0,1,0,1,0,0,0,1,0,0,0,0,0,1
S1446,84.24,67.88,56.3,71.9,67.32,88.71,27.6,6.3,1,22,71.33,70.07149999999999,0,0,0,0,1,0,0,0,0,0,1,0,1,0
S1447,94.12,73.22,71.97,50.4,75.25,51.52,21.5,4.8,3,24,71.14,75.178,1,1,0,0,0,0,1,0,1,0,0,1,0,0
S1448,54.18,77.75,58.13,90.5,87.73,83.65,6.9,8.0,6,19,63.19,72.244,0,0,1,1,0,0,0,0,0,0,1,0,0,1
S1449,67.38,90.09,87.56,97.3,50.91,90.82,14.5,4.8,3,24,68.12,69.5445,0,0,0,1,0,0,0,0,1,0,0,0,0,1
S1450,51.07,60.56,58.33,48.5,77.34,96.61,16.9,4.0,7,23,78.12,67.7345,0,1,0,0,1,0,0,0,0,1,0,0,1,0
S1451,62.27,69.94,74.13,58.5,73.96,93.81,13.8,8.6,4,19,95.98,76.3525,0,1,0,0,0,1,0,0,1,0,0,0,1,0
S1452,71.33,56.5,84.67,74.6,94.65,65.97,7.9,6.4,9,21,75.75,78.704,1,1,0,0,1,0,0,0,1,0,0,1,0,0
S1453,43.2,53.79,61.41,31.9,77.8,79.32,18.8,8.9,7,18,91.43,68.482,1,0,1,0,0,1,0,1,0,0,0,0,0,1
S1454,82.89,80.23,53.8,22.7,56.87,53.86,8.3,6.3,4,23,91.77,70.9865,1,1,1,0,0,0,1,0,0,0,1,0,0,1
S1455,72.6,59.45,78.16,96.5,69.43,62.89,27.9,7.0,9,24,71.13,71.06,0,0,0,1,0,0,0,1,0,0,0,0,0,1
S1456,89.74,52.99,52.71,43.3,81.05,54.71,26.6,7.7,5,20,60.85,68.37299999999999,0,0,0,1,0,0,0,0,1,0,0,0,0,1
S1457,56.31,94.85,79.39,0.2,52.3,65.76,16.9,5.4,4,18,78.37,65.90549999999999,1,1,0,0,1,0,0,0,0,1,0,0,1,0
S1458,94.2,76.72,87.67,83.80000000000001,94.23,93.76,6.7,4.7,2,18,66.75,83.5515,1,0,0,0,1,0,0,0,1,0,0,1,0,0
S1459,99.92,56.73,66.47,60.0,53.39,67.36,18.8,7.3,9,19,44.89,60.384,0,0,0,0,0,0,1,0,1,0,0,0,0,1
S1460,95.16,52.67,74.42,16.9,51.53,78.09,19.8,6.6,10,21,62.67,61.588,1,0,0,0,0,0,1,0,1,0,0,1,0,0
S1461,86.67,55.99,96.44,3.0,50.1,71.67,27.2,8.1,8,18,99.64,71.133,1,1,0,0,0,1,0,0,1,0,0,0,1,0
S1462,88.74,73.57,73.56,29.1,84.19,72.95,6.7,4.2,6,24,42.91,69.142,0,1,0,0,0,0,1,0,0,0,1,0,1,0
S1463,74.42,83.42,99.83,92.8,72.8,98.48,22.3,6.7,1,24,81.8,80.589,1,1,1,0,0,0,1,0,1,0,0,0,1,0
S1464,51.41,82.06,57.85,93.3,55.14,64.81,19.1,4.9,8,22,90.47,69.63,0,1,0,0,0,0,1,0,0,1,0,1,0,0
S1465,80.62,57.22,85.45,31.1,92.81,81.37,9.4,7.1,4,22,78.92,78.349,1,1,0,0,0,0,1,0,1,0,0,1,0,0
S1466,82.77,81.67,82.63,83.6,60.14,71.0,8.0,7.8,1,18,74.18,73.696,0,1,0,0,0,1,0,0,1,0,0,0,0,1
S1467,99.12,70.24,93.62,44.2,66.32,53.06,22.3,5.3,3,19,82.45,77.4845,0,1,1,0,0,0,1,0,1,0,0,1,0,0
S1468,72.48,73.24,54.62,65.4,58.89,74.47,13.5,6.4,6,19,65.76,64.697,0,1,1,0,0,1,0,0,1,0,0,1,0,0
S1469,56.28,90.07,64.01,33.4,96.34,90.67,30.0,6.1,2,20,45.48,70.2955,0,0,0,0,1,0,0,0,1,0,0,0,0,1
S1470,81.02,66.62,56.61,51.6,87.9,54.94,27.4,7.8,8,23,97.74,81.192,0,0,0,1,0,0,0,0,0,0,1,0,1,0
S1471,98.76,57.35,96.65,29.4,86.2,53.48,19.1,7.0,5,23,65.94,76.8965,1,1,1,0,1,0,0,0,0,0,1,0,1,0
S1472,50.63,93.67,71.33,6.1,52.2,57.68,21.0,4.6,5,23,79.92,64.723,1,0,0,0,0,0,1,0,1,0,0,1,0,0
S1473,59.56,60.61,95.5,13.9,76.14,88.22,9.0,8.9,1,21,71.88,69.08249999999998,1,0,0,1,0,0,0,1,0,0,0,0,0,1
S1474,72.51,64.7,64.72,29.1,78.77,86.2,27.4,8.6,9,19,43.28,62.95949999999999,0,1,1,0,0,0,1,0,1,0,0,1,0,0
S1475,50.21,85.33,56.32,97.6,69.13,78.25,16.5,6.9,2,20,97.16,75.872,1,1,1,0,0,0,1,0,0,0,1,1,0,0
S1476,41.33,84.18,64.83,96.6,66.09,73.41,18.0,7.9,9,22,87.55,71.854,0,1,1,0,1,0,0,0,1,0,0,0,1,0
S1477,60.22,90.02,79.86,82.8,92.6,94.42,26.8,4.1,10,24,48.95,74.6795,0,1,0,0,0,0,1,1,0,0,0,0,0,1
S1478,91.92,59.19,92.26,23.3,51.15,88.33,5.2,5.0,10,23,98.9,73.1275,1,1,0,0,1,0,0,0,1,0,0,1,0,0
S1479,42.61,67.61,69.27,44.2,81.27,90.6,17.4,7.8,1,22,84.21,71.1035,0,1,1,0,0,0,1,0,0,1,0,1,0,0
S1480,65.74,56.29,95.74,44.0,69.71,90.66,20.7,4.5,10,22,68.34,68.0765,1,1,0,0,0,1,0,0,1,0,0,1,0,0
S1481,85.73,77.05,62.21,38.7,83.3,82.14,9.0,4.2,8,18,76.68,76.73299999999999,0,0,0,1,0,0,0,0,0,1,0,0,1,0
S1482,97.19,64.63,84.68,4.5,59.9,72.9,6.7,7.1,3,21,46.4,62.536,0,1,0,0,1,0,0,0,0,0,1,0,1,0
S1483,99.13,84.45,86.79,53.5,61.93,93.23,18.4,4.2,3,20,73.62,75.875,1,0,1,0,1,0,0,0,0,0,1,1,0,0
S1484,65.32,50.02,63.7,7.3,79.34,96.3,18.7,4.9,7,21,44.42,58.943,0,0,1,1,0,0,0,0,1,0,0,0,0,1
S1485,97.02,52.98,51.35,80.19999999999999,99.0,51.19,13.3,4.4,7,18,72.69,79.5175,1,1,1,0,1,0,0,0,0,0,1,0,1,0
S1486,42.13,71.63,68.26,69.1,98.73,52.58,27.1,6.7,7,20,73.16,75.25399999999999,0,1,1,1,0,0,0,0,1,0,0,1,0,0
S1487,84.76,97.91,52.26,35.3,62.45,97.94,12.5,7.4,7,20,92.47,76.244,1,0,0,0,0,1,0,0,1,0,0,0,1,0
S1488,78.56,94.54,95.04,64.7,55.12,63.86,17.9,4.9,3,19,83.5,76.11500000000001,0,1,1,0,0,0,1,0,0,1,0,0,1,0
S1489,54.97,99.7,97.68,23.3,79.52,93.67,9.7,6.3,8,21,54.97,71.732,1,0,1,0,0,1,0,0,1,0,0,1,0,0
S1490,70.44,70.84,86.77,26.5,71.0,69.44,5.3,4.1,1,21,93.31,75.8215,1,0,0,0,0,0,1,0,1,0,0,0,1,0
S1491,47.77,52.33,86.33,31.4,88.08,55.96,15.7,5.3,3,19,74.39,70.23949999999999,0,0,0,1,0,0,0,0,1,0,0,0,1,0
S1492,92.3,65.3,62.04,79.7,76.4,54.02,18.2,4.9,8,22,76.38,75.844,1,0,1,0,0,1,0,1,0,0,0,1,0,0
S1493,61.47,83.79,53.7,21.1,75.53,57.83,24.1,4.8,2,18,50.14,63.408,0,0,1,0,0,0,1,0,0,0,1,0,1,0
S1494,77.56,56.76,90.11,56.3,82.32,62.49,16.2,5.1,7,21,91.47,79.5375,0,1,1,1,0,0,0,1,0,0,0,1,0,0
S1495,49.53,65.0,77.96,20.0,56.32,74.43,12.0,8.0,4,19,95.86,66.8365,1,0,0,0,0,0,1,1,0,0,0,1,0,0
S1496,52.37,52.81,84.08,28.5,83.86,85.07,20.1,8.7,6,24,86.5,72.393,1,0,1,0,1,0,0,0,1,0,0,1,0,0
S1497,99.52,73.75,88.98,23.5,74.43,99.32,14.5,7.5,9,20,96.45,82.505,1,1,1,0,1,0,0,1,0,0,0,0,1,0
S1498,85.19,60.45,70.47,64.5,91.01,72.08,10.8,4.4,8,23,58.14,73.956,1,0,1,1,0,0,0,0,1,0,0,0,0,1
S1499,97.72,54.56,57.23,52.7,56.94,75.91,27.8,7.1,4,24,91.67,71.19949999999999,1,1,0,0,0,0,1,0,0,0,1,0,0,1
S1500,57.75,70.56,89.75,72.1,65.04,76.09,18.4,7.7,7,19,69.33,68.67099999999999,0,1,1,0,1,0,0,0,0,0,1,0,1,0
S1501,49.87,67.56,72.69,22.0,97.51,76.97,10.0,4.6,3,23,49.84,67.6965,1,0,0,0,0,1,0,1,0,0,0,0,1,0
S1502,70.18,76.88,91.35,0.8999999999999999,77.65,75.89,21.8,5.5,9,22,80.13,74.56649999999999,0,1,0,0,0,0,1,0,1,0,0,1,0,0
S1503,69.68,87.45,71.88,68.1,96.47,50.44,25.1,6.1,2,18,81.05,83.366,1,0,0,0,0,0,1,0,0,1,0,0,0,1
S1504,50.5,55.63,60.85,11.5,84.45,50.09,24.0,5.6,6,23,57.22,62.2195,1,0,0,0,1,0,0,0,0,1,0,0,0,1
S1505,83.99,89.56,58.55,24.6,96.32,54.88,20.0,6.6,5,22,41.65,72.42599999999999,1,0,1,0,1,0,0,0,1,0,0,0,1,0
S1506,61.71,51.31,87.2,30.6,65.89,55.08,18.0,4.7,4,23,51.99,59.9675,0,0,0,1,0,0,0,0,1,0,0,1,0,0
S1507,51.18,72.16,78.74,74.7,54.53,85.24,24.4,6.2,2,20,63.99,62.4665,1,0,1,0,0,0,1,0,1,0,0,0,1,0
S1508,59.92,79.37,70.23,62.6,90.11,60.25,22.7,7.7,9,20,50.05,70.592,0,1,0,0,0,1,0,1,0,0,0,0,1,0
S1509,73.82,97.85,74.61,18.4,90.22,94.74,19.3,6.3,5,20,51.64,74.1075,0,1,0,0,1,0,0,0,1,0,0,0,0,1
S1510,83.59,78.7,77.48,59.8,80.94,96.43,21.4,5.1,1,20,63.48,75.2335,0,0,0,0,0,0,1,0,1,0,0,0,1,0
S1511,68.91,57.94,61.97,70.8,78.98,98.79,9.2,8.0,5,19,97.71,76.886,1,0,0,0,1,0,0,0,1,0,0,0,0,1
S1512,71.54,75.88,68.91,38.9,95.75,96.95,5.5,6.0,7,20,85.85,81.1365,0,0,1,1,0,0,0,1,0,0,0,0,1,0
S1513,48.34,69.79,64.62,24.6,58.82,63.59,28.3,6.1,3,24,59.18,57.8525,1,0,1,0,0,0,1,0,1,0,0,0,0,1
S1514,94.88,73.97,69.42,67.9,80.83,75.49,28.4,5.8,7,20,97.1,84.1885,0,1,0,0,0,0,1,0,1,0,0,0,0,1
S1515,95.72,59.85,75.03,61.1,52.49,58.77,24.7,5.4,6,24,78.74,69.3255,1,0,0,1,0,0,0,1,0,0,0,0,0,1
S1516,81.01,75.04,58.67,7.800000000000001,57.04,90.31,14.3,7.0,7,19,67.33,63.609,0,0,1,0,0,1,0,0,0,1,0,0,0,1
S1517,41.06,57.5,69.68,66.7,71.86,94.42,8.8,4.9,9,20,68.1,63.67,1,1,0,0,1,0,0,0,1,0,0,1,0,0
S1518,72.22,87.2,69.27,48.9,91.06,92.56,13.9,7.8,2,22,64.64,76.763,1,1,1,1,0,0,0,0,1,0,0,0,0,1
S1519,77.75,79.7,64.3,75.3,86.66,71.67,23.2,6.4,2,22,53.98,73.3055,1,1,1,0,0,0,1,0,0,0,1,1,0,0
S1520,99.68,53.93,99.92,19.1,98.7,87.93,13.4,8.4,1,21,63.2,79.3985,0,1,0,1,0,0,0,0,0,0,1,1,0,0
S1521,99.76,94.48,53.68,25.8,52.24,54.88,24.9,8.7,2,22,71.67,69.3835,0,1,0,0,0,0,1,0,1,0,0,0,1,0
S1522,91.46,80.82,82.15,54.3,69.07,52.01,21.8,5.9,3,18,71.68,75.41300000000001,1,0,1,1,0,0,0,0,1,0,0,0,0,1
S1523,43.83,65.81,58.72,48.2,57.94,87.66,20.7,4.8,7,18,85.7,63.535,0,0,0,0,0,1,0,1,0,0,0,0,1,0
S1524,97.2,52.28,91.98,38.6,51.85,71.27,28.3,6.5,3,18,61.53,64.4875,0,0,1,0,0,0,1,1,0,0,0,0,1,0
S1525,76.76,81.61,95.71,74.6,63.22,99.78,27.3,5.4,8,19,83.01,76.77499999999999,0,0,0,1,0,0,0,0,0,0,1,0,0,1
S1526,88.05,68.67,70.07,56.5,62.22,54.86,22.8,6.1,3,22,74.69,70.6785,0,1,0,0,0,1,0,0,0,0,1,0,0,1
S1527,64.43,95.38,91.17,71.0,71.0,92.78,10.0,5.9,2,24,97.71,82.366,0,1,1,0,0,1,0,0,1,0,0,0,1,0
S1528,59.18,51.74,62.5,15.3,57.0,74.0,28.5,6.3,10,18,63.12,56.533,0,1,1,0,1,0,0,0,0,0,1,0,1,0
S1529,67.79,51.96,57.0,72.9,74.43,91.36,10.7,6.5,10,21,94.07,73.154,0,1,1,0,0,0,1,0,1,0,0,0,0,1
S1530,48.81,97.46,65.79,46.2,96.0,90.86,14.3,7.1,4,19,89.24,81.9395,1,1,0,0,1,0,0,0,1,0,0,1,0,0
S1531,61.42,98.24,67.08,3.4000000000000004,87.41,95.8,25.7,4.0,4,21,78.26,76.615,1,0,1,0,0,1,0,0,0,0,1,1,0,0
S1532,91.46,51.39,69.87,23.4,92.11,64.89,10.2,5.3,5,22,79.27,77.035,0,0,0,0,1,0,0,1,0,0,0,0,1,0
S1533,42.28,85.8,68.65,2.6,90.24,97.49,21.0,4.9,5,20,45.08,64.549,1,0,1,0,1,0,0,0,1,0,0,1,0,0
S1534,49.05,61.07,70.56,45.7,69.48,57.58,16.4,7.6,3,21,97.01,70.9555,1,1,0,1,0,0,0,0,1,0,0,0,1,0
S1535,47.51,85.07,85.5,32.599999999999994,85.45,54.1,20.6,8.2,1,20,46.42,67.307,1,0,1,0,1,0,0,1,0,0,0,0,0,1
S1536,64.18,93.44,62.28,98.7,87.71,71.58,29.0,7.6,8,19,73.79,79.5665,0,0,1,0,0,1,0,0,0,0,1,0,1,0
S1537,99.82,55.04,50.93,86.89999999999999,60.28,91.42,25.2,8.9,10,21,59.8,65.70100000000001,0,0,1,0,1,0,0,0,1,0,0,1,0,0
S1538,50.4,61.94,74.48,82.6,93.01,73.67,12.4,4.4,2,21,65.79,72.7795,0,1,0,0,0,0,1,0,1,0,0,1,0,0
S1539,48.73,51.2,72.41,50.1,72.89,91.46,6.4,6.3,5,23,76.61,65.755,0,1,1,1,0,0,0,1,0,0,0,1,0,0
S1540,94.9,52.19,53.0,80.7,50.82,86.48,29.2,8.5,2,19,94.53,70.27699999999999,0,1,0,0,0,1,0,1,0,0,0,0,0,1
S1541,92.92,51.48,56.69,26.7,82.17,60.47,19.6,5.6,6,19,67.45,70.17750000000001,1,0,0,0,1,0,0,1,0,0,0,0,0,1
S1542,41.93,90.03,75.5,56.1,83.84,97.44,9.3,8.0,7,18,99.26,80.11600000000001,0,0,1,0,0,0,1,0,0,0,1,0,0,1
S1543,85.1,64.91,61.74,39.3,77.59,53.04,20.7,6.8,7,22,75.57,72.81,1,1,1,0,0,1,0,0,0,0,1,1,0,0
S1544,79.33,74.66,93.88,17.1,60.62,94.91,6.1,8.9,1,21,49.63,63.935,0,0,1,0,1,0,0,1,0,0,0,0,0,1
S1545,86.06,89.39,58.66,7.3,74.11,65.22,9.7,5.9,9,21,51.4,67.6315,1,0,0,1,0,0,0,0,0,0,1,0,0,1
S1546,69.67,74.75,51.01,55.8,70.01,75.01,20.8,6.1,1,24,82.97,71.2995,0,0,0,0,1,0,0,0,1,0,0,0,0,1
S1547,99.48,71.46,72.38,9.8,98.73,71.12,15.1,4.8,8,19,43.02,73.743,0,0,1,0,0,1,0,0,0,1,0,0,1,0
S1548,42.63,50.58,99.31,71.8,91.23,58.59,13.1,4.8,1,19,68.82,72.0765,0,1,0,0,0,1,0,0,0,0,1,1,0,0
S1549,54.06,78.4,81.69,92.1,88.09,67.91,21.4,8.3,3,22,48.89,71.29249999999999,0,0,1,0,0,1,0,0,1,0,0,1,0,0
S1550,63.79,56.24,67.7,16.200000000000003,59.05,59.65,26.7,6.0,10,19,65.99,59.797,0,1,0,0,0,0,1,0,0,1,0,1,0,0
S1551,66.99,88.23,50.84,47.1,66.55,60.19,22.0,7.1,4,20,85.0,71.937,0,1,1,0,1,0,0,0,0,1,0,0,0,1
S1552,95.28,62.89,74.25,73.89999999999999,68.99,59.35,16.6,7.8,9,20,67.53,72.425,1,0,0,0,1,0,0,1,0,0,0,0,0,1
S1553,73.6,83.71,60.32,28.700000000000003,74.63,74.45,21.5,6.2,8,23,49.81,65.905,0,1,0,0,1,0,0,1,0,0,0,0,0,1
S1554,42.71,82.31,82.39,92.1,51.51,89.9,22.4,8.8,5,20,55.12,60.83,1,1,1,1,0,0,0,0,1,0,0,0,1,0
S1555,64.47,80.83,79.15,88.80000000000001,79.65,78.45,24.4,8.7,4,20,62.05,73.55749999999999,0,0,0,0,0,0,1,1,0,0,0,0,1,0
S1556,64.99,63.35,63.26,10.4,67.89,94.66,12.7,7.4,10,22,44.17,57.5065,1,1,0,0,0,0,1,0,0,1,0,0,1,0
S1557,97.93,63.35,53.44,2.7,78.08,81.83,7.9,9.0,9,21,75.06,71.86,1,0,1,1,0,0,0,0,1,0,0,0,0,1
S1558,75.95,93.15,87.75,97.6,50.45,84.47,22.0,4.0,1,20,76.45,73.26750000000001,1,0,0,0,0,0,1,0,1,0,0,0,0,1
S1559,78.14,50.64,79.27,95.6,66.07,83.38,8.0,4.0,6,23,43.73,62.7775,1,0,0,1,0,0,0,0,1,0,0,1,0,0
S1560,82.8,59.08,92.11,42.2,88.43,72.47,16.6,4.3,8,19,64.14,75.167,1,0,0,0,0,1,0,1,0,0,0,0,1,0
S1561,86.2,80.51,62.99,5.1,75.05,84.47,10.8,8.7,7,20,64.84,70.2855,1,0,1,0,0,1,0,1,0,0,0,0,0,1
S1562,78.1,90.85,82.64,61.900000000000006,89.44,53.49,13.3,7.0,8,23,60.03,78.541,0,1,0,0,0,0,1,1,0,0,0,0,1,0
S1563,54.23,67.92,55.93,29.3,84.95,92.99,16.8,8.6,3,22,73.46,69.2305,1,1,1,0,0,1,0,0,0,0,1,0,1,0
S1564,92.44,82.67,64.59,93.7,92.75,88.89,27.4,4.6,5,24,60.76,80.4255,0,1,0,0,0,1,0,0,0,0,1,0,0,1
S1565,83.93,77.86,82.83,79.5,50.37,62.26,22.0,4.2,1,24,64.98,67.88250000000001,0,1,1,0,0,1,0,0,0,0,1,0,1,0
S1566,84.51,53.23,91.28,65.0,63.07,88.4,9.3,6.7,8,24,87.85,73.92249999999999,1,0,1,0,1,0,0,0,1,0,0,0,1,0
S1567,99.79,81.09,66.05,28.5,77.44,50.63,27.0,4.9,2,19,49.73,70.8265,1,1,0,0,0,1,0,1,0,0,0,0,0,1
S1568,88.15,90.7,89.94,70.1,97.05,60.86,17.5,8.3,10,23,77.15,87.72900000000001,0,1,0,0,1,0,0,0,0,0,1,0,0,1
S1569,89.75,99.62,83.89,28.9,83.99,53.26,10.1,6.1,3,20,70.34,81.0215,1,0,0,1,0,0,0,0,1,0,0,0,1,0
S1570,97.08,51.48,67.43,3.8,72.83,89.01,18.2,7.9,10,21,58.3,65.641,1,0,0,1,0,0,0,0,0,1,0,1,0,0
S1571,49.07,83.0,93.82,50.8,56.51,87.79,9.8,6.6,2,19,83.65,69.598,1,1,1,1,0,0,0,0,0,0,1,1,0,0
S1572,69.86,70.73,75.46,48.9,74.66,90.68,14.2,6.6,1,19,73.07,71.74499999999999,1,0,1,1,0,0,0,0,1,0,0,1,0,0
S1573,74.83,50.49,82.41,76.3,72.05,50.22,25.1,7.4,2,24,68.64,69.62899999999999,1,0,1,1,0,0,0,0,1,0,0,0,0,1
S1574,59.76,80.72,74.78,86.6,88.92,75.06,21.5,5.7,10,21,80.06,79.571,1,1,1,0,0,1,0,0,0,0,1,1,0,0
S1575,90.36,56.12,72.64,35.4,70.67,85.24,16.9,8.7,2,24,88.14,74.242,1,1,1,0,0,1,0,0,0,1,0,0,0,1
S1576,85.75,68.93,92.4,44.900000000000006,65.94,57.77,10.7,6.0,6,19,98.36,79.059,0,1,0,0,0,1,0,0,1,0,0,0,1,0
S1577,83.25,63.07,64.74,47.0,54.49,82.49,12.1,6.0,4,20,77.76,66.55900000000001,1,0,0,1,0,0,0,0,0,0,1,0,0,1
S1578,99.83,68.06,51.83,32.400000000000006,52.33,54.21,29.5,7.5,10,24,92.47,70.803,0,1,0,1,0,0,0,0,0,0,1,1,0,0
S1579,55.56,74.63,93.99,74.3,71.96,59.07,13.6,7.2,4,24,40.07,64.24799999999999,0,1,0,0,1,0,0,0,1,0,0,1,0,0
S1580,84.13,67.96,91.25,52.2,67.34,73.79,20.4,9.0,1,24,71.81,72.703,0,1,1,0,0,0,1,0,1,0,0,1,0,0
S1581,73.08,77.64,68.33,91.4,77.77,82.68,17.5,8.3,10,19,52.88,70.562,0,1,0,0,0,1,0,0,1,0,0,1,0,0
S1582,58.78,61.93,59.27,65.0,85.6,57.29,5.6,5.4,2,20,45.65,64.376,1,1,0,0,0,0,1,0,1,0,0,1,0,0
S1583,49.64,81.77,83.78,21.200000000000003,52.0,59.26,28.6,4.5,3,21,71.92,62.72950000000001,0,1,0,1,0,0,0,1,0,0,0,0,1,0
S1584,93.75,92.69,53.94,16.5,74.81,60.22,7.2,4.5,9,18,84.81,77.8305,0,1,1,1,0,0,0,0,1,0,0,0,1,0
S1585,75.73,61.2,71.19,37.2,93.1,61.94,21.5,5.8,5,21,64.74,73.6335,0,1,1,1,0,0,0,0,1,0,0,0,1,0
S1586,89.5,75.39,54.29,34.7,72.76,61.33,25.3,6.4,4,20,80.21,73.778,0,0,0,0,0,0,1,0,1,0,0,0,1,0
S1587,72.72,82.43,79.9,40.7,76.06,69.76,23.7,7.2,10,22,69.38,73.4605,0,0,1,0,1,0,0,1,0,0,0,0,0,1
S1588,53.2,78.23,51.36,18.4,74.34,82.69,25.2,8.3,3,24,66.23,64.63000000000001,1,0,0,1,0,0,0,0,1,0,0,1,0,0
S1589,60.25,68.28,81.46,97.8,69.49,71.9,23.5,8.9,10,21,57.42,67.5175,1,0,1,0,1,0,0,0,1,0,0,1,0,0
S1590,62.89,82.11,83.66,14.6,55.51,88.8,16.1,6.0,1,22,62.96,63.239,0,0,0,0,1,0,0,0,1,0,0,0,1,0
S1591,98.38,51.41,74.36,65.3,56.32,85.96,27.4,6.7,1,22,60.99,65.313,1,1,1,0,0,1,0,1,0,0,0,0,1,0
S1592,40.34,68.5,58.75,1.3,58.95,56.33,27.8,7.0,10,20,78.77,59.64349999999999,1,1,1,0,0,0,1,0,1,0,0,0,1,0
S1593,99.14,76.63,55.07,40.7,89.63,52.44,15.9,6.8,8,20,46.96,72.53649999999999,0,1,0,1,0,0,0,1,0,0,0,0,0,1
S1594,98.83,51.03,65.66,30.9,63.77,93.9,17.1,4.5,10,24,45.56,61.111,0,0,1,0,1,0,0,0,0,0,1,0,0,1
S1595,99.77,75.38,73.26,38.2,97.41,53.99,17.1,4.6,9,18,79.6,84.6315,0,0,1,0,0,0,1,0,1,0,0,0,1,0
S1596,68.6,82.71,82.11,49.8,90.51,57.42,12.0,8.4,3,23,72.78,78.7455,1,1,0,0,0,0,1,1,0,0,0,1,0,0
S1597,97.83,87.96,50.06,60.0,84.23,51.11,7.9,7.4,9,19,65.81,77.596,0,0,0,1,0,0,0,0,0,1,0,0,0,1
S1598,63.74,55.67,85.55,58.4,86.02,81.42,11.5,7.4,8,21,49.15,67.48,1,1,1,0,0,1,0,0,1,0,0,0,1,0
S1599,41.58,99.53,85.64,63.1,52.38,79.12,26.1,8.1,1,20,64.66,64.7645,1,1,0,0,0,1,0,0,1,0,0,0,1,0
S1600,53.46,80.31,72.23,84.5,78.42,99.35,18.6,4.4,6,21,87.38,76.8845,1,0,1,0,1,0,0,0,1,0,0,0,1,0
S1601,96.72,68.16,67.17,88.69999999999999,97.05,94.35,26.3,6.1,9,23,93.38,88.344,0,1,1,0,0,1,0,1,0,0,0,1,0,0
S1602,40.83,62.45,92.12,73.7,51.96,70.54,23.6,5.2,4,23,82.15,64.5145,1,0,0,0,0,1,0,1,0,0,0,0,0,1
S1603,72.76,78.64,89.23,7.9,64.55,68.58,13.7,7.3,9,24,43.59,62.29050000000001,0,1,0,0,0,1,0,0,1,0,0,1,0,0
S1604,44.54,94.09,99.16,96.1,52.58,64.84,9.6,5.1,2,22,80.22,71.3445,0,1,1,0,0,0,1,1,0,0,0,0,0,1
S1605,57.18,76.03,68.6,94.7,78.49,57.62,19.2,7.5,10,24,54.46,68.73849999999999,0,0,0,1,0,0,0,0,1,0,0,1,0,0
S1606,45.29,83.07,95.34,71.2,55.81,56.9,28.4,5.9,9,19,58.92,63.821,0,0,0,0,0,0,1,0,1,0,0,0,0,1
S1607,91.57,67.88,54.37,51.7,73.96,56.61,26.0,6.2,1,18,51.75,67.065,0,0,0,0,0,0,1,0,1,0,0,1,0,0
S1608,75.46,69.41,70.57,25.1,86.0,55.71,24.1,8.1,4,21,86.55,77.48,1,0,0,1,0,0,0,0,0,0,1,0,1,0
S1609,94.13,64.31,73.27,75.6,58.22,62.03,24.1,5.7,5,19,78.92,72.06899999999999,1,1,0,0,0,0,1,0,1,0,0,1,0,0
S1610,81.3,85.28,72.04,87.8,87.77,65.33,18.2,5.3,2,18,76.71,82.0895,1,1,0,0,1,0,0,0,0,1,0,0,1,0
S1611,98.26,67.96,81.25,66.5,53.01,98.08,9.2,8.3,6,21,80.08,72.30600000000001,1,1,1,0,1,0,0,0,1,0,0,1,0,0
S1612,70.59,59.54,58.51,62.9,57.48,78.92,12.1,7.4,8,19,54.21,59.312,1,0,1,0,0,0,1,0,1,0,0,0,1,0
S1613,78.32,68.47,93.32,19.3,64.01,99.38,19.4,6.0,2,20,66.68,68.1885,0,1,0,0,0,1,0,0,1,0,0,0,1,0
S1614,74.58,92.69,77.59,35.8,89.8,68.62,12.9,6.5,9,21,78.0,81.0795,0,0,0,0,0,0,1,0,0,0,1,1,0,0
S1615,69.06,86.91,95.21,72.30000000000001,92.51,72.88,24.5,5.7,2,19,78.2,83.83449999999999,1,1,1,0,0,1,0,0,1,0,0,1,0,0
S1616,90.76,66.73,50.13,1.7000000000000002,61.02,66.23,14.3,6.8,1,23,87.51,68.905,1,0,1,0,0,0,1,0,0,0,1,1,0,0
S1617,78.67,95.34,81.5,64.1,54.79,59.14,7.8,4.7,6,18,57.23,68.201,1,1,0,0,1,0,0,0,0,0,1,1,0,0
S1618,88.08,53.74,70.62,76.7,92.4,57.16,24.6,8.4,5,19,86.22,81.44500000000001,0,1,0,0,0,1,0,0,0,0,1,1,0,0
S1619,87.18,52.49,75.25,33.5,82.47,97.25,22.5,6.8,10,20,66.41,71.494,0,1,0,0,1,0,0,0,1,0,0,0,1,0
S1620,51.46,56.37,87.19,7.6,57.89,99.34,11.3,5.9,3,24,80.21,62.693,0,0,0,0,0,0,1,0,0,0,1,0,1,0
S1621,79.01,55.82,61.36,81.89999999999999,77.89,52.25,29.5,6.9,3,21,67.34,70.6575,1,0,0,1,0,0,0,0,0,0,1,0,0,1
S1622,51.98,54.39,60.24,14.2,93.62,57.52,15.1,4.8,8,21,96.92,75.00550000000001,1,1,1,0,0,1,0,0,0,1,0,0,0,1
S1623,75.0,83.07,85.15,37.1,53.48,71.18,22.0,4.4,4,21,50.76,62.81449999999999,1,1,1,0,0,1,0,0,1,0,0,0,0,1
S1624,80.65,80.04,76.07,70.7,54.19,59.32,27.8,6.7,1,20,80.5,71.6275,1,1,1,0,0,0,1,0,0,1,0,1,0,0
S1625,99.83,82.38,61.68,81.7,63.68,68.19,8.9,4.4,4,18,74.59,75.336,0,0,0,0,0,0,1,0,1,0,0,1,0,0
S1626,41.83,84.42,74.2,86.19999999999999,82.61,56.45,27.0,7.3,6,21,50.36,68.0405,1,1,0,0,0,1,0,0,1,0,0,1,0,0
S1627,45.47,87.84,72.98,53.0,58.9,72.83,22.6,8.0,2,18,43.96,58.6045,1,1,1,1,0,0,0,0,0,1,0,1,0,0
S1628,44.62,60.36,84.57,47.6,90.82,63.58,9.2,8.9,7,19,87.95,75.81750000000001,1,0,1,0,0,0,1,1,0,0,0,0,1,0
S1629,63.9,81.12,50.13,84.80000000000001,87.52,67.6,21.6,7.8,1,23,49.45,69.6245,0,1,1,0,0,0,1,0,1,0,0,0,1,0
S1630,89.3,79.0,79.34,56.3,78.05,54.72,26.9,8.9,10,23,51.19,72.2065,0,0,0,0,0,0,1,0,1,0,0,0,1,0
S1631,90.64,97.18,80.28,57.9,55.8,71.41,25.0,4.1,9,18,98.71,80.5135,1,0,1,1,0,0,0,0,1,0,0,0,0,1
S1632,84.22,61.62,87.28,43.4,99.41,99.16,24.0,6.8,2,18,83.04,83.357,0,1,1,0,0,1,0,0,1,0,0,0,0,1
S1633,93.81,52.94,94.46,37.3,74.5,66.44,9.0,4.8,9,23,55.03,69.431,0,1,1,0,1,0,0,0,0,0,1,0,1,0
S1634,59.37,82.67,72.01,48.1,72.6,93.82,9.8,5.2,1,21,75.46,71.557,0,0,0,0,0,0,1,1,0,0,0,0,1,0
S1635,45.29,87.01,67.13,36.5,99.78,92.16,18.7,7.7,4,22,72.05,76.3295,0,1,1,1,0,0,0,0,1,0,0,0,1,0
S1636,43.49,64.16,55.12,34.4,93.19,97.6,19.5,5.3,5,22,90.67,74.00399999999999,0,0,0,0,0,1,0,0,1,0,0,0,1,0
S1637,91.13,78.54,66.84,99.4,72.82,89.51,28.6,4.9,8,20,83.76,79.8905,1,0,1,0,0,1,0,0,0,1,0,0,1,0
S1638,83.83,52.98,53.42,33.6,70.94,82.98,16.7,5.9,5,24,89.9,71.3005,1,1,1,1,0,0,0,0,1,0,0,0,0,1
S1639,81.92,98.0,90.14,25.6,54.8,92.83,12.6,4.4,1,23,52.69,66.8945,1,1,1,0,0,0,1,0,0,1,0,1,0,0
S1640,60.38,55.5,90.35,35.4,96.33,53.78,9.8,4.7,1,23,78.41,76.68849999999999,0,1,1,0,1,0,0,0,1,0,0,1,0,0
S1641,62.79,53.38,70.86,59.1,92.19,73.14,6.4,4.7,2,20,42.41,65.726,0,0,0,0,0,0,1,0,1,0,0,0,1,0
S1642,97.49,52.21,62.98,91.1,65.5,99.46,6.7,5.1,9,22,44.14,63.993,0,1,1,0,0,1,0,0,0,1,0,1,0,0
S1643,43.83,71.36,55.9,78.8,87.67,88.48,19.4,8.4,1,19,82.81,73.812,0,0,0,0,1,0,0,0,0,1,0,0,1,0
S1644,86.42,54.86,92.56,84.2,88.14,98.1,9.4,5.5,3,21,41.47,71.4675,1,0,0,0,0,0,1,0,0,1,0,0,1,0
S1645,58.58,87.23,93.87,85.9,61.4,88.98,26.3,5.4,8,21,74.79,72.671,1,0,1,0,1,0,0,0,1,0,0,1,0,0
S1646,42.34,94.94,63.31,92.1,80.68,93.74,19.9,4.6,1,19,90.42,78.337,1,0,0,1,0,0,0,1,0,0,0,1,0,0
S1647,84.55,63.01,81.09,23.5,62.75,85.33,26.6,4.1,4,19,62.8,65.943,1,1,0,0,0,0,1,0,0,1,0,1,0,0
S1648,59.85,81.44,62.93,45.8,89.49,88.03,15.7,4.8,8,22,42.69,67.29599999999999,1,0,0,0,0,1,0,0,1,0,0,0,1,0
S1649,83.33,52.12,61.26,38.5,57.69,76.16,19.9,7.6,6,20,82.83,66.383,1,0,1,0,0,1,0,0,0,1,0,0,0,1
S1650,82.46,69.33,51.06,38.2,83.45,96.21,18.1,8.8,6,19,95.78,78.7645,0,0,0,0,1,0,0,1,0,0,0,0,1,0
S1651,72.09,64.65,78.86,65.19999999999999,66.3,91.25,29.7,7.7,1,20,83.03,72.30449999999999,0,1,0,1,0,0,0,1,0,0,0,1,0,0
S1652,86.64,61.43,57.5,40.2,51.81,92.19,24.9,8.3,7,24,74.71,64.191,1,0,0,0,0,0,1,0,0,0,1,0,1,0
S1653,74.86,82.24,50.62,61.6,56.19,83.65,19.9,7.9,1,18,53.8,62.014,0,1,1,1,0,0,0,0,0,0,1,0,0,1
S1654,57.2,56.51,55.24,38.2,82.74,65.23,20.2,5.5,3,21,40.92,59.5425,1,1,1,1,0,0,0,1,0,0,0,0,0,1
S1655,84.05,93.04,65.69,31.1,62.0,51.78,11.2,7.7,1,22,81.68,73.70750000000001,1,0,1,0,1,0,0,0,0,1,0,0,1,0
S1656,75.35,83.24,83.46,35.3,81.55,96.78,23.4,7.8,8,21,53.86,71.8295,0,0,0,0,1,0,0,0,0,0,1,0,1,0
S1657,40.76,85.54,60.13,80.39999999999999,70.74,79.31,29.6,5.3,4,22,91.49,73.07249999999999,1,1,0,0,0,0,1,0,1,0,0,0,0,1
S1658,94.1,96.77,94.38,60.1,84.64,64.91,8.2,8.6,5,18,67.98,83.46050000000001,1,0,1,0,0,1,0,1,0,0,0,1,0,0
S1659,72.74,97.12,64.42,97.4,74.65,57.46,20.9,9.0,1,21,71.84,77.146,1,0,0,0,0,0,1,0,0,1,0,1,0,0
S1660,92.12,77.58,66.56,83.3,65.43,91.48,17.9,6.8,1,18,85.24,77.215,0,1,1,1,0,0,0,0,1,0,0,0,1,0
S1661,92.96,74.77,60.9,48.6,57.29,91.83,26.3,5.6,10,22,86.77,72.559,0,1,1,0,1,0,0,1,0,0,0,1,0,0
S1662,66.7,66.77,62.69,24.2,67.05,90.73,5.0,5.8,1,19,78.56,67.2545,0,1,1,1,0,0,0,1,0,0,0,1,0,0
S1663,70.46,85.78,53.71,67.4,81.74,82.25,8.4,6.9,3,24,96.31,80.7765,0,1,1,0,1,0,0,0,0,1,0,0,1,0
S1664,64.95,76.91,64.74,72.69999999999999,87.02,68.3,5.9,4.0,6,21,98.94,82.229,1,0,0,0,0,1,0,0,0,1,0,1,0,0
S1665,66.97,96.64,92.98,46.4,58.02,65.2,9.1,5.5,5,18,96.81,77.768,0,1,1,1,0,0,0,0,1,0,0,0,0,1
S1666,93.71,61.93,84.42,23.0,83.21,50.43,22.7,4.2,10,23,89.45,80.2635,0,1,0,0,1,0,0,0,0,1,0,0,1,0
S1667,87.29,65.51,93.76,55.7,58.96,91.68,8.5,7.1,7,21,82.34,73.354,0,0,0,0,0,0,1,0,1,0,0,0,0,1
S1668,47.59,65.8,55.24,25.4,61.09,54.37,20.6,7.0,1,21,79.8,62.07950000000001,1,1,1,0,0,0,1,0,0,0,1,1,0,0
S1669,76.62,90.3,72.78,94.0,76.57,81.54,26.7,7.0,8,21,46.23,71.5445,0,0,0,0,0,0,1,0,0,1,0,0,0,1
S1670,99.75,54.95,61.46,62.9,64.46,75.2,5.9,4.8,5,20,56.29,65.9065,0,1,0,1,0,0,0,0,0,1,0,0,0,1
S1671,75.73,72.78,86.06,29.2,83.08,76.33,5.7,8.7,6,18,40.34,67.3515,1,1,0,0,1,0,0,0,0,0,1,0,0,1
S1672,87.15,71.38,98.51,21.6,97.79,96.34,29.7,6.7,2,18,48.24,76.1075,1,0,0,0,1,0,0,0,0,0,1,0,0,1
S1673,86.14,53.66,90.77,71.7,57.44,51.58,21.8,6.8,9,21,66.35,67.4515,1,0,0,0,1,0,0,1,0,0,0,0,0,1
S1674,61.02,70.54,51.76,70.8,78.53,88.67,8.5,6.7,3,19,48.79,64.2065,1,1,1,1,0,0,0,1,0,0,0,0,1,0
S1675,62.31,75.67,65.83,59.7,96.16,52.6,12.7,6.6,5,21,94.1,82.63799999999999,0,1,0,0,1,0,0,0,0,0,1,0,1,0
S1676,83.44,53.26,51.43,61.4,58.83,51.91,29.6,8.7,10,20,88.34,68.452,1,1,1,0,0,1,0,0,0,0,1,0,0,1
S1677,70.0,75.49,52.01,60.4,68.34,71.49,10.7,7.0,8,22,44.3,61.6215,0,1,0,1,0,0,0,0,0,0,1,0,0,1
S1678,74.23,97.96,53.98,36.0,56.18,53.15,23.8,6.4,1,20,54.93,63.613,0,1,0,0,0,1,0,0,1,0,0,1,0,0
S1679,82.77,98.95,63.82,93.7,82.1,89.46,11.0,7.8,4,19,89.14,85.24,0,0,1,0,0,1,0,0,1,0,0,0,1,0
S1680,86.65,76.58,65.21,47.9,83.46,76.48,15.0,5.3,5,21,88.18,80.4835,0,1,0,0,0,0,1,0,1,0,0,0,1,0
S1681,56.29,75.75,70.02,2.0,83.21,51.45,27.0,5.0,6,18,96.73,76.0535,0,0,1,1,0,0,0,0,1,0,0,1,0,0
S1682,48.81,64.28,70.25,34.8,77.11,52.03,5.7,6.2,3,24,99.85,73.824,1,1,0,0,1,0,0,1,0,0,0,1,0,0
S1683,57.51,99.86,88.57,13.0,87.31,80.63,12.7,4.1,4,23,98.58,83.9505,0,0,1,0,0,1,0,0,0,0,1,0,1,0
S1684,70.45,63.71,57.07,36.3,51.79,90.31,17.2,5.5,3,21,64.61,59.3355,0,1,0,1,0,0,0,0,1,0,0,1,0,0
S1685,60.53,72.65,57.89,60.8,97.88,71.89,20.6,6.1,4,19,55.02,71.925,0,0,1,0,1,0,0,0,0,0,1,0,1,0
S1686,74.1,50.15,81.33,2.3000000000000003,61.1,77.73,5.7,6.9,7,18,85.5,66.59049999999999,1,1,1,0,0,0,1,0,0,0,1,0,0,1
S1687,43.21,67.46,78.59,87.0,56.08,89.99,15.3,6.7,9,20,57.96,60.1235,0,1,1,1,0,0,0,0,0,0,1,0,1,0
S1688,70.59,53.57,57.7,61.0,97.06,80.53,13.6,5.8,9,22,88.38,78.657,0,0,1,1,0,0,0,0,1,0,0,1,0,0
S1689,62.08,87.19,92.61,29.5,91.52,61.24,5.7,5.7,5,22,72.04,78.5925,1,0,1,1,0,0,0,0,0,0,1,0,1,0
S1690,72.08,78.05,66.45,31.1,88.24,80.65,13.9,4.0,6,24,87.64,79.1015,0,1,1,0,1,0,0,1,0,0,0,0,0,1
S1691,65.35,78.61,68.35,46.6,55.24,81.41,28.3,8.4,9,21,56.55,61.46849999999999,0,0,0,0,0,1,0,0,1,0,0,0,0,1
S1692,57.05,64.33,71.02,24.8,90.38,86.71,11.9,5.2,4,20,70.48,71.283,1,0,0,0,0,1,0,0,0,1,0,0,1,0
S1693,94.25,90.74,66.14,0.4,80.45,81.04,19.6,5.8,7,24,73.84,76.97749999999999,0,1,1,1,0,0,0,1,0,0,0,0,0,1
S1694,51.09,50.16,77.87,2.7,86.6,98.46,12.5,4.1,3,23,96.59,73.237,0,0,1,1,0,0,0,0,1,0,0,0,0,1
S1695,80.88,66.68,69.43,35.8,98.9,59.86,7.7,8.8,9,23,56.0,74.537,0,0,0,0,1,0,0,0,0,1,0,0,1,0
S1696,95.48,82.97,62.97,12.4,59.72,97.55,12.2,6.5,9,24,96.2,75.6505,0,1,0,0,0,0,1,0,0,0,1,0,0,1
S1697,72.32,95.4,95.22,2.2,75.22,76.92,16.8,4.1,10,19,88.29,79.4285,0,0,0,1,0,0,0,1,0,0,0,0,1,0
S1698,92.58,61.73,65.42,85.9,87.67,83.6,12.4,5.3,5,22,83.85,81.247,1,1,1,1,0,0,0,0,0,1,0,0,0,1
S1699,47.49,77.06,84.92,27.4,71.68,54.97,20.6,8.4,4,20,87.21,71.851,1,1,1,0,0,0,1,0,0,1,0,1,0,0
S1700,69.63,76.9,67.36,50.3,52.73,69.03,28.7,5.9,10,21,76.33,66.132,1,0,1,1,0,0,0,0,0,1,0,0,1,0
S1701,67.42,93.71,71.76,17.9,55.57,88.47,6.7,7.4,10,18,54.64,62.5715,0,0,0,0,0,1,0,0,0,0,1,1,0,0
S1702,40.49,52.53,61.8,4.699999999999999,80.1,85.35,22.9,7.1,9,21,51.37,57.2405,0,0,1,1,0,0,0,0,1,0,0,1,0,0
S1703,66.6,71.22,87.62,74.5,64.25,52.01,5.0,6.4,5,21,91.98,75.43,0,0,1,0,0,1,0,0,1,0,0,1,0,0
S1704,62.14,59.12,86.86,12.5,56.89,77.33,5.0,8.2,1,20,83.51,65.4445,1,0,1,0,1,0,0,1,0,0,0,0,0,1
S1705,80.19,51.08,51.11,2.6,66.99,54.41,8.3,4.2,2,22,52.79,58.226,0,1,0,0,1,0,0,0,0,0,1,0,1,0
S1706,96.3,57.35,53.01,58.7,60.05,99.79,17.0,8.6,10,20,76.91,68.526,0,0,0,0,0,1,0,0,1,0,0,0,1,0
S1707,45.15,98.82,96.12,1.3,51.2,94.86,6.2,7.6,7,18,66.85,63.345,0,0,0,0,0,1,0,1,0,0,0,1,0,0
S1708,59.65,60.74,94.44,43.6,57.59,51.05,23.1,8.3,3,24,49.52,59.3395,1,1,1,0,0,0,1,0,1,0,0,1,0,0
S1709,66.64,96.75,75.3,28.9,94.15,92.93,5.7,4.1,1,20,71.91,79.706,1,0,0,0,0,1,0,0,1,0,0,0,0,1
S1710,67.31,60.26,74.67,31.9,50.6,95.97,17.4,4.4,9,19,56.89,57.6,0,0,0,0,0,1,0,0,0,0,1,0,1,0
S1711,86.49,96.56,90.62,0.4,88.69,67.68,21.9,5.0,4,21,45.77,74.589,0,1,1,1,0,0,0,0,1,0,0,0,1,0
S1712,66.6,82.73,56.92,96.4,87.67,85.98,10.9,7.0,3,22,68.02,76.2175,0,0,0,0,0,0,1,0,1,0,0,0,0,1
S1713,41.63,55.66,82.68,51.7,78.21,72.11,19.5,4.5,5,23,75.41,67.762,1,1,1,0,0,1,0,0,1,0,0,0,1,0
S1714,82.61,79.1,73.8,57.3,60.42,82.76,11.5,8.7,1,18,42.81,63.33000000000001,1,0,1,0,0,1,0,0,1,0,0,1,0,0
S1715,93.09,65.93,87.17,66.6,93.9,67.02,10.4,7.7,1,23,64.13,80.10249999999999,1,0,1,0,0,1,0,0,0,0,1,1,0,0
S1716,70.83,69.16,51.51,79.80000000000001,73.75,66.13,25.5,8.0,1,21,55.46,66.12950000000001,0,0,1,1,0,0,0,1,0,0,0,0,1,0
S1717,74.87,72.01,79.64,60.8,58.66,71.22,13.3,6.9,7,20,41.84,61.094,1,1,0,1,0,0,0,0,0,1,0,1,0,0
S1718,49.78,71.14,77.84,76.2,71.45,57.28,25.3,7.2,7,23,47.54,63.05200000000001,0,1,1,1,0,0,0,0,1,0,0,0,1,0
S1719,53.24,83.21,92.04,44.900000000000006,59.75,91.56,10.4,5.1,9,19,48.34,61.9265,0,1,0,0,1,0,0,0,0,0,1,0,1,0
S1720,54.11,88.42,83.84,37.1,68.8,67.43,13.9,8.6,5,20,50.97,65.00099999999999,1,0,0,1,0,0,0,0,0,0,1,0,0,1
S1721,65.84,66.46,94.01,82.30000000000001,74.83,70.01,7.6,7.2,2,21,88.2,77.86000000000001,0,1,0,0,0,1,0,0,0,1,0,0,0,1
S1722,95.69,96.22,94.36,86.5,68.0,94.7,17.4,6.1,9,23,66.37,79.53999999999999,1,1,1,1,0,0,0,1,0,0,0,0,1,0
S1723,71.31,96.92,70.41,13.8,82.85,74.83,14.5,8.4,4,24,48.83,70.02799999999999,0,0,1,1,0,0,0,1,0,0,0,1,0,0
S1724,51.53,52.03,56.87,54.3,96.8,77.21,5.1,8.3,5,18,46.02,64.481,0,0,1,0,0,0,1,0,1,0,0,0,0,1
S1725,55.97,50.75,81.51,68.4,67.41,97.82,16.6,4.0,1,23,57.88,62.272000000000006,1,1,0,0,0,1,0,0,1,0,0,1,0,0
S1726,63.04,71.25,93.69,8.4,67.79,94.34,6.9,8.6,2,24,87.88,72.2395,0,0,1,1,0,0,0,0,1,0,0,0,1,0
S1727,77.4,79.53,53.75,93.0,86.92,58.47,25.9,5.8,8,24,61.87,75.108,0,0,1,0,1,0,0,1,0,0,0,1,0,0
S1728,66.4,63.9,77.9,52.0,76.53,73.66,17.3,6.1,2,23,49.59,65.2915,0,1,1,0,0,0,1,0,1,0,0,0,1,0
S1729,63.55,62.97,55.75,64.5,71.44,98.56,22.3,4.4,8,22,64.25,65.2725,0,0,0,1,0,0,0,0,1,0,0,1,0,0
S1730,73.88,83.92,51.35,17.8,90.69,68.62,25.5,8.4,1,23,73.32,75.232,0,0,1,0,0,0,1,0,1,0,0,0,1,0
S1731,54.51,80.09,83.98,26.4,94.55,68.58,6.3,6.7,9,21,41.78,68.718,0,0,0,0,0,0,1,0,0,1,0,0,0,1
S1732,44.73,58.36,84.09,12.1,79.53,59.75,13.4,8.5,9,24,77.66,67.7515,0,1,1,0,1,0,0,0,1,0,0,0,0,1
S1733,41.46,94.23,80.03,26.4,59.26,55.72,5.6,7.9,9,18,63.71,63.382,0,0,1,0,1,0,0,0,1,0,0,1,0,0
S1734,55.08,84.0,92.96,49.2,73.31,87.02,6.2,8.5,6,21,40.58,64.756,1,0,0,0,1,0,0,0,1,0,0,1,0,0
S1735,45.5,68.13,54.04,83.4,75.22,88.5,5.9,8.7,2,19,80.43,69.292,1,1,0,0,0,1,0,0,0,1,0,0,0,1
S1736,60.18,84.18,55.26,53.4,71.61,98.45,16.9,8.4,1,20,82.74,72.018,0,0,1,0,0,0,1,0,0,1,0,0,0,1
S1737,86.38,55.63,93.23,24.4,63.12,88.67,16.3,5.0,6,23,77.73,70.213,0,0,0,1,0,0,0,1,0,0,0,0,1,0
S1738,82.98,73.41,75.16,4.5,73.62,62.17,6.5,4.4,4,22,60.52,68.41550000000001,1,0,0,0,1,0,0,0,0,1,0,0,0,1
S1739,76.66,58.45,63.65,62.2,72.33,52.01,11.6,7.1,8,18,71.78,69.38550000000001,0,1,1,0,1,0,0,0,0,1,0,0,1,0
S1740,91.15,52.07,86.91,42.0,60.47,99.27,11.1,4.8,8,22,63.23,66.2225,1,0,0,0,0,0,1,1,0,0,0,0,0,1
S1741,56.92,66.92,94.72,98.4,95.17,67.02,12.4,8.3,2,22,82.04,82.029,1,1,0,0,0,0,1,0,0,1,0,0,1,0
S1742,93.1,57.54,84.48,78.0,94.27,65.6,21.0,8.7,2,22,75.01,81.97749999999999,1,0,0,0,0,0,1,0,0,0,1,0,1,0
S1743,63.95,81.68,89.6,80.8,87.98,95.3,22.4,4.6,4,23,44.91,72.46600000000001,0,0,1,1,0,0,0,0,0,0,1,0,1,0
S1744,64.05,83.7,64.12,1.2,70.05,79.25,13.5,5.2,9,18,78.59,69.297,0,1,1,0,0,1,0,0,0,0,1,1,0,0
S1745,64.32,57.43,64.44,77.8,68.52,60.74,24.7,7.1,6,18,81.23,69.46000000000001,0,1,1,0,0,1,0,0,0,1,0,0,1,0
S1746,45.89,51.23,93.21,19.5,85.82,94.45,15.4,7.6,7,24,62.24,66.17,1,1,1,0,1,0,0,0,1,0,0,0,0,1
S1747,98.53,89.64,80.74,58.6,80.41,99.67,18.1,6.6,3,22,92.55,86.49,1,1,1,0,0,1,0,0,1,0,0,0,0,1
S1748,48.31,50.1,61.71,44.7,80.03,54.33,8.6,5.8,7,24,90.58,69.8215,1,1,1,1,0,0,0,1,0,0,0,0,0,1
S1749,60.45,67.2,76.21,57.2,56.21,93.11,10.8,5.5,3,24,50.51,59.119,0,0,1,0,0,1,0,0,1,0,0,0,1,0
S1750,59.16,74.73,84.29,13.3,80.91,69.53,23.2,7.3,2,20,94.26,77.0155,1,0,1,1,0,0,0,0,1,0,0,1,0,0
S1751,44.48,90.93,60.93,45.7,95.09,76.2,29.4,7.7,2,23,66.45,73.829,1,0,1,0,1,0,0,1,0,0,0,0,1,0
S1752,49.14,91.93,82.75,3.7,54.29,95.74,22.6,5.4,9,23,83.42,66.7625,0,1,1,0,0,0,1,0,0,0,1,1,0,0
S1753,42.69,86.25,52.11,4.1,66.96,98.67,6.4,5.6,7,21,88.85,67.05749999999999,1,1,0,1,0,0,0,1,0,0,0,1,0,0
S1754,57.54,62.36,65.18,65.8,75.45,63.11,8.6,6.3,5,24,70.31,68.0055,1,0,0,0,0,0,1,0,1,0,0,0,0,1
S1755,92.0,86.01,83.7,95.2,84.3,60.64,16.1,6.3,3,23,63.95,81.109,0,1,1,0,1,0,0,0,1,0,0,0,0,1
S1756,60.37,62.33,57.47,77.69999999999999,54.48,54.03,23.3,8.2,8,22,94.93,68.11349999999999,0,1,0,1,0,0,0,1,0,0,0,0,0,1
S1757,47.42,60.73,61.11,46.900000000000006,93.64,78.09,9.1,6.2,2,19,53.85,66.233,1,1,1,1,0,0,0,0,0,1,0,0,1,0
S1758,78.74,77.36,93.95,5.6000000000000005,52.03,50.68,23.8,8.9,3,22,55.42,62.554,0,1,0,0,0,1,0,0,1,0,0,0,0,1
S1759,99.8,83.94,83.72,4.5,92.88,70.59,18.9,5.6,5,18,61.7,79.447,1,1,1,1,0,0,0,0,1,0,0,0,0,1
S1760,53.94,52.65,74.95,15.8,51.38,53.67,24.4,7.5,1,23,91.57,62.580000000000005,0,0,1,0,1,0,0,1,0,0,0,0,1,0
S1761,56.77,53.0,60.54,97.6,57.68,70.26,18.9,7.8,6,23,96.33,68.786,1,0,0,0,0,0,1,0,1,0,0,0,1,0
S1762,98.31,89.21,67.07,39.900000000000006,90.02,52.0,20.1,7.2,2,21,53.2,77.136,0,1,0,1,0,0,0,0,0,1,0,1,0,0
S1763,50.73,92.97,78.72,84.3,93.01,91.76,11.2,5.8,7,24,91.83,84.50250000000001,1,1,0,0,1,0,0,0,0,1,0,1,0,0
S1764,70.67,80.22,57.77,70.5,99.11,60.49,23.0,5.3,7,19,55.49,75.541,0,0,1,0,1,0,0,1,0,0,0,0,1,0
S1765,54.38,71.44,74.09,60.5,55.79,66.42,26.1,7.0,1,23,98.24,70.604,0,0,1,1,0,0,0,0,1,0,0,0,1,0
S1766,95.94,92.27,70.45,94.8,76.32,93.5,26.8,7.3,4,21,75.84,81.8725,0,0,0,0,0,1,0,0,0,0,1,1,0,0
S1767,98.89,86.44,73.83,23.0,53.86,87.31,5.7,5.3,1,21,40.43,62.598,0,1,1,1,0,0,0,0,0,1,0,0,0,1
S1768,88.88,78.98,55.28,45.5,57.82,60.95,20.6,5.7,10,19,42.05,60.84049999999999,0,1,0,1,0,0,0,0,0,1,0,1,0,0
S1769,58.89,65.99,55.32,86.5,58.72,53.59,29.7,8.3,7,22,48.85,58.4175,0,0,1,0,0,1,0,0,0,0,1,0,0,1
S1770,64.21,59.9,98.21,55.2,53.17,85.78,19.7,8.1,5,22,51.25,59.961,0,0,0,0,1,0,0,1,0,0,0,1,0,0
S1771,54.54,70.93,98.97,24.6,94.65,69.54,9.3,4.9,8,22,86.06,79.85749999999999,1,1,1,1,0,0,0,0,1,0,0,0,0,1
S1772,93.45,64.34,71.31,20.9,56.32,88.3,26.9,8.7,1,20,53.37,62.083,1,0,1,0,0,1,0,1,0,0,0,1,0,0
S1773,94.87,66.96,89.45,75.3,81.47,72.26,11.6,7.1,10,24,98.15,85.963,0,0,1,0,0,0,1,0,1,0,0,0,0,1
S1774,65.13,75.78,82.79,1.3,81.29,67.3,6.1,6.5,4,24,78.17,73.41,0,0,0,0,0,0,1,0,1,0,0,1,0,0
S1775,79.39,58.45,55.85,91.4,59.93,72.56,15.8,5.0,9,22,81.55,69.19749999999999,1,1,0,0,0,1,0,0,0,0,1,0,1,0
S1776,49.93,90.31,64.83,1.7999999999999998,99.92,87.43,7.5,7.7,10,19,53.07,70.8525,1,0,0,0,1,0,0,0,1,0,0,1,0,0
S1777,66.1,57.28,65.68,63.1,67.37,95.11,7.9,8.6,1,20,93.56,71.831,0,0,0,0,0,1,0,0,1,0,0,0,1,0
S1778,77.89,74.05,79.79,60.5,95.25,52.49,16.6,4.3,3,24,80.07,82.3875,1,1,1,0,1,0,0,0,0,0,1,1,0,0
S1779,63.12,87.3,79.0,57.8,97.41,76.21,20.3,6.6,2,22,91.86,85.541,1,1,0,0,0,0,1,0,0,0,1,0,1,0
S1780,61.46,74.25,96.18,47.400000000000006,97.45,51.64,27.6,8.4,9,20,97.39,85.92699999999999,0,1,0,1,0,0,0,0,0,0,1,1,0,0
S1781,40.06,68.05,89.5,85.19999999999999,87.64,73.42,22.6,8.8,10,19,47.54,67.6035,0,1,1,0,0,1,0,0,0,0,1,1,0,0
S1782,88.26,73.74,92.84,65.9,62.69,94.26,26.1,4.4,5,22,45.8,67.136,0,1,1,0,0,0,1,0,0,0,1,0,1,0
S1783,93.36,92.43,94.56,78.2,56.03,68.08,15.3,8.0,6,18,88.2,80.0935,1,0,0,1,0,0,0,0,0,1,0,0,1,0
S1784,98.17,99.52,90.06,11.6,78.49,96.62,13.0,5.4,8,23,91.97,85.779,0,0,0,0,0,0,1,0,1,0,0,0,1,0
S1785,83.16,81.56,66.64,5.0,68.0,81.53,19.8,6.7,9,19,75.03,70.7795,0,1,0,0,0,1,0,0,0,0,1,0,0,1
S1786,72.93,89.67,60.75,2.9,91.55,96.71,22.4,7.9,8,21,61.96,73.56500000000001,1,1,1,0,0,1,0,0,1,0,0,1,0,0
S1787,56.16,50.72,78.59,14.7,87.25,87.86,19.2,6.7,8,21,79.16,70.591,0,0,1,1,0,0,0,0,1,0,0,0,0,1
S1788,99.96,94.02,84.48,66.7,63.82,55.17,11.6,4.6,1,19,58.34,74.611,1,0,0,0,0,1,0,0,0,1,0,0,0,1
S1789,75.39,97.7,69.33,49.400000000000006,50.85,61.56,14.2,7.0,10,21,54.3,64.1965,1,1,0,0,0,0,1,0,0,0,1,0,0,1
S1790,80.87,78.76,92.42,75.19999999999999,61.87,69.71,16.2,4.6,1,24,69.29,72.83,1,1,0,1,0,0,0,0,0,1,0,0,0,1
S1791,80.94,87.69,98.03,19.2,78.36,58.51,5.4,5.7,8,19,52.97,72.808,1,0,0,1,0,0,0,1,0,0,0,0,1,0
S1792,90.72,75.64,78.47,36.7,53.95,74.75,27.0,6.8,1,18,69.02,68.07600000000001,1,1,1,0,0,0,1,0,1,0,0,0,1,0
S1793,40.58,64.31,72.83,88.80000000000001,82.91,73.57,17.8,9.0,5,19,97.4,76.67949999999999,1,1,1,0,1,0,0,0,0,0,1,0,0,1
S1794,53.21,92.61,92.14,93.6,83.58,97.81,23.8,7.6,4,22,90.39,83.4385,0,1,0,1,0,0,0,0,1,0,0,0,0,1
S1795,79.93,79.84,51.21,92.2,58.47,71.69,9.3,5.5,5,22,96.5,75.3625,0,1,0,0,1,0,0,0,1,0,0,0,1,0
S1796,93.71,78.97,56.45,81.8,79.82,89.28,18.9,8.4,8,20,88.38,81.678,0,0,1,0,0,0,1,1,0,0,0,0,1,0
S1797,81.12,82.96,92.28,68.8,80.35,97.1,28.2,5.1,10,21,61.29,76.7075,1,0,1,0,0,0,1,0,1,0,0,0,0,1
S1798,64.81,92.8,86.6,91.4,73.9,93.85,10.4,5.9,8,23,88.72,81.22149999999999,0,1,0,1,0,0,0,0,1,0,0,0,0,1
S1799,61.69,86.6,70.81,71.39999999999999,97.66,60.43,13.6,7.2,4,21,95.37,86.035,1,1,1,0,0,1,0,0,1,0,0,0,1,0
S1800,84.28,60.56,94.44,95.4,55.41,74.8,14.7,6.1,8,24,96.82,76.768,0,1,1,1,0,0,0,1,0,0,0,0,1,0
S1801,84.47,73.34,67.57,2.5,70.33,67.39,14.6,7.6,10,19,80.99,71.89999999999999,1,0,1,0,0,1,0,1,0,0,0,1,0,0
S1802,76.42,99.01,81.69,92.2,94.15,69.99,20.0,7.3,5,23,52.68,80.5085,0,0,1,0,1,0,0,0,0,0,1,1,0,0
S1803,57.49,77.73,81.72,55.6,69.32,68.04,14.8,7.3,4,23,42.38,62.62599999999999,1,1,0,0,0,1,0,0,1,0,0,1,0,0
S1804,95.51,96.91,59.22,11.2,71.23,91.32,21.9,6.1,7,21,48.83,68.9215,0,1,1,1,0,0,0,0,1,0,0,1,0,0
S1805,73.11,90.67,64.24,21.5,83.41,72.61,17.1,4.3,3,23,97.93,81.5715,1,1,0,0,0,1,0,1,0,0,0,0,0,1
S1806,87.43,83.3,95.8,85.19999999999999,83.28,76.18,8.9,8.4,5,23,67.73,81.366,0,1,1,0,0,0,1,1,0,0,0,0,1,0
S1807,52.86,67.47,59.17,50.6,51.15,99.12,28.7,4.4,5,22,91.3,64.6665,1,0,1,0,1,0,0,0,1,0,0,0,0,1
S1808,60.64,65.22,58.68,98.3,72.78,53.0,11.0,6.3,5,18,67.9,68.471,0,0,0,0,0,0,1,0,1,0,0,1,0,0
S1809,92.47,82.17,73.98,11.8,66.68,74.4,19.1,5.5,2,19,79.65,74.10050000000001,0,1,1,0,0,0,1,0,0,0,1,1,0,0
S1810,43.01,71.63,54.61,41.3,81.38,88.7,6.5,5.5,10,21,41.45,59.49849999999999,0,1,0,0,0,0,1,0,0,0,1,0,0,1
S1811,70.74,89.94,94.73,33.2,77.79,57.56,28.0,5.1,7,22,54.99,72.3195,1,0,0,0,0,0,1,0,1,0,0,0,0,1
S1812,68.9,88.02,55.01,51.6,82.54,80.58,28.2,5.4,10,24,66.18,72.92599999999999,1,1,1,0,0,1,0,0,0,0,1,0,1,0
S1813,85.07,65.61,80.83,63.3,82.69,61.97,14.1,8.8,7,24,77.84,78.11699999999999,1,1,0,0,0,0,1,0,0,0,1,1,0,0
S1814,56.91,85.14,66.99,66.2,62.74,93.37,8.0,8.9,8,20,50.29,62.711,1,0,0,0,0,1,0,0,0,1,0,1,0,0
S1815,53.14,74.73,90.21,0.1,62.32,66.35,24.2,6.9,7,23,85.87,68.37,1,0,1,0,0,0,1,0,1,0,0,0,0,1
S1816,95.57,66.16,79.49,8.9,68.51,66.45,11.6,6.6,1,23,61.86,68.6715,0,0,0,1,0,0,0,0,0,0,1,0,1,0
S1817,74.3,70.65,69.42,3.5,62.1,79.91,22.5,4.2,9,21,89.05,69.752,1,0,1,0,0,0,1,0,0,1,0,0,0,1
S1818,46.28,94.77,99.19,86.5,84.14,59.18,27.9,8.0,4,18,45.88,72.1135,0,1,0,1,0,0,0,0,0,1,0,0,0,1
S1819,51.58,67.98,53.31,31.3,80.14,64.24,19.8,4.9,1,18,80.79,69.0695,0,0,0,0,0,1,0,0,0,0,1,0,0,1
S1820,99.93,64.37,78.89,36.7,60.82,70.83,26.5,4.7,10,21,57.6,67.015,1,1,1,0,1,0,0,1,0,0,0,1,0,0
S1821,51.74,67.59,99.48,45.0,94.21,67.68,10.6,6.1,2,21,87.72,80.2905,0,0,0,0,0,1,0,0,0,0,1,0,1,0
S1822,76.63,60.73,84.55,84.9,73.03,76.24,27.8,5.7,8,22,64.13,71.24549999999999,1,1,1,0,1,0,0,0,0,0,1,0,0,1
S1823,65.21,77.23,86.99,1.4,56.35,79.98,10.7,4.5,8,24,79.92,67.02,1,1,1,0,1,0,0,0,1,0,0,0,0,1
S1824,93.14,57.37,51.6,11.9,60.65,78.33,10.6,4.7,9,21,96.06,70.54150000000001,1,0,0,0,0,0,1,1,0,0,0,0,1,0
S1825,85.31,90.87,51.07,68.5,76.99,82.71,27.0,9.0,9,24,41.24,68.366,0,0,0,0,1,0,0,0,1,0,0,1,0,0
S1826,75.82,61.28,51.81,96.4,66.92,65.39,18.9,7.7,10,20,40.67,60.8095,1,0,1,0,0,1,0,0,0,0,1,0,0,1
S1827,40.64,79.9,99.59,64.3,92.56,56.32,25.0,7.0,8,24,86.22,80.578,1,0,1,0,0,0,1,0,0,0,1,0,0,1
S1828,92.79,56.25,98.98,26.1,74.74,88.04,25.1,5.5,4,22,78.78,75.676,1,0,0,0,1,0,0,0,1,0,0,1,0,0
S1829,66.68,98.92,66.73,52.0,95.76,92.54,21.2,6.1,10,23,57.58,77.236,0,1,0,0,0,1,0,0,1,0,0,1,0,0
S1830,95.89,72.73,64.55,97.5,55.09,62.85,9.7,7.1,7,23,69.66,70.565,1,0,1,0,1,0,0,0,0,1,0,1,0,0
S1831,69.73,91.11,57.3,52.8,83.43,70.35,22.3,7.9,9,24,42.52,68.155,0,0,0,0,1,0,0,1,0,0,0,0,0,1
S1832,81.65,88.43,66.46,37.400000000000006,94.29,74.93,6.6,8.7,6,23,51.55,75.2025,0,1,1,0,0,0,1,0,1,0,0,1,0,0
S1833,44.16,85.68,68.51,38.3,64.65,76.67,10.0,4.6,6,23,65.47,64.0045,1,0,0,0,0,0,1,0,0,0,1,0,0,1
S1834,84.71,91.37,87.41,96.7,56.78,82.97,21.1,5.0,1,19,90.04,79.532,0,1,1,0,0,1,0,0,0,1,0,1,0,0
S1835,60.28,55.02,93.31,71.9,72.83,52.08,27.7,6.8,10,20,68.78,69.265,0,1,0,0,0,0,1,0,1,0,0,0,0,1
S1836,61.08,83.92,87.34,68.7,98.07,86.07,24.3,8.7,9,22,75.18,82.135,1,0,0,0,0,0,1,0,0,0,1,1,0,0
S1837,47.12,63.29,82.32,23.2,81.67,53.1,13.3,6.3,2,22,92.43,73.562,1,1,0,1,0,0,0,0,1,0,0,0,0,1
S1838,48.81,89.29,88.3,55.9,82.2,73.41,25.6,7.2,3,23,58.53,71.63250000000001,1,0,1,1,0,0,0,1,0,0,0,0,1,0
S1839,51.15,97.84,86.92,35.7,83.58,91.38,29.2,5.5,5,18,82.04,78.4095,0,0,0,0,0,1,0,0,1,0,0,1,0,0
S1840,59.69,95.07,73.79,24.0,51.99,72.56,13.3,8.1,5,22,91.7,70.315,1,1,1,0,0,0,1,0,1,0,0,1,0,0
S1841,93.52,55.75,66.79,89.60000000000001,72.28,57.45,9.7,7.0,5,20,52.16,68.2735,0,0,1,0,0,1,0,0,1,0,0,0,1,0
S1842,62.1,68.48,64.14,38.3,53.88,99.25,9.9,5.9,4,21,61.39,59.4275,0,0,0,1,0,0,0,1,0,0,0,0,0,1
S1843,83.46,68.22,83.97,28.3,65.79,94.46,15.0,6.7,5,20,98.79,76.99849999999999,0,0,0,1,0,0,0,1,0,0,0,0,1,0
S1844,44.96,56.11,97.97,93.2,91.08,88.57,6.3,7.5,3,23,98.99,81.689,0,1,0,1,0,0,0,1,0,0,0,0,1,0
S1845,75.47,54.91,79.05,19.7,82.81,70.58,17.2,5.1,1,23,53.39,66.6375,0,0,0,0,0,1,0,0,1,0,0,0,0,1
S1846,68.91,69.24,95.63,74.6,99.78,59.19,23.3,5.7,7,19,43.99,74.947,1,1,0,0,0,0,1,0,0,0,1,1,0,0
S1847,98.68,99.6,50.71,65.3,58.61,97.07,18.3,5.3,10,24,56.26,69.726,1,0,1,0,1,0,0,0,1,0,0,1,0,0
S1848,90.77,78.45,89.72,92.0,69.85,76.62,29.3,8.8,2,22,63.86,75.875,0,1,0,0,0,0,1,0,1,0,0,1,0,0
S1849,67.29,81.09,92.68,83.2,90.48,92.62,16.5,4.2,8,24,66.46,79.444,0,0,1,0,0,1,0,1,0,0,0,0,1,0
S1850,86.51,73.55,81.55,70.5,60.78,67.1,5.3,4.3,1,24,77.13,73.2055,1,1,0,1,0,0,0,0,0,1,0,0,0,1
S1851,51.58,83.12,96.7,31.5,57.69,66.76,16.8,5.8,6,22,93.97,72.2495,1,1,1,0,1,0,0,0,1,0,0,1,0,0
S1852,73.74,97.83,79.5,49.6,71.38,99.28,28.2,6.7,1,22,59.82,72.53450000000001,0,0,0,0,0,1,0,0,0,1,0,0,0,1
S1853,44.48,79.43,62.03,94.4,69.19,76.09,7.4,5.6,8,23,91.0,73.01650000000001,0,1,1,1,0,0,0,0,0,0,1,0,1,0
S1854,60.89,53.25,60.79,2.3000000000000003,99.01,57.03,10.6,8.3,2,22,45.61,64.4205,1,0,0,0,0,1,0,0,1,0,0,1,0,0
S1855,53.55,74.64,77.79,79.4,72.81,60.98,22.9,4.8,8,18,42.51,63.44799999999999,1,0,0,0,1,0,0,0,0,0,1,0,1,0
S1856,83.13,99.64,95.32,25.2,93.05,74.1,12.4,5.8,4,18,70.24,83.68249999999999,0,0,0,1,0,0,0,0,0,0,1,0,0,1
S1857,69.41,69.37,53.62,18.5,94.4,52.12,24.1,6.4,3,21,43.58,66.31899999999999,1,0,0,0,0,0,1,0,1,0,0,1,0,0
S1858,85.06,79.69,80.22,23.2,57.89,73.13,15.5,5.0,2,22,63.55,67.149,1,0,1,0,0,1,0,0,1,0,0,1,0,0
S1859,70.92,55.33,88.49,6.0,85.77,70.95,24.9,5.5,4,19,93.81,77.27,0,0,0,0,1,0,0,0,0,0,1,1,0,0
S1860,45.19,57.06,55.77,99.2,63.88,88.97,18.8,8.7,10,21,54.49,58.661,0,1,0,0,0,0,1,1,0,0,0,1,0,0
S1861,84.12,93.73,55.84,87.0,54.74,67.75,7.1,6.6,10,23,82.36,73.6235,0,0,0,0,1,0,0,0,1,0,0,0,1,0
S1862,89.99,65.02,68.31,52.1,93.74,99.13,14.7,8.3,2,22,58.14,75.3445,1,0,0,0,0,1,0,0,0,0,1,0,1,0
S1863,94.21,65.27,63.69,71.5,64.62,59.04,13.3,5.3,3,18,42.7,63.92700000000001,0,0,1,0,1,0,0,0,1,0,0,0,0,1
S1864,74.32,69.36,59.92,55.7,67.27,79.55,25.3,7.1,2,19,73.4,68.86,1,1,1,1,0,0,0,0,0,1,0,1,0,0
S1865,85.22,98.32,59.93,81.19999999999999,66.2,54.48,20.6,7.8,2,21,90.09,79.9665,0,0,0,0,1,0,0,0,1,0,0,0,0,1
S1866,85.12,54.22,56.53,84.5,60.01,86.69,24.4,6.1,10,19,64.57,64.9245,0,1,1,0,0,1,0,0,1,0,0,0,1,0
S1867,49.34,90.94,80.54,23.3,71.73,99.74,14.3,7.1,9,22,77.04,71.04,1,0,0,1,0,0,0,0,1,0,0,0,0,1
S1868,49.85,67.08,84.41,46.0,71.41,90.96,22.3,8.3,1,20,94.0,73.20349999999999,1,1,0,0,1,0,0,0,1,0,0,0,1,0
S1869,44.25,92.47,85.15,63.5,70.44,77.79,6.6,4.7,3,19,87.38,75.17499999999998,0,0,1,0,1,0,0,0,1,0,0,1,0,0
S1870,59.19,99.59,76.62,97.8,95.81,74.24,5.9,5.8,1,19,51.63,78.0195,0,1,0,1,0,0,0,0,1,0,0,0,0,1
S1871,68.41,67.43,97.65,68.3,66.99,91.75,12.2,8.1,3,23,84.0,74.65299999999999,1,1,0,0,0,0,1,1,0,0,0,1,0,0
S1872,99.87,56.47,94.03,89.80000000000001,51.52,96.8,24.3,5.2,1,18,70.11,70.3275,0,1,1,0,0,0,1,0,0,0,1,0,1,0
S1873,65.86,57.22,97.88,84.60000000000001,58.92,99.46,18.4,6.8,9,22,84.76,71.346,1,1,1,1,0,0,0,0,0,0,1,0,0,1
S1874,83.57,87.94,69.44,58.2,86.07,69.83,15.2,6.2,5,19,69.67,78.819,1,0,0,0,1,0,0,0,0,0,1,0,0,1
S1875,81.6,57.25,93.89,89.39999999999999,79.54,99.55,27.4,7.3,4,22,47.68,70.4685,0,1,0,0,0,0,1,0,0,1,0,1,0,0
S1876,52.27,63.02,88.14,37.7,97.59,57.8,17.4,7.3,8,18,74.19,75.817,1,0,0,1,0,0,0,0,1,0,0,1,0,0
S1877,43.51,60.22,67.0,37.9,84.72,62.68,20.3,6.9,1,23,69.53,66.953,1,0,0,0,0,1,0,0,1,0,0,1,0,0
S1878,72.76,67.78,55.33,78.1,59.71,54.45,29.6,8.7,9,22,71.08,66.202,1,1,0,0,1,0,0,0,1,0,0,0,0,1
S1879,82.02,53.72,84.13,13.5,56.03,63.59,18.1,4.9,2,24,92.73,69.4405,0,0,0,0,0,1,0,0,1,0,0,0,1,0
S1880,99.9,92.84,56.82,30.6,76.04,88.4,24.6,8.2,8,18,93.69,82.3575,1,1,0,0,1,0,0,1,0,0,0,1,0,0
S1881,61.52,93.01,64.69,60.9,83.26,92.65,15.3,6.4,7,18,67.21,74.474,0,1,0,0,0,0,1,0,1,0,0,1,0,0
S1882,93.78,70.65,75.02,42.0,58.28,88.94,5.9,7.3,10,21,67.34,68.5855,0,0,1,0,0,1,0,0,0,0,1,0,1,0
S1883,62.92,80.6,83.99,94.1,80.08,81.55,25.9,5.4,2,23,70.91,76.3835,0,0,1,0,0,1,0,0,0,0,1,0,0,1
S1884,81.36,82.1,96.31,95.9,93.25,75.7,28.6,4.5,10,23,71.18,84.715,1,0,0,1,0,0,0,0,1,0,0,0,0,1
S1885,75.9,87.46,79.66,50.3,86.38,85.44,15.9,7.9,10,24,97.02,85.154,1,1,0,0,0,0,1,0,0,0,1,0,1,0
S1886,43.18,76.03,83.57,53.9,83.21,69.54,17.6,5.3,6,22,78.96,73.6365,0,0,0,0,0,0,1,0,0,0,1,1,0,0
S1887,44.7,75.52,65.5,72.5,89.47,92.07,15.6,6.0,5,20,56.65,69.21149999999999,0,1,0,0,1,0,0,0,1,0,0,0,0,1
S1888,41.25,81.57,84.36,45.7,55.2,83.86,29.9,4.2,7,24,71.89,63.6765,1,1,0,1,0,0,0,0,1,0,0,1,0,0
S1889,62.25,85.15,71.89,19.0,60.19,84.89,27.6,7.3,2,21,77.63,67.7135,0,1,1,1,0,0,0,0,0,1,0,1,0,0
S1890,84.75,67.33,92.85,74.7,51.9,76.8,6.0,7.4,10,23,78.39,70.9995,0,0,1,0,1,0,0,0,1,0,0,0,1,0
S1891,50.37,66.52,69.62,73.8,57.25,94.26,24.5,8.5,9,18,75.12,64.1405,1,0,1,0,0,1,0,0,0,0,1,0,0,1
S1892,76.35,63.49,73.41,24.5,95.66,62.6,20.0,8.5,3,23,50.66,70.905,0,0,0,0,1,0,0,0,0,0,1,0,1,0
S1893,57.33,77.44,71.63,83.3,61.11,69.06,5.6,7.5,1,24,42.02,60.3815,1,0,1,0,1,0,0,0,0,1,0,0,0,1
S1894,87.82,68.01,90.56,61.4,83.1,88.88,16.1,5.6,8,20,60.27,75.498,1,0,0,0,1,0,0,0,0,1,0,1,0,0
S1895,87.9,77.02,97.68,23.6,84.58,74.64,8.7,5.9,7,19,65.65,77.4725,0,1,0,1,0,0,0,0,0,1,0,1,0,0
S1896,86.52,70.3,66.36,65.19999999999999,82.27,94.46,26.8,5.9,7,19,43.71,69.0275,1,1,1,0,1,0,0,0,1,0,0,0,0,1
S1897,71.49,91.84,73.75,23.4,77.7,67.32,5.3,4.6,4,23,88.9,78.57950000000001,1,0,1,0,1,0,0,0,1,0,0,0,0,1
S1898,57.07,53.66,85.3,26.5,74.31,68.47,26.8,8.7,10,23,60.64,63.9175,1,1,0,0,1,0,0,0,0,1,0,1,0,0
S1899,88.57,78.61,94.77,84.80000000000001,71.0,94.44,28.5,8.1,3,21,94.82,83.799,0,1,1,0,0,0,1,1,0,0,0,1,0,0
S1900,51.17,78.78,74.69,92.9,95.84,73.22,6.8,4.7,9,23,49.26,72.6735,0,1,0,0,0,1,0,0,1,0,0,0,1,0
S1901,57.39,69.19,55.44,25.7,50.48,75.81,23.0,8.7,3,20,43.42,51.81499999999999,0,0,1,0,0,1,0,0,0,1,0,1,0,0
S1902,51.04,71.05,68.43,92.8,52.67,66.64,18.7,8.2,7,23,68.94,62.8325,1,0,1,0,0,1,0,0,0,0,1,1,0,0
S1903,80.45,90.01,77.52,23.9,74.63,63.83,28.9,8.6,7,22,51.35,69.7425,1,1,0,0,0,1,0,0,1,0,0,0,0,1
S1904,81.17,64.03,70.88,11.7,66.53,82.8,25.0,5.4,10,24,96.24,73.47200000000001,0,1,0,1,0,0,0,0,0,0,1,0,1,0
S1905,79.15,93.57,59.33,5.8,70.41,55.99,22.4,5.7,7,20,40.62,63.409,0,1,1,1,0,0,0,0,0,0,1,0,1,0
S1906,64.94,94.82,51.85,24.2,99.89,93.96,28.1,6.3,1,21,64.76,76.51599999999999,1,1,0,0,1,0,0,0,1,0,0,0,0,1
S1907,46.01,82.53,84.37,38.5,88.76,88.96,9.0,5.1,10,22,95.6,80.17099999999999,0,0,1,1,0,0,0,0,1,0,0,0,0,1
S1908,94.67,88.64,99.64,92.8,93.87,59.54,14.4,6.3,2,22,63.07,86.029,0,0,1,0,0,1,0,0,0,0,1,0,1,0
S1909,70.46,80.65,95.96,24.2,68.43,84.7,26.1,4.0,2,24,45.59,65.399,0,1,1,0,0,0,1,0,1,0,0,0,0,1
S1910,64.42,76.26,84.16,36.5,61.98,80.13,7.5,8.4,3,19,58.17,64.4795,0,1,1,0,1,0,0,0,1,0,0,0,0,1
S1911,75.33,98.33,92.08,73.4,88.4,59.23,28.4,4.8,4,20,69.88,82.917,0,0,0,0,1,0,0,0,0,1,0,0,1,0
S1912,51.57,64.13,62.79,30.2,90.38,63.66,23.6,6.5,1,24,51.11,65.03549999999998,1,0,0,0,0,1,0,0,0,0,1,0,0,1
S1913,47.95,57.71,81.12,68.4,77.49,70.45,16.0,8.6,5,22,67.99,67.6255,0,0,0,0,0,1,0,0,0,0,1,0,0,1
S1914,64.33,64.37,53.03,43.2,94.8,84.96,13.5,8.1,1,21,90.18,77.753,0,1,1,0,0,1,0,0,1,0,0,0,1,0
S1915,53.63,80.73,85.36,19.6,98.37,81.94,8.7,7.9,7,24,92.36,82.271,1,1,0,1,0,0,0,0,1,0,0,0,1,0
S1916,54.66,59.26,98.49,73.4,73.55,76.61,7.3,7.0,7,19,42.96,63.412,1,0,0,0,1,0,0,0,0,1,0,0,0,1
S1917,93.55,95.44,93.04,2.7,61.13,88.42,15.6,6.2,2,22,49.65,68.53899999999999,1,0,1,0,0,1,0,0,1,0,0,1,0,0
S1918,71.85,70.55,76.72,29.2,75.86,87.9,26.1,6.2,4,24,56.52,67.38,1,0,0,0,0,0,1,1,0,0,0,1,0,0
S1919,69.01,92.5,89.44,35.6,99.48,80.89,18.3,4.4,9,20,75.69,83.71700000000001,0,1,1,0,1,0,0,1,0,0,0,0,0,1
S1920,81.37,62.46,97.19,45.8,64.65,89.35,16.3,4.3,1,19,61.66,68.3935,0,1,0,0,1,0,0,0,1,0,0,0,0,1
S1921,97.09,65.66,60.8,68.0,80.88,66.71,13.0,8.2,10,20,90.64,80.81649999999999,0,0,1,1,0,0,0,0,0,1,0,1,0,0
S1922,46.73,52.96,89.66,45.9,84.7,94.06,8.9,6.0,6,20,83.0,72.3745,0,0,1,0,1,0,0,1,0,0,0,0,1,0
S1923,90.01,62.89,63.49,59.400000000000006,60.7,80.75,29.8,4.3,10,20,46.03,61.9715,1,1,0,0,0,1,0,0,0,0,1,1,0,0
S1924,75.04,74.52,93.85,59.6,79.42,91.12,5.6,7.3,1,24,77.47,77.9925,1,1,0,0,0,1,0,0,0,1,0,1,0,0
S1925,48.77,97.31,54.92,37.3,65.73,77.31,12.8,7.4,6,19,46.78,60.68300000000001,0,1,0,0,0,0,1,0,1,0,0,0,1,0
S1926,57.83,69.45,58.91,93.4,92.71,60.92,24.2,5.1,1,24,55.3,71.291,0,1,0,0,1,0,0,1,0,0,0,0,0,1
S1927,68.94,81.99,86.03,95.6,85.74,77.12,18.0,6.1,3,24,50.67,74.41199999999999,0,1,1,0,1,0,0,0,0,1,0,0,1,0
S1928,81.47,71.39,58.74,58.2,91.31,68.56,12.8,6.9,4,24,50.38,71.70100000000001,0,0,1,1,0,0,0,0,0,0,1,0,0,1
S1929,54.56,52.34,57.9,7.199999999999999,59.98,84.87,29.8,7.0,10,22,76.98,59.424,1,1,0,0,0,1,0,0,1,0,0,0,0,1
S1930,72.09,75.18,77.77,49.1,51.73,73.79,20.5,6.6,5,23,73.82,66.2965,0,0,1,0,0,0,1,0,1,0,0,1,0,0
S1931,81.08,53.3,91.75,18.4,92.53,91.81,12.4,5.8,7,18,50.56,70.651,1,1,0,0,0,1,0,1,0,0,0,0,1,0
S1932,66.92,94.18,63.42,48.3,69.34,83.9,26.2,4.3,2,22,99.41,78.57650000000001,1,0,1,0,1,0,0,0,0,0,1,0,0,1
S1933,91.78,87.65,92.06,18.8,58.99,84.23,8.8,4.1,6,19,65.31,71.08500000000001,1,0,0,0,1,0,0,0,0,1,0,0,1,0
S1934,92.17,68.93,90.4,70.4,54.59,60.86,16.6,6.3,4,18,45.82,64.557,1,0,0,0,0,0,1,1,0,0,0,0,0,1
S1935,68.24,82.01,78.96,8.0,75.83,99.21,26.0,5.0,6,18,47.23,65.39,0,1,1,0,1,0,0,1,0,0,0,0,1,0
S1936,98.38,55.6,82.33,95.3,57.51,92.08,29.6,8.7,7,18,75.03,72.1055,0,0,1,0,0,0,1,0,1,0,0,0,1,0
S1937,44.54,85.13,52.02,19.5,78.33,89.45,14.6,7.2,7,23,98.74,73.8115,0,0,1,0,0,0,1,0,0,0,1,0,0,1
S1938,40.2,91.14,68.36,66.10000000000001,86.37,66.51,8.5,6.9,5,24,74.32,74.333,0,0,1,0,0,1,0,1,0,0,0,0,1,0
S1939,62.84,91.09,63.17,91.7,76.75,76.78,19.2,6.0,7,21,96.94,81.2515,1,1,0,0,0,0,1,1,0,0,0,0,0,1
S1940,76.07,64.21,57.5,24.8,95.18,56.86,28.6,5.6,3,19,66.65,73.2485,1,1,0,0,1,0,0,0,0,0,1,0,0,1
S1941,77.75,63.19,69.48,93.4,57.78,76.92,21.6,4.9,10,23,66.15,66.6305,1,1,1,1,0,0,0,0,0,1,0,0,1,0
S1942,68.59,76.07,67.75,38.9,74.7,57.29,20.1,4.3,5,23,70.0,70.329,0,0,1,1,0,0,0,0,1,0,0,1,0,0
S1943,47.49,98.39,86.44,96.1,58.16,77.65,12.7,7.2,5,21,81.85,73.24149999999999,1,0,1,0,1,0,0,1,0,0,0,0,1,0
S1944,50.23,96.03,79.9,97.1,93.8,82.44,20.2,7.9,2,18,62.06,78.43900000000001,1,0,0,1,0,0,0,0,0,0,1,0,0,1
S1945,91.13,67.98,95.66,18.8,96.61,69.51,27.1,8.3,4,24,91.83,86.31299999999999,1,0,0,1,0,0,0,0,1,0,0,0,0,1
S1946,92.07,88.99,57.27,83.10000000000001,70.0,74.93,14.4,7.6,2,21,41.76,68.481,1,1,1,0,0,0,1,0,0,1,0,0,0,1
S1947,80.43,96.07,52.99,19.3,65.29,93.78,11.1,8.5,9,21,66.39,68.9235,0,0,0,1,0,0,0,0,1,0,0,0,1,0
S1948,79.85,63.05,76.73,22.6,63.97,55.43,17.0,8.9,9,23,70.66,67.094,1,0,1,1,0,0,0,0,1,0,0,1,0,0
S1949,75.86,91.51,50.05,8.4,92.99,89.59,14.4,8.8,1,19,76.42,77.5325,1,0,0,1,0,0,0,0,0,1,0,1,0,0
S1950,52.18,63.39,89.39,15.7,84.12,58.54,16.7,7.0,2,20,56.56,66.43549999999999,0,0,0,0,0,1,0,1,0,0,0,0,0,1
S1951,65.7,67.16,75.3,63.2,94.03,51.84,7.4,5.1,8,24,65.65,75.24050000000001,0,1,1,0,1,0,0,0,1,0,0,0,0,1
S1952,81.75,59.94,74.4,44.900000000000006,55.88,59.28,13.4,4.5,3,21,69.07,64.97,0,1,1,0,0,0,1,0,0,1,0,1,0,0
S1953,72.24,75.35,68.12,79.1,73.8,88.25,25.7,9.0,3,24,81.21,75.348,1,1,0,1,0,0,0,0,0,1,0,0,0,1
S1954,41.11,92.17,68.75,33.2,83.81,70.26,15.0,5.5,10,21,86.41,75.2725,1,1,1,0,1,0,0,0,0,1,0,0,0,1
S1955,97.21,76.4,71.56,96.9,94.85,93.63,29.2,4.2,6,18,84.27,87.565,1,0,0,1,0,0,0,0,0,1,0,0,0,1
S1956,90.69,56.17,50.8,5.0,69.1,76.24,22.7,6.0,5,24,60.49,63.2115,1,1,0,0,0,1,0,0,1,0,0,0,0,1
S1957,55.63,62.59,54.18,6.3,65.65,51.11,14.2,7.7,4,18,99.97,68.15350000000001,0,1,1,0,0,1,0,0,1,0,0,1,0,0
S1958,76.99,78.14,75.25,70.1,95.65,85.84,11.3,8.5,7,23,90.92,85.7245,1,1,1,1,0,0,0,1,0,0,0,1,0,0
S1959,95.39,79.16,57.51,88.80000000000001,52.38,55.51,22.1,6.4,1,18,55.6,65.9875,1,1,0,1,0,0,0,0,1,0,0,1,0,0
S1960,45.76,78.85,88.94,79.6,73.98,89.47,12.6,5.5,1,24,51.71,66.687,0,0,1,1,0,0,0,0,1,0,0,0,1,0
S1961,70.18,53.85,63.72,49.0,72.93,58.41,28.2,7.9,1,22,58.84,64.0155,0,0,0,0,0,1,0,0,1,0,0,1,0,0
S1962,67.37,87.68,54.89,27.0,57.3,67.27,7.9,6.5,8,24,67.14,64.07150000000001,0,0,1,0,0,1,0,0,1,0,0,0,0,1
S1963,64.61,95.47,61.76,1.3,69.75,88.06,5.7,4.4,9,21,91.05,73.9405,1,0,0,0,1,0,0,0,1,0,0,0,1,0
S1964,90.14,75.53,67.85,50.9,86.13,97.71,10.5,8.4,3,18,86.7,81.69449999999999,1,1,1,0,0,0,1,0,1,0,0,0,0,1
S1965,62.84,85.94,51.77,47.6,68.34,68.57,20.2,7.3,1,19,91.07,73.1435,1,1,0,0,0,0,1,0,1,0,0,0,0,1
S1966,43.82,95.7,57.08,34.4,65.48,91.47,25.9,4.2,9,22,56.32,62.08,1,0,1,0,0,1,0,0,0,1,0,0,1,0
S1967,43.95,82.13,66.19,57.8,89.09,59.54,9.3,4.0,3,23,75.61,74.0505,1,1,0,0,0,0,1,0,1,0,0,0,0,1
S1968,42.56,83.72,65.52,72.9,99.44,90.36,19.6,4.4,9,20,56.99,73.2185,0,0,1,1,0,0,0,0,0,0,1,0,0,1
S1969,64.55,86.07,90.02,70.1,88.97,82.87,8.6,8.1,4,21,46.54,73.426,0,1,0,0,1,0,0,0,1,0,0,0,1,0
S1970,83.1,63.03,92.16,26.3,92.32,59.64,19.1,6.4,1,21,81.05,80.40899999999999,1,0,1,0,0,1,0,0,1,0,0,1,0,0
S1971,52.22,79.13,59.67,58.5,96.98,65.13,5.5,5.7,5,19,48.58,69.83349999999999,1,0,0,0,0,1,0,0,1,0,0,0,0,1
S1972,78.79,92.11,56.2,14.9,90.09,56.59,18.9,5.2,7,20,80.06,79.042,1,0,1,0,0,0,1,0,0,1,0,1,0,0
S1973,81.23,64.81,81.71,12.2,99.02,69.15,18.0,6.5,6,20,78.88,80.113,1,1,1,1,0,0,0,1,0,0,0,0,0,1
S1974,55.31,94.86,90.23,78.60000000000001,87.36,60.18,6.1,4.4,4,23,88.61,83.839,1,0,0,0,1,0,0,0,1,0,0,0,0,1
S1975,76.03,81.02,98.19,69.4,83.08,82.2,22.2,7.1,10,23,48.37,73.863,0,0,1,0,0,0,1,0,0,1,0,0,0,1
S1976,81.09,71.16,50.34,76.8,84.67,99.73,19.3,5.9,8,22,87.01,78.865,0,0,1,0,0,1,0,0,0,1,0,0,1,0
S1977,68.0,81.16,70.68,15.2,95.0,50.6,20.6,8.3,10,21,99.96,83.69200000000001,0,0,0,0,0,1,0,0,0,0,1,1,0,0
S1978,60.2,70.09,86.7,91.5,84.15,77.05,18.2,7.8,10,18,91.06,80.7985,1,1,0,0,0,0,1,0,1,0,0,0,0,1
S1979,77.15,91.9,91.43,13.3,88.06,78.68,23.0,4.1,1,23,85.11,82.861,1,1,1,1,0,0,0,0,0,1,0,1,0,0
S1980,98.67,74.12,53.11,87.0,60.8,95.71,18.1,4.8,4,19,79.73,73.75200000000001,0,1,1,0,1,0,0,0,0,0,1,0,0,1
S1981,65.61,95.06,84.03,35.2,95.63,75.3,28.1,6.4,7,19,65.31,79.27999999999999,0,0,1,0,1,0,0,0,0,1,0,0,1,0
S1982,63.5,75.49,64.45,10.5,72.36,77.19,28.6,7.3,6,19,83.83,70.484,1,0,1,0,1,0,0,0,0,0,1,1,0,0
S1983,67.86,83.02,53.73,28.700000000000003,58.05,73.58,23.2,7.6,1,24,83.45,67.7175,0,0,0,0,1,0,0,0,0,0,1,0,1,0
S1984,44.57,99.89,74.46,18.1,89.99,63.45,27.8,8.1,5,23,77.89,76.48949999999999,0,0,1,1,0,0,0,0,0,0,1,1,0,0
S1985,73.19,57.35,57.91,49.1,67.82,52.8,28.1,4.2,6,23,87.78,70.118,1,0,0,0,0,1,0,0,0,1,0,1,0,0
S1986,59.72,86.84,86.85,95.0,59.21,70.43,11.5,4.1,10,19,66.93,69.9145,0,1,1,0,0,1,0,1,0,0,0,1,0,0
S1987,47.29,56.94,87.06,32.8,62.81,52.63,29.8,7.0,9,23,47.28,56.6435,0,1,1,0,1,0,0,0,1,0,0,0,0,1
S1988,67.98,91.94,92.1,61.2,51.75,77.52,11.7,7.6,5,24,73.54,70.168,0,0,1,0,1,0,0,0,0,0,1,0,1,0
S1989,40.2,79.82,68.88,89.2,54.53,65.36,5.5,7.9,5,18,55.9,59.685,1,0,0,0,1,0,0,0,1,0,0,0,0,1
S1990,64.11,96.91,50.67,63.0,79.63,76.68,29.1,4.8,8,18,63.07,72.0265,0,0,1,0,0,0,1,0,1,0,0,0,0,1
S1991,46.34,93.3,62.99,36.2,93.31,56.71,10.6,8.8,6,22,41.04,67.30799999999999,0,0,1,0,0,0,1,1,0,0,0,0,1,0
S1992,41.46,53.74,73.39,99.1,72.43,96.63,19.6,5.1,10,21,62.97,64.0455,0,0,1,0,0,1,0,0,1,0,0,1,0,0
S1993,89.47,56.87,84.7,18.700000000000003,81.3,94.73,29.3,5.3,8,18,88.53,77.8785,1,0,1,0,0,1,0,0,1,0,0,0,1,0
S1994,94.97,80.06,69.1,52.3,90.49,59.5,6.2,4.8,6,22,72.56,81.0665,1,1,1,0,1,0,0,1,0,0,0,0,0,1
S1995,52.46,75.92,76.8,79.7,67.84,67.17,11.7,4.2,9,20,40.59,61.4215,0,0,0,0,0,0,1,0,1,0,0,0,0,1
S1996,72.36,58.43,76.21,0.1,82.72,80.67,20.2,8.0,8,21,68.19,69.108,1,1,1,1,0,0,0,0,0,0,1,1,0,0
S1997,56.68,56.47,58.25,70.19999999999999,67.52,54.78,24.1,4.0,8,18,57.49,60.93599999999999,0,1,1,0,0,0,1,0,0,1,0,0,0,1
S1998,69.61,78.2,81.15,26.6,82.14,67.73,25.2,6.3,1,24,68.65,73.421,1,0,0,0,0,1,0,0,1,0,0,0,0,1
S1999,66.2,52.45,71.96,17.0,60.88,62.56,27.1,4.5,4,20,64.28,60.1775,1,1,0,0,0,0,1,0,1,0,0,0,0,1
S2000,56.14,93.69,90.4,27.4,98.89,95.78,9.2,4.2,2,22,95.92,86.5315,0,0,0,0,0,1,0,0,0,0,1,0,0,1
S2001,82.02,90.35,84.53,96.7,53.81,92.63,14.3,8.7,7,18,42.47,65.904,0,0,0,0,1,0,0,0,1,0,0,0,0,1
S2002,47.59,89.27,55.57,89.2,75.26,78.99,22.9,8.1,10,18,81.02,73.379,0,0,1,1,0,0,0,0,1,0,0,0,0,1
S2003,43.18,50.8,74.44,21.4,64.31,76.02,22.9,6.0,6,23,91.06,64.66900000000001,1,0,0,0,1,0,0,0,1,0,0,0,1,0
S2004,86.06,52.38,85.12,11.7,80.04,96.54,12.7,6.3,7,20,97.55,78.2625,0,1,0,0,1,0,0,0,1,0,0,0,0,1
S2005,79.96,77.49,54.35,36.4,71.42,96.62,12.6,8.3,5,18,50.66,64.9635,1,0,0,1,0,0,0,1,0,0,0,1,0,0
S2006,69.91,99.72,89.62,59.2,65.33,98.47,13.0,8.0,3,19,71.88,74.9355,1,1,1,1,0,0,0,1,0,0,0,1,0,0
S2007,68.07,67.12,61.1,86.7,62.5,56.27,27.3,7.5,4,24,42.62,60.1285,0,1,1,1,0,0,0,1,0,0,0,0,1,0
S2008,69.84,67.22,75.15,96.6,59.12,58.03,27.7,6.7,10,23,69.95,68.1275,1,0,0,0,0,1,0,0,0,1,0,0,0,1
S2009,66.22,56.71,97.03,75.1,89.14,83.84,5.4,7.0,1,23,47.53,70.522,0,0,1,0,1,0,0,0,0,0,1,0,1,0
S2010,63.57,83.72,78.57,59.900000000000006,61.11,77.07,13.1,6.0,5,18,90.27,73.84599999999999,1,0,1,0,0,1,0,0,0,1,0,0,1,0
S2011,69.98,82.33,71.2,14.2,88.68,50.92,14.8,6.6,6,24,46.83,68.98800000000001,0,1,1,1,0,0,0,0,0,1,0,1,0,0
S2012,71.71,55.07,50.34,7.4,74.25,53.1,29.6,6.7,7,23,70.8,64.39599999999999,1,0,0,0,0,1,0,1,0,0,0,1,0,0
S2013,81.51,73.37,56.67,59.6,53.61,94.4,28.6,8.3,8,21,71.27,65.7795,1,0,1,1,0,0,0,0,0,0,1,0,1,0
S2014,82.67,83.35,78.93,53.9,58.27,93.44,20.7,5.1,5,20,98.3,77.547,0,0,1,0,0,0,1,0,0,1,0,0,0,1
S2015,62.66,74.68,74.69,84.60000000000001,94.65,67.86,6.1,5.2,1,21,79.3,80.52,1,1,1,1,0,0,0,0,1,0,0,1,0,0
S2016,64.81,83.72,68.19,32.3,80.14,94.55,9.8,5.1,5,22,57.27,69.07300000000001,0,1,0,0,1,0,0,0,0,1,0,0,0,1
S2017,62.42,90.81,96.16,4.0,59.22,79.68,15.9,6.9,1,21,54.45,64.179,1,0,1,0,1,0,0,0,1,0,0,0,0,1
S2018,72.19,84.29,66.62,42.400000000000006,85.19,90.3,29.0,7.5,8,24,47.69,69.73349999999999,1,0,0,0,1,0,0,0,0,1,0,0,1,0
S2019,67.2,80.81,76.86,96.9,91.16,71.37,7.4,5.2,2,19,85.39,83.428,1,0,1,0,0,1,0,0,0,0,1,0,1,0
S2020,93.38,92.68,78.44,79.6,66.53,55.67,24.8,7.4,2,23,81.45,80.0545,0,0,0,0,1,0,0,0,1,0,0,0,0,1
S2021,81.78,95.03,76.37,3.4000000000000004,77.83,71.69,9.8,7.1,6,24,76.59,76.825,0,1,1,1,0,0,0,0,1,0,0,1,0,0
S2022,93.92,69.44,73.88,87.5,64.67,72.86,17.7,5.6,9,23,42.45,66.28049999999999,0,1,1,0,0,0,1,1,0,0,0,1,0,0
S2023,82.55,58.66,66.85,47.2,54.0,77.55,24.2,5.1,5,19,85.77,67.869,0,0,0,0,1,0,0,0,1,0,0,1,0,0
S2024,98.26,90.89,95.44,36.5,69.98,55.28,22.3,8.4,6,23,78.51,80.363,0,1,0,0,0,1,0,0,0,1,0,1,0,0
S2025,78.14,60.69,72.54,34.7,87.57,99.57,24.4,6.8,3,21,97.83,80.542,1,1,1,0,0,0,1,0,0,1,0,0,0,1
S2026,97.81,96.45,76.42,59.5,72.93,62.21,25.3,7.5,9,22,75.23,80.44250000000001,1,0,1,0,1,0,0,1,0,0,0,1,0,0
S2027,49.49,51.14,82.82,53.1,70.26,59.93,12.6,8.6,4,18,58.24,61.6695,0,1,1,0,1,0,0,0,1,0,0,1,0,0
S2028,43.15,96.06,53.38,65.7,68.3,76.34,14.1,5.0,6,19,62.89,65.717,1,0,1,0,0,0,1,0,1,0,0,0,1,0
S2029,74.75,79.46,89.06,57.400000000000006,72.95,76.86,25.4,5.8,4,21,50.55,69.42999999999999,1,1,0,0,1,0,0,0,1,0,0,1,0,0
S2030,99.01,88.74,75.63,14.4,65.91,71.99,6.0,6.2,6,24,83.37,77.061,1,0,1,0,0,1,0,0,1,0,0,0,1,0
S2031,65.06,69.92,82.86,25.7,80.61,88.59,17.9,5.2,1,21,82.46,74.61599999999999,1,1,1,1,0,0,0,0,0,1,0,1,0,0
S2032,52.72,99.59,88.6,84.1,53.18,75.83,28.0,8.2,1,21,52.04,64.87549999999999,0,0,0,1,0,0,0,0,0,0,1,0,1,0
S2033,71.29,61.38,93.7,66.3,90.37,80.48,27.1,4.4,1,18,49.51,72.074,1,1,0,0,0,0,1,0,0,0,1,0,0,1
S2034,78.93,63.22,69.61,44.8,58.66,86.19,25.1,5.2,10,20,44.62,59.2765,0,1,1,1,0,0,0,0,0,0,1,1,0,0
S2035,58.91,52.57,90.57,18.3,81.67,51.25,5.5,5.0,2,23,94.72,74.875,0,1,0,0,1,0,0,1,0,0,0,0,1,0
S2036,82.89,97.02,62.94,0.8,72.49,78.53,27.2,8.8,7,23,53.98,68.56249999999999,1,0,0,0,1,0,0,1,0,0,0,1,0,0
S2037,98.51,72.8,83.02,31.200000000000003,88.67,94.21,27.8,7.1,3,24,60.65,77.322,0,1,1,0,0,1,0,0,0,1,0,0,0,1
S2038,93.82,83.74,55.14,5.5,91.31,50.87,21.6,7.6,1,22,56.83,74.0235,1,1,0,1,0,0,0,0,0,0,1,0,0,1
S2039,57.5,84.37,51.0,48.2,60.21,70.26,12.5,4.5,8,24,64.82,63.05850000000001,1,1,0,0,0,0,1,0,1,0,0,0,0,1
S2040,59.6,93.73,54.79,82.2,83.86,96.31,17.2,5.0,8,20,82.84,78.45649999999999,1,1,0,0,1,0,0,0,1,0,0,0,0,1
S2041,62.29,83.25,65.97,28.5,59.5,67.66,24.1,8.0,4,23,92.24,70.76299999999999,0,1,0,0,0,0,1,0,0,0,1,1,0,0
S2042,63.67,78.1,51.55,84.80000000000001,56.2,72.94,25.3,6.8,7,22,50.96,60.2605,0,1,1,0,1,0,0,0,1,0,0,0,0,1
S2043,46.02,85.52,81.52,70.5,96.51,99.08,13.6,4.2,2,24,81.18,80.65599999999999,0,1,0,0,1,0,0,0,1,0,0,1,0,0
S2044,85.72,87.55,65.83,12.5,58.22,59.97,13.2,6.8,6,22,61.15,65.952,1,0,0,0,0,1,0,0,1,0,0,0,0,1
S2045,61.92,59.3,86.82,64.5,61.41,53.26,23.4,6.4,9,21,98.83,73.2205,1,1,0,1,0,0,0,1,0,0,0,1,0,0
S2046,92.79,55.48,52.3,15.2,56.52,92.97,22.2,4.8,7,19,57.94,59.6715,1,1,0,0,0,1,0,0,1,0,0,0,0,1
S2047,95.62,53.74,60.84,65.5,73.51,93.42,17.8,7.0,6,21,40.43,63.9235,0,0,1,1,0,0,0,0,0,0,1,0,0,1
S2048,41.47,68.7,70.4,14.3,95.98,73.6,15.5,4.9,10,18,70.94,70.8095,1,0,1,0,0,0,1,0,0,0,1,0,1,0
S2049,99.31,74.9,69.13,39.3,63.2,75.71,21.4,8.1,2,23,49.04,66.2295,1,0,0,1,0,0,0,0,0,1,0,0,0,1
S2050,82.6,80.78,56.55,56.7,77.09,91.79,5.8,7.1,4,22,42.67,66.7915,0,0,0,0,0,0,1,0,1,0,0,1,0,0
S2051,71.22,97.9,99.71,5.0,70.57,86.93,6.9,8.4,6,24,81.9,77.235,0,0,1,0,1,0,0,0,1,0,0,0,1,0
S2052,63.37,66.54,64.22,15.3,66.8,63.26,19.3,6.1,5,19,83.94,67.6985,0,0,0,0,0,0,1,1,0,0,0,0,0,1
S2053,71.11,88.04,86.05,32.0,78.61,50.84,10.3,6.6,5,24,67.64,74.57050000000001,1,0,1,0,0,0,1,0,0,1,0,0,0,1
S2054,59.48,76.57,61.0,46.2,77.94,73.99,24.4,7.8,4,23,80.61,72.352,1,0,1,0,1,0,0,1,0,0,0,0,1,0
S2055,77.36,61.0,93.89,85.8,67.97,92.95,24.3,6.7,8,22,72.29,72.8965,1,1,0,0,0,0,1,0,1,0,0,1,0,0
S2056,45.58,80.77,69.39,18.700000000000003,92.53,94.79,22.7,6.9,8,22,77.79,74.033,0,0,0,0,0,0,1,0,1,0,0,0,1,0
S2057,77.27,98.36,95.05,34.7,52.66,97.81,27.6,6.8,5,21,75.8,72.3325,0,1,0,0,1,0,0,1,0,0,0,0,1,0
S2058,56.52,56.22,67.09,47.6,54.26,93.98,8.5,6.5,7,19,79.95,62.2655,0,0,1,0,1,0,0,0,0,1,0,0,0,1
S2059,41.06,75.36,50.43,29.6,99.54,79.0,11.5,8.0,2,19,51.98,66.84299999999999,0,1,1,0,1,0,0,0,1,0,0,1,0,0
S2060,73.16,52.58,75.85,62.6,87.38,72.23,11.3,6.4,3,23,56.12,69.82,1,1,0,1,0,0,0,0,0,0,1,1,0,0
S2061,74.71,66.06,76.24,25.7,90.2,88.74,24.6,8.5,10,22,66.4,73.6845,1,0,0,0,1,0,0,0,0,0,1,0,1,0
S2062,65.59,81.03,55.99,77.2,80.14,86.99,18.0,8.0,9,19,66.77,72.1865,1,0,1,0,1,0,0,0,0,0,1,0,1,0
S2063,44.34,92.05,61.75,50.5,70.99,76.91,11.3,7.5,7,19,86.46,72.07049999999998,1,0,0,0,0,0,1,0,0,1,0,0,0,1
S2064,93.6,86.52,89.17,8.6,81.46,54.37,8.4,8.5,6,24,62.04,76.313,1,0,1,0,0,1,0,0,0,1,0,0,0,1
S2065,76.69,73.14,51.84,62.7,54.63,96.3,27.3,6.7,7,23,49.75,59.620000000000005,1,0,0,0,0,1,0,0,1,0,0,0,1,0
S2066,46.94,95.46,74.48,56.900000000000006,87.89,72.78,22.3,8.1,6,21,55.09,71.7925,1,0,1,1,0,0,0,0,1,0,0,0,1,0
S2067,70.66,65.14,76.52,33.9,77.04,68.17,18.2,5.2,2,24,52.88,66.049,1,1,1,1,0,0,0,0,0,0,1,1,0,0
S2068,69.84,87.7,84.44,1.1,97.84,81.48,29.1,4.4,3,24,83.9,82.45700000000001,0,1,0,0,0,1,0,1,0,0,0,0,1,0
S2069,43.62,73.7,51.87,20.1,81.87,83.69,26.2,7.4,5,20,68.22,65.406,0,1,0,0,0,1,0,1,0,0,0,0,0,1
S2070,76.41,94.93,79.28,40.6,57.58,60.53,9.5,5.5,2,18,82.52,73.563,1,1,0,0,1,0,0,0,0,0,1,0,1,0
S2071,88.5,89.87,50.15,20.0,73.88,91.85,17.7,7.2,3,20,64.97,71.17699999999999,0,0,1,0,0,0,1,0,1,0,0,1,0,0
S2072,84.94,95.07,63.26,57.7,52.89,64.5,17.2,4.4,7,19,93.38,75.4245,1,0,0,0,1,0,0,0,0,1,0,1,0,0
S2073,52.18,60.71,74.98,71.2,87.27,59.33,26.1,8.8,2,22,99.01,78.92500000000001,1,0,1,1,0,0,0,1,0,0,0,1,0,0
S2074,91.74,83.41,95.56,85.60000000000001,75.09,70.32,8.7,6.6,6,18,80.19,82.68299999999999,0,1,1,0,0,1,0,0,0,1,0,1,0,0
S2075,60.55,86.92,56.33,64.7,68.48,86.53,16.3,4.0,10,18,91.83,74.49000000000001,1,0,1,1,0,0,0,0,0,0,1,1,0,0
S2076,96.79,87.12,58.46,68.89999999999999,98.43,98.27,20.9,6.4,5,22,70.48,84.0265,1,0,1,0,1,0,0,0,0,1,0,0,0,1
S2077,44.3,75.2,83.46,60.8,97.03,90.46,28.6,7.9,3,18,96.08,82.44,1,1,0,1,0,0,0,1,0,0,0,1,0,0
S2078,69.17,50.56,68.74,98.5,97.64,97.02,27.5,8.3,8,22,89.9,81.52550000000001,1,0,1,1,0,0,0,0,1,0,0,0,0,1
S2079,75.83,63.07,81.17,26.1,61.05,57.03,18.3,6.3,6,18,99.51,73.4495,1,0,0,0,0,0,1,1,0,0,0,0,0,1
S2080,54.86,66.17,99.87,26.6,86.43,53.56,20.2,4.6,9,24,77.39,74.74799999999999,1,0,0,1,0,0,0,0,1,0,0,1,0,0
S2081,86.28,92.6,99.34,12.6,97.27,77.89,26.3,8.5,1,23,86.75,88.2645,1,1,1,0,1,0,0,0,0,1,0,1,0,0
S2082,77.61,92.04,67.69,48.6,78.54,64.51,23.6,8.9,3,23,72.57,76.351,0,1,1,0,0,0,1,0,0,1,0,0,0,1
S2083,41.09,55.23,75.2,9.6,60.71,91.4,27.0,4.3,10,20,55.55,54.5485,0,0,1,1,0,0,0,0,0,1,0,0,0,1
S2084,76.5,97.49,95.23,27.0,90.89,83.6,27.4,4.4,8,24,61.29,79.561,1,1,1,0,1,0,0,0,0,0,1,1,0,0
S2085,69.49,59.12,54.61,48.3,94.0,98.54,25.8,6.8,1,18,93.64,78.77749999999999,0,0,0,0,0,1,0,0,0,0,1,0,0,1
S2086,51.76,70.72,72.62,95.8,85.16,62.74,5.2,6.7,8,21,43.36,66.812,1,1,1,0,0,0,1,1,0,0,0,0,1,0
S2087,99.74,60.76,68.88,96.4,64.68,74.29,12.8,6.9,10,22,75.49,74.0595,1,1,1,1,0,0,0,0,1,0,0,0,1,0
S2088,93.83,93.02,64.74,74.4,59.53,75.06,15.1,5.6,5,24,62.35,71.66799999999999,1,1,1,1,0,0,0,0,1,0,0,0,0,1
S2089,57.55,87.47,99.71,38.9,81.21,61.96,21.9,4.3,8,18,63.2,73.832,1,0,1,0,0,0,1,0,1,0,0,0,0,1
S2090,72.46,67.68,86.68,86.5,74.14,79.5,12.7,6.9,10,23,93.07,79.5235,0,1,1,0,1,0,0,0,1,0,0,0,0,1
S2091,58.99,84.09,69.44,87.5,83.44,72.16,13.1,4.8,7,23,91.23,80.6205,0,1,0,1,0,0,0,0,1,0,0,0,1,0
S2092,86.53,59.22,91.45,91.0,55.58,72.34,15.0,5.7,9,22,75.93,71.214,0,1,1,0,1,0,0,0,0,0,1,0,0,1
S2093,95.82,69.11,74.48,64.0,56.8,68.14,28.9,6.9,7,21,56.38,66.52250000000001,0,1,1,0,0,0,1,0,0,1,0,1,0,0
S2094,61.53,68.86,93.64,20.2,68.14,50.85,15.9,5.0,4,18,68.53,67.507,1,1,0,1,0,0,0,0,0,0,1,0,1,0
S2095,88.34,61.9,63.32,9.1,62.94,76.1,8.5,6.7,1,18,64.5,64.33,0,0,0,0,0,1,0,0,0,1,0,0,0,1
S2096,69.9,93.82,61.18,91.5,80.97,66.76,5.2,7.6,2,21,61.22,74.84700000000001,1,0,1,0,0,1,0,0,0,1,0,0,1,0
S2097,63.79,83.94,62.36,5.6000000000000005,68.38,50.07,10.9,4.3,2,21,46.17,60.732,1,1,0,0,0,1,0,0,0,0,1,0,1,0
S2098,96.31,64.0,76.92,29.6,84.2,65.4,28.5,7.1,1,21,72.59,76.626,0,0,0,0,0,0,1,0,1,0,0,0,1,0
S2099,70.62,62.11,64.57,48.7,88.44,63.93,28.9,6.5,10,23,58.11,69.861,1,1,0,1,0,0,0,0,0,1,0,1,0,0
S2100,68.04,50.9,57.36,2.2,59.36,69.67,18.2,4.5,7,22,79.65,61.407500000000006,0,0,1,0,0,0,1,0,0,0,1,1,0,0
S2101,80.35,67.33,99.73,90.7,95.99,56.59,21.2,7.5,4,24,59.15,80.24449999999999,0,1,1,1,0,0,0,0,1,0,0,1,0,0
S2102,55.67,76.34,95.02,28.700000000000003,89.36,75.38,24.9,5.6,10,21,65.87,74.01400000000001,0,1,0,0,0,1,0,0,1,0,0,0,1,0
S2103,59.49,63.89,81.75,2.9,81.34,84.62,6.4,4.9,7,22,43.14,62.014,0,1,1,0,0,1,0,0,0,1,0,0,0,1
S2104,95.92,85.02,94.58,99.4,95.45,81.51,14.4,5.4,8,20,99.55,95.0915,0,1,1,0,1,0,0,0,1,0,0,0,1,0
S2105,80.71,70.59,96.77,31.1,63.29,90.19,21.1,6.7,6,18,70.46,70.529,1,1,0,0,0,0,1,0,0,1,0,0,0,1
S2106,89.6,65.82,83.81,87.69999999999999,71.09,72.6,27.5,6.9,8,18,41.45,67.7685,0,1,1,0,0,0,1,0,1,0,0,0,0,1
S2107,56.27,96.95,75.93,45.3,54.29,75.95,23.2,4.8,2,19,72.47,67.24549999999999,0,1,1,0,1,0,0,0,1,0,0,1,0,0
S2108,72.63,63.14,94.1,66.3,72.81,90.52,13.8,8.7,1,20,92.22,77.9885,1,0,1,0,0,1,0,0,0,1,0,0,0,1
S2109,98.28,69.91,78.39,24.1,75.32,71.39,27.7,5.6,9,24,86.35,78.45599999999999,0,0,1,0,0,1,0,0,0,0,1,0,0,1
S2110,59.12,69.11,56.34,50.3,80.8,85.08,21.6,5.3,9,21,82.05,72.136,0,0,1,0,0,0,1,0,1,0,0,1,0,0
S2111,49.63,62.06,68.34,25.8,53.2,71.73,25.8,4.9,9,21,48.37,52.93,1,1,1,1,0,0,0,0,1,0,0,0,0,1
S2112,70.65,60.87,72.3,95.1,51.62,70.89,14.6,4.6,4,24,79.46,67.064,1,1,1,0,0,1,0,0,0,1,0,1,0,0
S2113,63.27,65.12,96.77,6.1,70.99,88.01,5.1,8.9,9,23,85.98,72.0325,0,0,1,0,1,0,0,0,1,0,0,0,1,0
S2114,49.57,93.21,82.96,27.5,59.46,58.74,9.2,7.4,9,20,74.35,67.5135,1,0,0,0,1,0,0,0,1,0,0,0,0,1
S2115,93.31,88.35,93.76,89.3,87.94,66.93,28.2,7.9,5,21,93.56,90.862,0,0,1,0,1,0,0,0,0,1,0,1,0,0
S2116,99.44,84.05,87.88,48.0,83.44,61.21,5.8,6.0,1,19,56.62,77.8985,1,1,0,0,0,0,1,0,0,1,0,0,1,0
S2117,74.11,72.86,65.49,60.0,66.29,67.96,19.9,6.1,8,22,54.53,65.114,0,0,0,0,0,0,1,0,1,0,0,0,1,0
S2118,86.48,75.39,85.94,65.19999999999999,52.29,61.52,15.2,8.9,1,18,92.17,74.864,0,1,1,0,0,0,1,0,0,0,1,1,0,0
S2119,91.54,63.36,59.76,7.1,59.12,78.97,15.7,5.0,3,20,77.52,66.68199999999999,0,0,1,0,0,0,1,0,1,0,0,0,0,1
S2120,82.06,53.72,70.41,1.7999999999999998,84.58,89.91,15.0,5.6,3,18,40.09,62.8945,1,0,0,0,1,0,0,0,0,1,0,0,0,1
S2121,42.65,66.55,90.3,93.8,99.51,89.33,6.7,5.0,5,22,61.19,75.2505,0,0,0,0,1,0,0,0,1,0,0,0,0,1
S2122,49.46,74.78,80.6,27.200000000000003,66.32,68.23,8.1,5.4,5,20,91.47,70.8195,1,0,0,0,0,0,1,0,1,0,0,0,0,1
S2123,44.26,52.87,91.27,38.0,90.1,99.44,6.6,7.3,5,22,41.64,63.03649999999999,0,1,1,0,0,0,1,0,1,0,0,1,0,0
S2124,40.59,54.41,62.74,68.2,93.35,79.69,6.3,5.5,4,21,40.19,61.98649999999999,0,0,0,0,1,0,0,0,1,0,0,0,1,0
S2125,58.36,63.15,87.49,23.6,52.41,69.97,7.1,8.4,1,24,56.88,58.0985,0,1,0,0,0,0,1,0,0,0,1,0,0,1
S2126,63.54,68.35,60.12,73.3,95.81,91.78,22.4,4.2,4,21,94.84,81.9135,0,1,1,0,0,0,1,1,0,0,0,1,0,0
S2127,54.46,69.67,77.27,45.8,73.31,86.49,7.9,5.8,10,24,94.09,74.152,0,1,1,0,0,0,1,1,0,0,0,1,0,0
S2128,43.88,55.89,71.68,85.7,98.21,87.46,11.5,8.3,8,21,71.13,73.66399999999999,1,1,0,0,0,0,1,1,0,0,0,0,0,1
S2129,71.79,61.29,77.82,27.9,76.93,59.81,21.4,7.1,5,22,73.19,70.5155,1,1,1,0,0,1,0,0,0,0,1,0,0,1
S2130,56.4,63.08,56.78,20.4,61.76,73.42,7.8,7.9,7,22,59.92,58.128,1,0,1,0,0,0,1,0,0,0,1,0,1,0
S2131,87.76,53.38,68.06,83.2,98.73,93.09,27.8,5.6,1,22,54.62,75.411,0,0,1,0,1,0,0,0,1,0,0,1,0,0
S2132,40.48,66.3,83.35,32.599999999999994,62.17,75.2,16.9,5.8,5,18,88.91,66.8605,0,0,0,0,1,0,0,0,1,0,0,1,0,0
S2133,90.55,53.61,77.93,41.2,94.12,84.17,29.1,8.4,10,22,46.38,71.308,1,0,1,0,1,0,0,0,1,0,0,0,1,0
S2134,97.29,85.17,77.45,79.4,58.66,79.4,9.8,7.7,8,21,69.24,73.992,0,1,0,0,1,0,0,0,0,0,1,0,0,1
S2135,82.97,69.3,75.54,63.6,83.74,92.12,5.8,5.9,5,19,78.06,78.2115,0,0,1,0,0,0,1,1,0,0,0,0,0,1
S2136,84.02,66.34,97.19,44.2,70.56,64.23,19.8,5.1,1,22,46.22,67.206,0,0,1,0,0,1,0,1,0,0,0,0,0,1
S2137,96.01,56.33,96.73,25.0,98.6,78.77,13.2,4.5,2,19,71.18,81.149,1,0,1,1,0,0,0,0,1,0,0,0,0,1
S2138,52.54,61.33,68.01,76.39999999999999,59.24,56.16,19.3,8.3,6,24,74.65,64.136,1,1,0,1,0,0,0,0,1,0,0,0,1,0
S2139,99.67,61.64,67.59,18.0,70.44,84.51,16.8,7.5,2,21,84.55,74.125,1,0,1,1,0,0,0,0,1,0,0,1,0,0
S2140,86.41,99.26,77.74,92.8,81.99,86.6,16.4,7.0,9,22,54.09,78.384,1,1,0,1,0,0,0,0,0,1,0,0,0,1
S2141,83.59,91.77,54.78,15.0,98.88,52.14,26.3,7.9,9,18,57.6,76.596,1,1,0,0,1,0,0,0,0,0,1,0,1,0
S2142,61.67,50.76,65.15,80.5,65.19,83.79,9.8,8.6,2,18,74.17,65.50399999999999,0,0,1,0,0,0,1,1,0,0,0,0,1,0
S2143,72.75,80.84,61.54,42.400000000000006,69.84,70.73,17.5,7.8,1,24,98.99,77.012,0,1,1,0,0,0,1,1,0,0,0,1,0,0
S2144,79.24,62.8,61.17,18.6,73.09,56.2,15.4,6.1,7,19,53.05,63.5425,0,0,1,1,0,0,0,0,1,0,0,0,1,0
S2145,77.22,55.22,81.93,40.2,62.64,71.0,21.8,4.9,7,23,99.15,73.6485,0,0,1,1,0,0,0,0,1,0,0,1,0,0
S2146,82.3,85.28,69.22,22.200000000000003,90.87,59.71,6.3,7.6,3,18,82.86,81.145,1,0,0,0,0,1,0,0,0,0,1,0,0,1
S2147,44.94,56.58,58.56,13.6,54.6,70.78,18.2,5.2,2,18,89.56,60.534000000000006,1,1,0,0,0,1,0,0,1,0,0,1,0,0
S2148,61.34,72.19,94.38,23.9,85.24,69.22,17.0,7.9,9,18,45.38,67.5795,0,0,0,0,0,1,0,0,1,0,0,0,0,1
S2149,66.04,81.61,93.71,86.7,76.7,86.92,29.3,5.7,9,21,58.03,73.37100000000001,1,0,0,0,1,0,0,1,0,0,0,0,0,1
S2150,55.64,77.72,93.12,10.6,62.1,88.71,23.9,4.8,6,18,43.46,59.341,0,0,0,0,0,0,1,0,0,0,1,0,0,1
S2151,50.36,98.88,69.54,97.3,74.64,80.35,8.9,5.3,7,20,62.29,72.1695,0,0,1,0,1,0,0,1,0,0,0,0,1,0
S2152,48.34,89.29,52.85,0.5,91.5,51.13,17.7,5.3,2,22,98.88,78.1245,0,0,1,0,1,0,0,1,0,0,0,0,1,0
S2153,61.98,88.71,55.34,65.8,72.27,96.55,24.6,5.9,6,24,46.32,64.68849999999999,0,0,0,0,0,0,1,0,1,0,0,0,1,0
S2154,69.61,67.78,63.8,85.7,56.09,84.31,18.1,5.3,6,18,73.74,66.5355,1,1,1,0,0,1,0,1,0,0,0,0,0,1
S2155,43.78,50.42,61.0,93.4,52.04,51.71,13.9,5.1,8,23,40.36,50.602,0,1,0,0,0,0,1,0,0,0,1,0,1,0
S2156,96.79,86.72,93.7,14.4,88.89,90.94,14.4,6.0,9,23,82.76,84.9735,1,1,1,1,0,0,0,0,1,0,0,0,0,1
S2157,85.91,99.99,99.32,69.80000000000001,66.52,60.01,14.2,8.3,2,18,51.83,74.2205,0,0,1,0,0,1,0,0,0,0,1,0,1,0
S2158,83.85,70.29,90.83,10.7,96.56,78.96,5.5,4.4,7,18,47.78,73.652,0,1,1,0,0,0,1,0,1,0,0,0,0,1
S2159,50.37,99.28,86.49,35.3,80.86,73.33,23.3,5.5,9,20,60.22,72.1745,0,0,0,0,1,0,0,0,0,0,1,0,0,1
S2160,76.23,57.09,79.43,73.2,71.81,70.99,20.3,6.8,6,18,86.26,74.709,0,1,1,0,0,0,1,0,0,0,1,1,0,0
S2161,71.78,64.83,88.5,34.6,78.22,94.49,11.7,8.4,7,18,46.4,66.13749999999999,1,1,0,0,0,1,0,0,0,1,0,0,0,1
S2162,98.95,58.54,97.35,31.3,72.86,71.87,20.8,5.4,9,22,53.79,70.229,0,1,1,1,0,0,0,0,0,0,1,1,0,0
S2163,84.86,73.76,80.07,11.6,95.29,53.77,12.7,5.7,10,23,40.51,71.0945,1,0,0,0,1,0,0,1,0,0,0,1,0,0
S2164,74.55,89.85,57.73,6.6000000000000005,72.9,97.33,11.1,8.0,4,20,98.1,77.158,0,1,1,1,0,0,0,1,0,0,0,0,0,1
S2165,91.05,67.03,58.19,11.5,55.2,96.03,23.5,5.9,2,23,75.53,65.5485,0,1,0,1,0,0,0,0,1,0,0,0,1,0
S2166,49.31,95.31,79.19,87.5,79.85,84.22,25.2,8.3,2,20,83.19,78.73949999999999,0,0,1,0,1,0,0,0,1,0,0,0,1,0
S2167,40.91,77.24,66.67,1.1,81.15,73.39,20.6,6.3,1,23,79.08,68.5595,1,0,0,0,0,0,1,0,1,0,0,1,0,0
S2168,81.41,73.27,95.51,69.3,88.27,54.64,24.6,6.8,9,18,48.66,74.86399999999999,0,1,1,0,0,0,1,0,0,0,1,0,0,1
S2169,45.9,89.35,80.58,76.9,96.66,89.54,14.1,6.8,10,23,75.7,80.11349999999999,0,0,0,1,0,0,0,0,0,0,1,0,0,1
S2170,46.93,55.07,83.82,56.8,72.15,53.77,6.8,4.6,4,23,47.88,60.137,0,1,0,0,0,0,1,1,0,0,0,0,0,1
S2171,84.68,88.69,50.29,73.1,67.6,53.43,20.1,5.8,5,20,64.07,70.987,0,1,1,0,0,1,0,0,0,0,1,1,0,0
S2172,56.23,62.15,74.94,65.19999999999999,74.54,76.87,11.4,5.2,4,24,74.14,69.408,0,0,0,1,0,0,0,0,0,0,1,0,0,1
S2173,77.72,64.04,71.56,45.6,95.01,58.01,24.4,7.4,4,19,73.53,77.5855,1,1,1,1,0,0,0,1,0,0,0,0,1,0
S2174,95.04,79.97,85.29,38.3,99.0,50.39,14.0,8.7,6,20,47.14,78.18050000000001,1,0,0,1,0,0,0,0,1,0,0,1,0,0
S2175,58.99,95.1,69.13,94.1,98.56,71.16,21.8,5.1,6,20,42.07,74.817,0,1,0,0,0,1,0,0,0,0,1,1,0,0
S2176,53.03,78.92,98.83,97.2,61.48,56.86,18.8,4.5,1,20,87.89,74.952,0,1,0,1,0,0,0,0,0,1,0,1,0,0
S2177,46.39,82.45,83.51,65.1,74.84,58.03,25.4,6.5,1,21,83.56,74.274,1,0,0,0,0,0,1,0,1,0,0,0,1,0
S2178,47.83,88.83,83.0,19.7,62.97,53.85,25.8,6.0,7,24,44.91,59.9025,0,1,0,0,0,0,1,0,1,0,0,0,1,0
S2179,43.73,62.97,95.97,44.8,68.4,60.25,6.7,4.2,1,21,47.64,60.272000000000006,1,1,1,0,0,0,1,1,0,0,0,1,0,0
S2180,45.26,91.36,99.76,49.7,51.58,85.77,12.4,8.6,1,21,93.56,71.818,0,0,0,0,0,0,1,0,1,0,0,0,1,0
S2181,65.92,70.9,59.89,75.8,58.03,90.45,26.8,8.7,6,20,86.15,69.24849999999999,0,0,1,1,0,0,0,0,0,0,1,0,1,0
S2182,59.25,58.78,90.53,66.8,69.85,72.63,15.1,8.3,8,19,99.77,75.995,1,0,1,0,0,1,0,0,0,0,1,0,1,0
S2183,82.39,67.51,58.12,51.5,68.24,75.33,17.9,5.4,7,20,55.24,65.154,0,1,1,0,1,0,0,0,1,0,0,0,0,1
S2184,92.21,62.31,72.85,68.0,63.94,51.63,9.6,4.6,6,18,69.27,70.3625,1,0,0,0,0,0,1,0,0,0,1,0,0,1
S2185,87.09,61.44,55.01,2.4,61.52,53.47,18.8,7.0,7,19,54.19,59.904,1,0,1,0,1,0,0,0,0,1,0,1,0,0
S2186,71.84,64.13,81.17,77.69999999999999,87.45,62.88,11.6,5.4,2,21,77.37,77.975,1,0,1,0,1,0,0,0,1,0,0,1,0,0
S2187,46.15,59.05,73.43,21.200000000000003,64.73,77.19,25.7,5.0,6,23,46.92,55.33200000000001,0,0,0,1,0,0,0,1,0,0,0,0,0,1
S2188,82.59,83.39,81.43,65.6,85.33,86.98,10.0,7.2,9,23,47.63,73.8265,1,0,0,0,0,0,1,0,1,0,0,1,0,0
S2189,61.77,79.0,83.9,11.4,68.43,80.25,14.0,7.8,4,24,44.31,61.682,1,1,0,0,0,0,1,0,1,0,0,0,0,1
S2190,45.14,82.42,80.97,11.4,90.1,69.61,7.4,6.6,2,22,81.62,75.236,0,1,0,0,0,0,1,1,0,0,0,0,0,1
S2191,90.55,67.19,64.7,3.6,58.36,55.92,19.7,5.6,9,24,69.64,65.229,0,1,1,0,1,0,0,0,1,0,0,1,0,0
S2192,60.29,88.49,91.85,91.0,57.88,89.04,28.5,6.6,8,19,77.06,72.681,0,1,0,0,0,0,1,1,0,0,0,0,0,1
S2193,53.09,56.48,77.58,60.5,83.98,68.19,9.3,7.0,8,21,92.76,75.6025,0,1,1,0,0,0,1,0,1,0,0,1,0,0
S2194,92.29,78.56,74.49,36.2,95.75,86.8,5.5,4.3,7,19,84.42,84.7165,0,1,1,0,0,1,0,0,1,0,0,0,1,0
S2195,94.13,63.77,99.35,78.8,57.15,75.65,15.6,6.2,8,19,67.7,71.63,0,0,0,1,0,0,0,1,0,0,0,0,1,0
S2196,60.34,76.38,64.18,62.6,53.69,86.93,23.7,7.0,3,23,99.06,70.928,1,1,0,0,0,0,1,0,0,0,1,0,0,1
S2197,61.29,66.18,76.4,62.0,96.73,95.36,29.4,4.6,6,20,67.38,75.7245,0,0,0,0,0,0,1,0,1,0,0,0,0,1
S2198,74.78,89.53,84.12,48.7,55.87,96.05,6.3,6.2,7,18,46.75,63.94199999999999,1,0,1,1,0,0,0,0,0,1,0,0,1,0
S2199,84.01,94.56,56.26,0.8,62.52,76.76,24.6,5.7,5,22,99.56,76.0975,0,0,0,1,0,0,0,1,0,0,0,0,1,0
S2200,43.79,87.13,67.71,25.8,96.47,75.58,14.2,8.3,2,21,41.37,66.9825,1,0,0,0,1,0,0,0,0,0,1,0,0,1
S2201,75.6,58.78,90.08,10.9,90.15,63.28,8.8,6.4,10,19,72.99,75.0025,1,1,0,0,1,0,0,0,0,0,1,0,1,0
S2202,97.17,63.74,61.84,66.2,67.14,96.79,9.8,6.1,7,22,58.55,68.41,0,1,0,0,1,0,0,0,1,0,0,0,0,1
S2203,55.73,95.97,74.66,24.9,97.73,72.9,28.1,5.2,2,19,70.21,78.33749999999999,0,1,1,1,0,0,0,0,1,0,0,0,1,0
S2204,94.53,71.86,81.53,45.0,78.4,56.38,25.2,8.8,9,23,73.52,77.2615,1,1,1,0,0,1,0,0,1,0,0,0,1,0
S2205,97.01,97.06,83.56,35.3,53.61,71.64,12.8,8.8,9,18,54.41,68.917,0,0,0,0,0,0,1,0,1,0,0,0,0,1
S2206,56.15,69.62,86.42,14.3,85.15,56.35,28.5,5.8,10,23,73.41,72.12,0,1,0,1,0,0,0,0,0,1,0,0,0,1
S2207,85.25,97.59,93.3,95.8,76.86,75.13,7.6,8.6,6,22,85.36,85.94399999999999,1,0,0,0,0,1,0,0,0,0,1,0,0,1
S2208,54.33,96.29,69.64,93.3,78.63,78.06,13.1,7.1,4,21,55.99,71.8085,1,1,0,1,0,0,0,1,0,0,0,0,0,1
S2209,84.26,83.03,85.33,8.5,99.71,66.89,21.3,7.9,10,19,63.01,79.717,1,0,1,0,0,1,0,0,0,1,0,1,0,0
S2210,87.85,50.44,86.61,82.69999999999999,57.63,53.58,30.0,4.4,4,18,56.09,64.851,0,1,0,1,0,0,0,0,0,1,0,1,0,0
S2211,54.83,70.02,65.01,48.8,82.84,97.18,16.6,4.1,5,23,89.23,74.828,0,1,0,1,0,0,0,0,0,1,0,0,0,1
S2212,82.95,95.56,98.41,77.4,72.94,88.67,25.3,6.6,7,22,83.5,83.24449999999999,0,0,0,0,0,1,0,1,0,0,0,1,0,0
S2213,88.73,94.26,93.26,15.1,63.59,91.94,27.9,4.4,8,23,92.27,79.674,0,1,1,0,0,1,0,0,0,1,0,0,1,0
S2214,61.51,59.37,64.49,13.2,84.68,68.34,5.2,8.5,10,19,50.2,63.19499999999999,1,1,1,0,0,1,0,0,1,0,0,0,0,1
S2215,50.06,69.96,83.75,89.1,83.41,88.04,12.2,8.1,8,19,44.41,66.9585,0,1,0,0,0,1,0,0,1,0,0,1,0,0
S2216,45.52,91.78,85.89,89.80000000000001,92.82,74.27,7.5,7.6,7,21,47.16,73.31,1,0,0,0,0,1,0,0,1,0,0,0,0,1
S2217,74.52,78.89,71.57,46.6,93.94,60.05,24.4,4.2,6,18,49.66,73.0955,0,1,1,0,0,1,0,0,0,1,0,0,1,0
S2218,98.69,92.36,93.19,87.0,78.09,56.22,19.2,6.3,2,20,71.98,83.7485,0,0,0,0,0,1,0,0,0,1,0,0,1,0
S2219,89.38,91.33,84.51,66.7,66.28,67.25,7.4,4.4,8,23,98.25,83.339,1,0,0,0,0,1,0,0,0,0,1,0,0,1
S2220,66.15,95.37,82.91,18.5,76.48,56.88,15.5,8.6,4,19,61.43,71.7455,0,1,0,1,0,0,0,0,1,0,0,1,0,0
S2221,72.2,55.86,61.04,32.9,67.96,99.91,17.8,7.1,8,22,97.51,71.7235,0,1,0,0,0,1,0,0,0,0,1,0,0,1
S2222,56.77,57.26,70.39,13.6,63.87,52.46,22.4,4.8,5,23,42.29,54.557,1,0,1,0,0,1,0,0,1,0,0,0,0,1
S2223,49.78,54.14,71.7,77.4,77.58,72.06,24.5,6.8,3,21,95.61,73.80449999999999,0,1,1,1,0,0,0,0,1,0,0,0,1,0
S2224,68.92,96.76,86.68,98.5,82.9,72.6,7.2,4.6,6,21,50.87,76.0325,1,0,1,1,0,0,0,0,0,0,1,0,0,1
S2225,67.81,73.76,80.92,54.6,79.53,65.03,17.2,4.7,2,19,94.75,79.604,1,0,0,0,1,0,0,1,0,0,0,1,0,0
S2226,71.32,53.22,54.29,65.6,97.72,78.57,9.0,4.4,6,19,43.37,67.5485,1,0,1,0,1,0,0,1,0,0,0,0,0,1
S2227,97.17,66.08,65.38,74.6,64.93,57.5,23.8,8.4,6,19,96.89,78.45700000000001,1,0,1,0,0,1,0,1,0,0,0,0,0,1
S2228,76.23,67.57,73.65,22.4,68.62,89.2,21.4,6.7,1,24,52.05,63.6535,0,1,1,0,0,1,0,0,1,0,0,0,1,0
S2229,76.35,90.48,86.84,33.6,83.38,66.62,23.1,5.6,10,20,58.16,74.94250000000001,0,1,1,0,1,0,0,0,1,0,0,0,1,0
S2230,47.68,86.77,87.18,41.2,80.02,79.57,6.9,4.0,5,19,69.46,72.3165,0,1,1,0,1,0,0,0,1,0,0,0,1,0
S2231,99.79,84.47,74.53,59.5,50.09,85.78,17.8,6.4,5,23,62.84,68.804,1,1,1,0,0,0,1,1,0,0,0,0,1,0
S2232,86.37,51.09,55.85,85.0,65.61,94.45,26.0,6.6,8,23,80.05,70.1495,0,0,1,0,0,0,1,0,0,1,0,1,0,0
S2233,92.63,95.53,64.65,25.4,62.69,91.79,22.8,5.7,7,24,98.49,79.3885,0,1,0,0,0,1,0,0,1,0,0,0,1,0
S2234,64.86,60.78,62.73,47.1,92.0,80.42,26.5,6.4,9,24,76.39,74.1715,0,0,0,0,0,0,1,0,1,0,0,0,0,1
S2235,70.13,81.45,89.05,75.19999999999999,93.31,69.42,10.2,4.5,10,18,83.29,84.2175,0,1,1,0,1,0,0,0,1,0,0,0,1,0
S2236,71.33,53.09,59.0,8.7,64.19,75.16,12.2,8.6,3,22,45.28,55.575,1,1,0,0,0,1,0,0,1,0,0,1,0,0
S2237,51.65,54.08,73.25,51.3,55.1,88.44,16.0,5.3,1,19,77.67,61.697,1,0,1,1,0,0,0,0,0,1,0,1,0,0
S2238,81.37,50.48,83.54,14.4,60.26,93.88,18.1,8.7,7,23,67.23,63.737,0,1,0,1,0,0,0,0,0,0,1,0,1,0
S2239,94.18,78.3,98.24,53.9,58.83,55.19,11.3,6.5,9,24,93.15,79.3275,1,1,1,0,1,0,0,0,1,0,0,0,1,0
S2240,49.82,81.47,99.96,76.8,61.87,69.24,14.5,8.3,10,23,63.29,67.91300000000001,0,0,1,0,0,0,1,0,1,0,0,0,1,0
S2241,45.18,52.52,97.65,23.700000000000003,61.73,88.81,22.2,6.9,10,23,80.77,64.31649999999999,0,0,1,1,0,0,0,1,0,0,0,0,1,0
S2242,84.29,64.52,85.91,84.9,73.99,71.58,21.1,8.2,7,24,53.69,70.777,0,0,0,0,0,0,1,1,0,0,0,0,0,1
S2243,56.39,92.57,87.32,33.5,65.98,66.61,7.8,4.1,10,20,55.56,66.435,1,0,0,1,0,0,0,0,0,1,0,0,0,1
S2244,77.43,55.07,87.96,19.1,77.99,70.57,29.6,4.9,7,24,62.57,68.6655,0,0,1,0,0,0,1,0,1,0,0,1,0,0
S2245,81.75,60.83,93.13,46.5,67.21,80.14,19.1,5.8,10,24,58.24,67.74799999999999,1,0,0,1,0,0,0,0,0,0,1,0,1,0
S2246,59.31,71.22,97.59,87.6,90.73,99.99,17.1,5.5,6,22,55.23,74.745,1,0,1,1,0,0,0,0,0,0,1,0,1,0
S2247,88.91,92.11,72.29,6.9,97.54,74.65,29.2,8.7,5,24,42.98,74.734,0,0,0,0,0,1,0,0,0,1,0,0,0,1
S2248,73.0,62.74,70.83,32.8,70.2,60.42,8.5,6.0,5,21,90.2,72.694,1,0,1,0,0,1,0,0,0,0,1,0,1,0
S2249,92.14,99.86,73.02,65.3,52.47,58.14,18.6,8.9,8,24,43.86,66.07300000000001,1,0,1,0,1,0,0,0,1,0,0,0,0,1
S2250,85.8,67.76,82.99,35.8,61.98,52.12,25.1,7.3,9,23,93.24,75.027,0,0,0,1,0,0,0,1,0,0,0,1,0,0
S2251,92.11,69.32,88.77,7.1,55.09,77.94,15.0,8.2,4,19,47.53,61.856,1,1,1,0,0,0,1,0,0,1,0,1,0,0
S2252,41.21,56.11,93.53,33.2,67.24,77.23,23.4,6.0,10,23,43.92,56.76299999999999,1,1,1,1,0,0,0,0,0,0,1,0,1,0
S2253,54.61,84.01,72.81,82.10000000000001,82.26,60.26,27.5,5.0,1,22,73.78,75.30199999999999,0,0,1,0,0,0,1,0,0,1,0,0,1,0
S2254,45.4,62.17,68.17,96.8,75.95,84.77,11.5,4.3,5,21,70.15,68.115,0,1,1,0,0,0,1,0,0,1,0,0,1,0
S2255,66.52,81.44,99.17,4.0,62.14,87.06,11.0,7.3,4,24,69.47,68.32050000000001,1,0,0,1,0,0,0,0,1,0,0,0,0,1
S2256,93.4,61.16,61.59,56.900000000000006,88.36,62.95,14.0,8.9,4,20,74.47,77.31349999999999,0,0,1,0,0,0,1,0,1,0,0,0,0,1
S2257,68.05,69.39,61.1,10.5,56.57,67.2,15.5,4.6,1,18,57.22,58.527,0,0,0,0,1,0,0,0,0,1,0,1,0,0
S2258,90.98,92.83,85.77,68.0,61.41,99.52,7.8,7.9,3,24,79.78,77.9165,1,1,0,0,0,1,0,0,1,0,0,0,0,1
S2259,59.63,86.95,58.98,0.8,83.8,68.71,10.8,5.8,3,19,70.14,70.6,1,0,1,0,0,0,1,0,0,0,1,0,1,0
S2260,60.37,57.73,69.97,1.5,59.86,88.04,26.8,9.0,8,18,60.08,57.765,0,1,1,1,0,0,0,0,0,1,0,1,0,0
S2261,93.73,80.39,64.62,77.69999999999999,83.94,72.64,19.2,8.4,6,20,89.59,84.0445,1,0,1,0,0,1,0,0,1,0,0,0,1,0
S2262,65.55,81.43,58.44,7.4,98.85,89.67,11.7,5.2,6,22,83.66,78.831,0,1,0,0,1,0,0,0,0,0,1,0,0,1
S2263,87.39,54.53,78.99,30.5,91.57,88.45,28.6,7.8,6,22,63.62,74.088,0,1,1,0,0,0,1,1,0,0,0,0,0,1
S2264,54.2,73.29,68.68,95.8,58.0,83.39,24.4,7.7,8,20,90.86,70.8965,1,0,0,0,0,0,1,1,0,0,0,0,1,0
S2265,96.93,63.03,73.11,98.5,76.02,92.74,14.1,7.8,5,23,95.22,82.841,1,1,1,0,0,1,0,0,0,1,0,0,1,0
S2266,74.47,73.36,59.79,16.1,71.12,96.96,24.1,4.4,3,20,72.21,68.347,0,1,1,0,0,0,1,0,1,0,0,1,0,0
S2267,85.56,88.85,88.39,56.1,99.58,79.0,19.9,8.0,1,24,52.9,80.9045,0,0,0,1,0,0,0,0,0,0,1,0,0,1
S2268,45.37,57.91,65.74,55.9,98.22,61.87,22.1,5.3,8,19,94.95,78.0645,0,1,1,0,0,1,0,0,0,1,0,0,0,1
S2269,69.56,56.17,67.14,45.2,56.36,69.93,13.0,7.0,10,21,51.37,57.58399999999999,0,1,1,0,0,1,0,0,1,0,0,1,0,0
S2270,94.06,63.47,62.61,92.5,95.44,87.92,10.2,4.6,4,24,42.91,73.875,1,1,1,0,0,0,1,1,0,0,0,1,0,0
S2271,92.62,97.61,71.72,75.4,59.67,82.54,11.3,6.8,3,24,59.65,72.29,0,1,0,0,1,0,0,0,1,0,0,0,0,1
S2272,42.81,87.39,73.18,76.5,65.97,58.89,7.1,8.5,8,24,83.62,71.369,1,0,0,0,1,0,0,0,0,0,1,1,0,0
S2273,58.22,50.97,76.48,27.0,67.67,52.56,16.8,4.9,10,18,95.4,69.5275,1,1,1,0,1,0,0,0,0,1,0,0,0,1
S2274,66.6,70.05,98.38,43.4,64.34,84.15,15.2,8.3,7,18,78.24,71.3675,0,1,0,0,1,0,0,1,0,0,0,0,0,1
S2275,50.34,62.87,95.23,48.7,92.66,62.55,5.1,6.2,8,22,97.11,81.015,1,0,0,0,0,1,0,0,0,0,1,1,0,0
S2276,83.8,81.91,80.47,29.9,66.5,74.98,26.4,5.6,2,24,45.54,65.73349999999999,1,1,1,0,0,1,0,1,0,0,0,1,0,0
S2277,51.07,72.96,51.95,9.5,90.84,87.34,22.0,4.3,8,23,43.65,62.43900000000001,0,1,0,0,0,0,1,1,0,0,0,1,0,0
S2278,60.8,98.22,80.61,12.6,99.72,78.13,16.2,6.6,4,22,76.25,81.5225,1,1,1,0,1,0,0,0,0,1,0,0,0,1
S2279,79.8,60.95,54.48,18.1,92.04,54.17,29.2,5.0,2,19,97.97,79.57,1,0,0,0,1,0,0,0,0,1,0,1,0,0
S2280,68.93,79.39,85.52,20.4,67.31,59.28,28.5,8.7,4,20,70.16,69.553,0,0,1,0,0,0,1,0,1,0,0,0,0,1
S2281,84.31,85.01,69.5,24.2,85.56,60.97,7.4,5.2,8,18,43.09,69.9985,0,1,0,0,0,0,1,0,1,0,0,0,1,0
S2282,97.67,91.28,91.88,25.5,76.7,62.89,20.4,6.9,6,24,53.27,75.133,0,0,0,0,0,0,1,0,1,0,0,1,0,0
S2283,46.99,70.35,97.13,45.6,89.33,78.27,25.4,6.8,3,19,54.69,70.0655,0,0,1,1,0,0,0,0,1,0,0,0,0,1
S2284,82.57,84.35,70.86,51.0,57.65,75.2,9.3,5.7,7,22,60.27,67.03649999999999,0,1,1,0,0,0,1,0,1,0,0,0,0,1
S2285,53.82,65.16,73.03,30.9,81.91,60.16,8.2,8.3,6,22,42.62,61.923,0,1,0,0,0,0,1,0,1,0,0,0,0,1
S2286,64.87,71.77,79.51,90.7,88.68,53.38,11.5,4.9,5,18,94.29,83.1585,0,0,1,1,0,0,0,0,1,0,0,1,0,0
S2287,41.97,94.78,59.86,55.3,88.06,58.57,12.0,8.1,6,22,70.93,73.41400000000002,1,1,1,0,1,0,0,1,0,0,0,1,0,0
S2288,48.15,97.5,96.37,78.7,98.18,99.22,29.1,5.0,3,23,80.26,84.9385,1,0,1,0,0,1,0,0,1,0,0,0,1,0
S2289,59.19,85.94,71.65,92.4,52.92,73.43,24.5,4.2,5,22,44.03,60.438,0,0,1,0,1,0,0,1,0,0,0,1,0,0
S2290,60.52,68.72,58.34,16.299999999999997,67.29,93.37,6.5,8.7,3,21,43.25,57.0345,1,0,1,0,0,1,0,0,1,0,0,0,1,0
S2291,93.98,91.0,88.14,42.8,73.83,92.44,24.7,7.2,2,20,75.19,79.6475,1,1,0,0,0,1,0,0,1,0,0,0,1,0
S2292,84.51,51.29,60.96,43.3,65.49,75.58,9.2,7.2,2,22,93.24,71.588,0,0,0,0,0,0,1,1,0,0,0,0,1,0
S2293,98.33,55.14,57.18,35.4,65.49,85.33,13.9,5.3,2,21,71.71,68.083,1,1,0,0,0,0,1,0,1,0,0,0,1,0
S2294,75.94,83.07,78.14,0.8999999999999999,58.81,59.64,13.0,4.7,10,19,92.67,72.521,0,1,1,1,0,0,0,1,0,0,0,1,0,0
S2295,54.5,64.56,83.57,81.6,90.65,84.42,11.8,7.5,4,22,88.66,79.65599999999999,1,0,0,0,1,0,0,0,0,1,0,0,1,0
S2296,59.66,97.57,78.48,11.2,95.4,63.62,12.7,6.6,2,23,44.55,71.75,0,1,1,0,1,0,0,1,0,0,0,1,0,0
S2297,59.19,71.8,82.83,99.5,54.12,91.6,23.9,5.6,4,19,52.12,62.1725,1,1,0,0,0,1,0,0,1,0,0,1,0,0
S2298,59.59,71.47,55.78,77.30000000000001,57.74,54.19,11.7,5.6,9,24,79.46,66.289,1,0,1,0,0,0,1,0,0,0,1,1,0,0
S2299,80.38,83.9,73.8,58.0,61.42,88.66,25.0,8.4,3,22,66.61,70.0005,1,0,0,0,0,0,1,0,0,1,0,1,0,0
S2300,71.85,88.38,67.85,15.5,75.45,55.0,7.3,8.4,5,18,57.44,68.58949999999999,0,1,0,0,1,0,0,0,1,0,0,1,0,0
S2301,63.13,73.78,98.67,51.5,89.56,94.06,19.9,5.4,2,21,65.12,76.12650000000001,1,1,0,1,0,0,0,0,0,1,0,0,0,1
S2302,48.95,60.7,52.48,26.1,53.57,65.21,26.6,8.0,7,21,66.71,55.749,1,0,1,0,0,0,1,0,1,0,0,1,0,0
S2303,41.33,88.67,64.91,25.2,81.84,82.72,7.0,5.1,10,18,94.63,75.4605,0,0,1,1,0,0,0,1,0,0,0,1,0,0
S2304,53.13,66.02,97.09,83.0,57.47,74.38,20.9,8.0,5,20,46.21,60.525,0,1,0,0,1,0,0,0,0,0,1,0,1,0
S2305,46.45,58.76,99.17,38.1,98.57,68.32,17.8,4.6,7,24,56.78,71.3695,1,1,1,0,1,0,0,0,1,0,0,0,1,0
S2306,87.13,81.58,91.25,45.1,94.94,82.27,13.3,7.8,3,23,72.25,83.231,1,0,0,1,0,0,0,1,0,0,0,0,1,0
S2307,46.75,54.52,53.8,84.3,97.48,97.38,7.5,6.8,6,21,81.9,74.50450000000001,1,0,0,0,0,0,1,0,1,0,0,0,1,0
S2308,83.45,98.57,78.07,8.8,55.31,52.06,21.9,4.6,3,19,77.84,71.603,1,0,0,0,1,0,0,0,0,0,1,0,1,0
S2309,63.14,81.62,70.01,59.5,74.4,95.94,12.7,7.1,1,23,96.5,78.135,0,1,0,0,0,1,0,1,0,0,0,0,1,0
S2310,44.4,99.29,90.32,57.8,58.26,80.45,13.5,5.0,8,21,87.74,72.8885,1,1,0,0,1,0,0,0,0,0,1,1,0,0
S2311,88.76,66.94,52.75,42.5,80.02,90.37,22.9,5.0,9,24,73.42,73.116,1,1,0,0,0,0,1,1,0,0,0,1,0,0
S2312,74.78,98.56,59.86,83.0,61.64,69.19,28.6,6.2,5,20,52.88,67.849,0,1,1,0,0,1,0,0,0,1,0,0,1,0
S2313,54.15,57.28,74.46,94.3,88.53,73.59,13.3,8.8,1,24,67.05,72.19699999999999,1,1,1,0,1,0,0,0,1,0,0,0,0,1
S2314,93.68,52.03,57.88,46.5,82.2,93.44,23.7,8.5,2,19,81.6,75.0295,1,1,0,0,0,0,1,0,1,0,0,0,0,1
S2315,42.72,51.65,84.64,45.6,78.58,70.74,28.9,8.1,8,24,90.28,71.0435,1,0,1,0,0,0,1,0,1,0,0,1,0,0
S2316,52.11,73.24,91.04,50.2,91.26,76.73,7.4,8.3,7,23,97.58,82.1895,0,0,1,0,1,0,0,0,1,0,0,1,0,0
S2317,85.12,54.15,85.23,72.30000000000001,75.01,51.01,18.2,6.5,4,19,76.33,74.614,0,1,0,0,0,0,1,0,1,0,0,0,0,1
S2318,82.56,75.61,72.01,66.8,63.49,57.93,5.3,5.9,3,18,71.62,71.21849999999999,1,1,0,1,0,0,0,0,0,0,1,0,0,1
S2319,57.36,66.38,93.92,22.3,81.04,82.08,25.6,8.4,4,22,41.06,63.64500000000001,1,0,0,0,0,1,0,0,1,0,0,0,1,0
S2320,43.72,66.78,56.88,6.4,97.85,85.85,12.2,4.4,5,18,44.33,63.0205,0,0,1,1,0,0,0,0,1,0,0,0,0,1
S2321,91.48,81.78,63.02,94.9,80.06,79.13,13.3,9.0,4,23,49.37,73.3965,1,0,0,0,1,0,0,0,0,1,0,0,1,0
S2322,58.82,58.15,74.48,26.1,81.48,57.17,22.2,6.8,9,22,43.29,61.565,1,1,1,1,0,0,0,0,1,0,0,1,0,0
S2323,51.74,88.33,53.07,63.9,96.74,72.27,24.7,6.7,1,18,64.05,74.547,0,1,0,0,1,0,0,0,1,0,0,1,0,0
S2324,70.96,79.1,54.78,82.8,75.76,67.75,15.0,5.5,1,22,60.21,69.9075,0,1,1,0,1,0,0,1,0,0,0,0,1,0
S2325,94.61,95.75,69.87,30.0,99.82,74.78,21.6,4.9,10,21,78.24,86.547,0,0,0,0,0,0,1,0,1,0,0,1,0,0
S2326,42.61,68.24,97.19,63.5,57.98,93.52,28.9,7.4,7,24,72.14,64.9505,1,0,1,0,0,0,1,0,1,0,0,1,0,0
S2327,85.95,99.14,95.42,10.8,76.85,88.79,27.2,5.8,3,19,75.76,79.8405,1,0,1,0,1,0,0,1,0,0,0,0,1,0
S2328,74.35,78.79,73.3,97.0,60.65,54.2,22.5,5.5,4,22,68.32,70.42599999999999,1,1,1,0,0,1,0,0,0,0,1,0,0,1
S2329,65.53,98.67,57.11,5.8,72.67,94.52,28.6,4.8,1,21,56.66,66.597,1,0,1,0,0,1,0,0,0,0,1,1,0,0
S2330,84.64,51.35,58.91,43.8,58.53,73.59,26.9,6.7,2,24,97.17,70.331,0,1,1,0,0,1,0,1,0,0,0,0,0,1
S2331,97.95,86.4,68.88,53.7,61.13,87.19,23.2,6.9,5,24,45.18,66.8595,1,1,0,1,0,0,0,0,1,0,0,0,0,1
S2332,53.75,90.83,60.5,79.0,60.54,57.0,27.9,6.2,4,20,96.33,73.9315,1,1,1,0,1,0,0,0,0,0,1,1,0,0
S2333,48.62,52.66,54.15,12.1,66.0,83.54,25.4,4.1,3,18,58.67,55.67949999999999,0,0,0,0,0,0,1,0,0,0,1,0,0,1
S2334,94.77,78.95,83.69,44.1,56.73,61.82,17.6,6.5,2,20,70.76,71.341,0,1,1,1,0,0,0,0,0,1,0,1,0,0
S2335,80.14,90.1,79.07,30.0,90.47,71.92,17.6,5.4,1,23,46.53,73.7165,1,1,0,1,0,0,0,0,0,0,1,1,0,0
S2336,66.28,78.05,64.56,31.200000000000003,61.03,50.84,5.2,4.7,1,21,44.26,59.0395,0,1,1,0,0,0,1,0,1,0,0,0,1,0
S2337,74.4,53.19,88.95,77.9,70.83,57.58,5.8,6.9,1,20,65.77,69.62,0,1,1,0,1,0,0,0,0,1,0,1,0,0
S2338,84.74,84.67,88.8,0.5,50.8,54.6,23.7,7.4,7,20,84.5,70.6815,1,0,0,1,0,0,0,0,0,1,0,0,1,0
S2339,86.38,53.03,74.55,74.9,55.24,61.99,18.9,6.6,1,24,56.16,62.72349999999999,1,1,1,0,1,0,0,0,1,0,0,0,1,0
S2340,95.19,90.87,54.83,81.0,94.81,55.0,24.0,7.1,2,21,73.74,84.32,1,1,1,0,1,0,0,1,0,0,0,0,1,0
S2341,65.61,52.15,95.92,90.1,91.86,84.6,28.7,7.0,2,24,56.72,73.499,1,1,1,0,1,0,0,0,1,0,0,0,1,0
S2342,57.6,56.87,83.43,62.7,92.05,51.45,16.3,4.6,8,19,63.32,72.0935,0,0,0,0,0,0,1,0,0,0,1,0,1,0
S2343,78.38,63.76,62.35,33.3,70.57,80.89,7.2,5.1,5,22,94.39,73.98949999999999,0,0,1,0,1,0,0,1,0,0,0,0,0,1
S2344,64.94,81.67,80.52,42.7,57.08,57.04,20.7,4.0,4,23,91.35,72.14,1,1,0,1,0,0,0,0,1,0,0,0,1,0
S2345,75.68,98.82,70.25,97.0,55.39,97.26,7.5,8.9,3,23,70.96,72.407,1,0,1,0,0,0,1,0,1,0,0,0,1,0
S2346,65.2,55.89,81.77,88.10000000000001,80.28,96.65,20.5,5.1,8,18,54.29,68.402,0,1,1,0,0,0,1,0,0,0,1,0,0,1
S2347,49.18,57.14,73.69,46.4,91.41,61.28,18.2,8.1,10,24,51.59,65.9575,1,0,1,1,0,0,0,1,0,0,0,0,1,0
S2348,68.17,68.44,74.27,94.3,95.01,80.72,22.8,7.9,6,22,97.25,85.449,1,0,1,0,0,0,1,0,1,0,0,0,0,1
S2349,81.46,91.81,86.79,82.30000000000001,64.44,51.4,13.8,7.5,7,18,52.16,71.15650000000001,1,0,1,1,0,0,0,0,1,0,0,0,0,1
S2350,87.96,73.36,80.69,90.1,66.05,96.59,8.6,6.2,5,23,88.49,78.70949999999999,1,1,1,0,0,1,0,0,0,1,0,0,1,0
S2351,69.6,66.08,54.0,68.3,55.04,76.15,10.9,6.9,5,22,62.14,61.214,0,0,0,1,0,0,0,0,0,1,0,1,0,0
S2352,49.91,78.06,53.27,85.8,88.72,52.16,22.1,4.9,10,20,99.14,80.21350000000001,1,0,0,0,0,0,1,0,0,1,0,1,0,0
S2353,64.88,63.03,65.25,89.2,63.78,67.12,17.0,4.5,8,19,62.09,64.828,0,1,0,1,0,0,0,0,1,0,0,0,1,0
S2354,87.18,70.06,71.51,9.2,74.05,53.84,18.5,5.8,1,20,61.09,68.6845,1,1,1,0,0,1,0,0,1,0,0,1,0,0
S2355,64.77,66.63,63.76,96.5,96.44,69.65,13.1,8.1,3,19,78.25,79.40549999999999,1,0,0,0,1,0,0,0,1,0,0,0,1,0
S2356,81.79,90.21,82.57,33.4,87.61,83.5,25.9,6.8,7,24,97.69,86.4325,0,0,1,0,1,0,0,0,0,1,0,0,1,0
S2357,70.43,96.21,59.76,44.0,52.64,73.49,30.0,7.8,3,21,98.57,73.6065,1,0,0,0,1,0,0,0,1,0,0,0,0,1
S2358,54.47,87.98,85.21,79.2,50.41,69.19,12.8,8.5,9,18,82.43,69.57900000000001,0,0,0,0,0,0,1,0,0,0,1,0,1,0
S2359,87.77,71.95,88.66,66.5,89.37,55.96,23.0,6.8,2,18,85.28,84.28,1,0,0,0,0,1,0,0,1,0,0,0,1,0
S2360,45.05,75.22,56.22,89.3,77.63,62.25,9.3,5.8,1,21,73.8,69.8665,1,1,1,1,0,0,0,0,0,0,1,1,0,0
S2361,71.49,56.25,82.54,40.1,86.02,55.01,23.6,8.3,7,22,85.35,76.5635,1,0,1,1,0,0,0,0,0,1,0,0,0,1
S2362,52.53,87.34,98.07,37.3,57.84,90.37,15.8,5.1,9,21,91.59,72.902,1,1,1,1,0,0,0,0,1,0,0,0,0,1
S2363,44.02,79.82,59.64,3.2,93.6,56.76,20.1,4.1,4,24,69.17,70.07249999999999,1,0,1,1,0,0,0,0,0,0,1,1,0,0
S2364,70.18,95.12,95.47,46.3,88.67,79.77,10.9,4.3,9,23,77.19,82.5555,0,0,0,0,0,0,1,0,1,0,0,0,1,0
S2365,69.97,60.03,80.3,72.4,94.54,67.14,26.3,6.9,3,21,72.24,77.572,0,0,0,0,0,0,1,1,0,0,0,0,0,1
S2366,82.41,87.99,79.55,30.1,67.05,61.3,9.3,8.5,8,19,73.75,73.5725,1,1,1,0,0,1,0,0,1,0,0,0,0,1
S2367,84.69,84.23,52.6,46.3,63.79,81.97,28.2,6.8,9,23,93.4,75.4,1,1,0,1,0,0,0,0,0,1,0,1,0,0
S2368,83.67,63.29,87.42,21.9,57.59,72.85,6.5,6.0,5,21,61.34,64.493,0,0,1,0,1,0,0,1,0,0,0,0,0,1
S2369,64.57,83.37,73.91,77.30000000000001,96.5,70.01,12.2,6.9,5,18,52.49,75.5195,0,0,1,0,0,0,1,0,1,0,0,0,1,0
S2370,77.9,96.22,86.06,6.1,58.84,79.64,19.1,7.4,5,20,67.38,69.52600000000001,1,1,0,0,0,1,0,1,0,0,0,1,0,0
S2371,74.62,95.92,90.46,70.5,55.97,74.56,26.5,7.8,9,19,52.49,68.0655,1,1,1,0,0,1,0,0,1,0,0,0,1,0
S2372,65.29,85.98,76.19,37.9,59.63,65.17,19.4,5.7,9,24,69.9,67.5685,0,1,0,0,0,0,1,0,0,0,1,0,0,1
S2373,75.83,52.4,63.18,4.2,88.57,77.95,10.4,5.9,3,19,94.21,75.886,1,0,1,0,1,0,0,0,0,0,1,1,0,0
S2374,96.83,93.61,57.08,85.3,94.48,83.47,26.5,4.1,4,22,77.05,86.1455,0,1,1,0,1,0,0,0,0,0,1,0,1,0
S2375,51.57,82.89,58.03,48.8,90.55,51.33,19.9,7.2,6,20,91.33,78.40950000000001,1,0,1,1,0,0,0,0,0,0,1,0,0,1
S2376,94.35,65.52,93.35,59.900000000000006,78.16,73.29,10.8,7.9,8,19,49.97,72.25099999999999,0,1,1,0,0,0,1,0,0,0,1,0,1,0
S2377,43.21,59.36,56.18,73.2,99.69,52.88,19.0,6.6,2,21,94.05,78.083,0,1,1,0,1,0,0,1,0,0,0,0,1,0
S2378,58.5,55.81,69.23,65.5,53.44,59.32,21.9,5.9,4,19,76.11,62.404,1,1,1,0,0,0,1,0,1,0,0,1,0,0
S2379,57.29,52.51,66.71,73.1,93.36,78.03,22.0,5.7,5,19,41.91,65.2815,0,0,0,0,0,1,0,0,0,0,1,0,1,0
S2380,77.58,87.71,93.27,76.2,71.39,93.31,23.1,7.2,6,19,77.99,78.845,1,1,0,0,0,1,0,0,0,0,1,0,0,1
S2381,47.87,61.79,73.88,58.9,72.76,94.14,27.4,5.7,1,22,97.08,72.88,1,0,1,0,0,1,0,0,1,0,0,0,0,1
S2382,92.94,51.21,99.82,36.6,56.38,53.5,25.6,7.0,6,19,44.75,61.536,1,0,0,0,0,0,1,1,0,0,0,0,0,1
S2383,89.71,69.86,86.85,24.3,51.67,70.96,20.2,8.6,10,19,74.95,68.07400000000001,1,0,1,1,0,0,0,0,0,0,1,0,0,1
S2384,79.12,74.13,92.55,90.3,65.83,79.15,5.8,5.7,7,22,94.93,80.239,0,0,1,1,0,0,0,1,0,0,0,0,1,0
S2385,67.5,58.46,54.93,97.0,58.74,57.35,23.7,4.3,9,23,40.58,57.004000000000005,1,1,1,0,1,0,0,0,0,0,1,0,0,1
S2386,95.98,52.2,62.66,35.8,74.17,88.27,29.4,8.4,8,20,77.85,71.9965,1,1,0,0,0,0,1,1,0,0,0,1,0,0
S2387,89.84,59.46,56.77,11.2,57.37,87.21,12.6,5.4,3,24,68.49,62.9655,1,1,0,1,0,0,0,0,0,1,0,0,1,0
S2388,69.96,83.96,73.18,22.3,56.9,95.17,20.2,8.9,5,23,60.82,63.79600000000001,1,1,1,0,0,0,1,0,0,0,1,1,0,0
S2389,82.11,54.11,85.91,67.1,93.85,50.42,24.2,8.2,1,18,77.65,79.9465,0,0,1,1,0,0,0,0,0,0,1,0,0,1
S2390,74.02,77.75,58.45,17.3,96.06,60.83,21.0,6.1,9,22,43.16,69.0835,1,0,0,0,0,1,0,0,1,0,0,1,0,0
S2391,75.28,57.32,56.51,78.0,98.21,91.36,28.1,7.1,10,22,85.18,80.199,0,0,0,0,0,1,0,0,1,0,0,0,0,1
S2392,59.86,59.78,80.73,92.3,84.03,83.53,16.8,5.4,7,19,40.27,65.9105,0,0,0,0,1,0,0,1,0,0,0,0,1,0
S2393,67.73,69.65,61.52,96.4,88.55,94.72,18.3,4.4,3,19,58.42,72.749,0,0,0,0,0,1,0,0,1,0,0,1,0,0
S2394,44.69,55.04,73.97,0.8999999999999999,91.79,52.86,6.0,6.6,6,24,70.24,67.49849999999999,1,0,1,1,0,0,0,1,0,0,0,0,1,0
S2395,61.44,58.66,52.56,95.8,82.95,79.85,27.5,6.1,10,18,62.62,68.601,1,0,0,0,1,0,0,0,0,0,1,0,0,1
S2396,81.75,67.45,84.03,74.0,66.51,78.45,11.6,8.8,1,19,58.45,69.0485,1,1,0,0,1,0,0,0,0,0,1,0,1,0
S2397,97.19,66.48,77.07,8.4,57.82,51.78,29.5,7.0,3,21,89.85,72.486,1,0,1,0,0,1,0,0,0,1,0,1,0,0
S2398,97.78,87.46,82.37,41.5,61.86,75.68,10.1,7.7,1,19,96.09,80.67850000000001,0,1,1,0,0,0,1,0,0,1,0,1,0,0
S2399,73.34,53.74,63.77,70.0,92.02,80.48,11.3,4.7,7,19,92.42,79.65,0,0,0,0,0,1,0,0,1,0,0,1,0,0
S2400,76.4,93.02,63.93,95.7,84.8,59.56,17.1,7.6,3,21,71.35,79.8685,1,0,1,0,0,1,0,0,0,0,1,0,0,1
S2401,51.14,90.81,90.07,16.4,72.79,63.67,21.5,4.3,5,18,93.05,76.219,1,0,1,0,1,0,0,1,0,0,0,1,0,0
S2402,81.72,88.3,85.93,12.8,51.47,82.02,16.0,7.1,5,21,95.25,73.98949999999999,1,0,1,0,0,1,0,0,1,0,0,1,0,0
S2403,44.24,65.47,78.99,47.2,63.31,73.42,13.8,8.2,9,22,64.55,61.84599999999999,1,1,0,1,0,0,0,0,0,1,0,1,0,0
S2404,57.08,91.14,81.41,96.8,86.44,92.9,18.5,6.4,1,21,57.01,75.3985,1,1,1,0,1,0,0,0,1,0,0,0,1,0
S2405,80.1,59.14,54.7,97.1,75.62,67.12,29.0,5.1,3,20,45.9,65.37199999999999,1,1,1,0,0,1,0,1,0,0,0,0,0,1
S2406,58.62,56.22,92.81,22.8,71.78,63.33,29.0,6.2,4,22,68.75,66.3685,1,0,1,0,0,0,1,0,1,0,0,0,0,1
S2407,42.99,52.25,88.5,31.9,65.68,99.24,13.2,8.2,4,19,96.78,68.63,0,1,1,1,0,0,0,0,1,0,0,0,0,1
S2408,89.91,96.97,79.52,90.8,80.35,95.56,22.0,7.6,8,24,73.65,83.04149999999998,0,1,0,0,0,0,1,0,1,0,0,0,0,1
S2409,58.62,65.4,95.93,73.5,98.32,51.45,23.0,7.0,8,22,80.05,81.3795,0,0,0,1,0,0,0,0,1,0,0,1,0,0
S2410,43.79,95.88,58.43,97.2,95.06,88.54,21.3,7.5,4,18,46.77,71.864,0,1,0,0,0,0,1,0,1,0,0,0,0,1
S2411,44.49,63.63,84.33,89.3,51.52,55.52,7.8,8.2,10,18,48.61,56.724500000000006,1,0,0,0,0,1,0,0,1,0,0,0,0,1
S2412,55.11,95.38,98.15,21.5,74.05,51.37,18.5,4.8,9,21,67.87,72.646,1,1,0,1,0,0,0,0,0,0,1,1,0,0
S2413,50.68,95.2,65.5,76.0,66.47,63.68,24.1,8.2,9,22,97.08,76.443,1,1,0,0,1,0,0,1,0,0,0,1,0,0
S2414,86.46,96.18,50.76,4.9,75.53,63.47,10.0,8.0,3,19,61.65,70.7885,1,0,1,0,1,0,0,0,0,1,0,1,0,0
S2415,59.3,74.81,86.74,81.8,80.31,90.97,13.7,6.4,9,18,92.65,80.13600000000001,1,1,0,0,0,0,1,0,0,0,1,1,0,0
S2416,88.28,93.3,50.35,60.2,60.0,85.53,10.1,6.0,8,23,47.22,65.08699999999999,0,0,0,0,0,0,1,0,1,0,0,0,1,0
S2417,50.43,97.54,93.63,95.6,89.08,99.08,27.2,8.7,4,19,77.02,82.3175,1,1,1,0,0,0,1,0,0,1,0,0,0,1
S2418,69.57,66.23,52.82,96.0,73.75,85.58,26.5,8.1,10,23,76.04,71.587,0,1,0,1,0,0,0,0,1,0,0,1,0,0
S2419,81.28,70.94,82.64,5.1,99.6,70.91,9.2,8.9,5,20,91.59,84.12950000000001,1,0,1,0,1,0,0,1,0,0,0,0,0,1
S2420,79.12,85.96,68.86,16.1,51.26,84.95,24.0,7.2,2,23,40.2,57.881,0,1,1,0,0,1,0,0,1,0,0,0,1,0
S2421,76.07,65.02,60.17,48.4,59.49,99.97,14.1,4.2,7,18,51.4,60.29750000000001,1,0,0,1,0,0,0,0,1,0,0,1,0,0
S2422,95.49,87.69,94.91,87.89999999999999,84.48,85.51,22.2,4.8,2,21,53.18,80.00200000000001,0,0,0,0,0,0,1,0,1,0,0,0,1,0
S2423,53.71,53.69,87.31,81.4,84.76,88.08,17.3,8.1,1,20,97.0,78.589,1,1,1,0,1,0,0,0,1,0,0,0,0,1
S2424,69.62,76.17,67.02,96.4,79.11,96.92,16.8,7.2,10,22,49.22,69.4285,1,0,1,0,0,0,1,0,1,0,0,0,1,0
S2425,93.04,56.12,64.21,61.8,98.6,55.68,27.0,5.0,5,19,42.22,72.02,1,1,1,0,0,1,0,0,0,1,0,0,0,1
S2426,44.67,64.67,86.8,25.7,70.77,85.24,20.9,4.1,8,18,72.07,65.61449999999999,1,1,1,0,0,1,0,0,1,0,0,0,0,1
S2427,43.35,62.93,91.83,2.5,70.85,92.54,10.9,5.3,4,20,71.71,64.4325,0,0,1,0,1,0,0,0,1,0,0,0,0,1
S2428,54.0,91.95,85.79,22.3,95.52,97.72,7.8,4.7,1,20,90.64,82.9025,1,0,1,1,0,0,0,0,0,0,1,0,0,1
S2429,77.98,59.68,82.0,67.5,76.92,60.55,28.3,8.4,4,18,96.93,79.5325,0,0,1,0,0,1,0,0,1,0,0,0,0,1
S2430,55.59,90.42,61.4,92.6,67.69,75.2,8.8,8.4,9,22,72.31,71.056,1,1,0,0,0,1,0,0,1,0,0,1,0,0
S2431,51.41,89.7,92.64,32.1,85.95,84.03,23.4,8.2,8,22,95.8,81.7705,0,1,1,0,0,1,0,0,1,0,0,1,0,0
S2432,67.53,74.94,87.48,87.6,80.98,62.37,17.4,4.5,9,21,83.51,79.67000000000002,1,0,0,0,0,1,0,0,1,0,0,0,1,0
S2433,76.82,61.69,75.86,39.5,65.32,80.02,8.5,4.7,7,24,55.87,63.901,1,1,0,0,0,0,1,0,0,0,1,0,1,0
S2434,54.91,61.34,75.58,30.8,64.9,62.88,24.4,4.7,6,23,95.71,69.933,0,0,0,0,0,0,1,0,1,0,0,1,0,0
S2435,58.04,73.25,78.46,50.9,69.78,66.67,27.6,5.3,6,22,80.05,71.03099999999999,1,0,1,1,0,0,0,1,0,0,0,0,0,1
S2436,76.81,50.44,91.41,44.2,53.58,72.08,8.0,4.4,1,21,64.85,62.725,1,1,0,0,1,0,0,0,0,1,0,0,0,1
S2437,96.74,76.57,87.11,91.4,97.13,76.46,6.7,8.9,3,23,80.81,88.619,0,1,1,0,1,0,0,0,0,0,1,1,0,0
S2438,80.48,97.64,92.81,46.8,59.15,72.47,26.2,8.3,2,20,64.08,72.10399999999998,1,0,1,0,1,0,0,0,0,0,1,0,0,1
S2439,86.97,57.74,75.36,27.7,59.69,74.66,17.5,4.3,7,18,46.85,60.247,0,1,0,0,0,1,0,0,0,0,1,0,1,0
S2440,62.01,78.67,81.23,84.3,82.35,64.93,21.9,4.7,10,22,83.14,78.93,1,1,1,0,0,0,1,0,0,1,0,0,0,1
S2441,56.34,98.09,92.73,99.9,86.21,57.95,16.0,5.3,6,21,89.45,85.658,0,1,0,0,0,0,1,0,1,0,0,0,0,1
S2442,67.26,93.03,61.62,64.80000000000001,86.84,52.37,15.3,7.9,3,20,83.73,80.43,0,0,1,1,0,0,0,0,0,1,0,0,1,0
S2443,88.43,92.52,72.2,25.0,68.75,59.8,12.5,7.6,4,22,53.75,69.675,0,0,0,0,1,0,0,0,0,0,1,0,1,0
S2444,67.38,91.09,81.03,23.9,93.67,79.1,19.1,7.2,1,19,97.4,85.5195,0,0,0,0,0,0,1,0,1,0,0,1,0,0
S2445,90.8,65.45,95.76,5.8,77.2,89.31,9.0,8.6,4,24,41.52,66.8435,1,1,0,1,0,0,0,0,0,0,1,0,0,1
S2446,99.33,94.53,50.79,7.7,71.93,58.46,22.9,4.2,2,20,59.96,71.112,1,1,1,0,1,0,0,1,0,0,0,0,1,0
S2447,44.32,97.07,60.63,91.5,90.52,55.43,18.7,4.8,5,22,55.61,72.905,0,0,1,0,0,1,0,0,1,0,0,0,1,0
S2448,42.72,74.79,61.72,9.6,62.18,87.46,26.2,4.9,9,20,42.89,53.655,1,1,1,0,0,0,1,0,1,0,0,0,1,0
S2449,48.98,67.73,66.33,48.4,93.01,65.26,28.0,4.3,9,18,64.34,70.54750000000001,1,1,1,0,0,0,1,0,0,0,1,0,1,0
S2450,63.06,70.71,64.09,69.80000000000001,76.94,97.57,27.5,7.1,1,18,77.39,72.39399999999999,1,0,0,0,1,0,0,0,1,0,0,0,1,0
S2451,47.86,66.71,79.51,85.0,95.0,85.72,20.0,5.0,6,24,92.95,81.124,0,1,0,0,0,1,0,1,0,0,0,0,1,0
S2452,92.24,60.62,94.28,17.1,60.08,66.34,13.0,6.4,2,18,99.38,76.08099999999999,1,1,0,0,0,1,0,1,0,0,0,1,0,0
S2453,41.39,80.92,81.85,43.8,96.8,64.48,13.9,7.4,1,23,88.49,79.884,1,1,0,0,0,0,1,0,1,0,0,0,0,1
S2454,58.95,78.13,62.08,25.1,84.39,76.18,21.3,7.0,9,19,68.12,70.372,0,0,0,0,1,0,0,0,1,0,0,0,0,1
S2455,51.08,73.13,93.19,25.6,80.92,53.96,22.8,5.5,2,18,83.42,74.3615,1,0,1,1,0,0,0,1,0,0,0,0,0,1
S2456,95.89,54.79,81.6,30.4,71.1,55.88,9.0,6.1,6,19,90.62,76.267,0,0,1,0,0,0,1,0,1,0,0,0,0,1
S2457,80.17,89.84,60.95,58.7,97.82,58.79,29.9,5.7,6,18,67.92,80.85749999999999,0,1,1,0,0,1,0,0,1,0,0,0,0,1
S2458,94.72,58.75,68.08,1.7000000000000002,72.2,88.74,7.7,8.3,3,23,87.1,73.3485,0,1,0,1,0,0,0,1,0,0,0,0,0,1
S2459,98.34,55.73,89.5,40.9,74.93,75.69,20.2,6.1,6,20,68.96,73.8245,1,1,1,0,1,0,0,0,0,1,0,0,0,1
S2460,69.83,81.15,86.95,18.700000000000003,89.07,50.53,18.3,4.3,4,22,63.19,74.7955,1,1,0,0,0,1,0,1,0,0,0,1,0,0
S2461,54.06,69.93,78.83,96.7,64.24,83.68,19.8,7.1,8,22,71.57,68.481,0,1,0,1,0,0,0,0,0,0,1,0,1,0
S2462,51.62,52.99,57.24,58.3,64.57,71.18,18.3,5.0,4,18,80.55,63.839,0,1,0,0,0,0,1,0,0,1,0,0,1,0
S2463,53.38,67.78,90.16,86.8,88.76,75.54,6.4,5.7,7,22,83.61,79.0605,0,1,0,0,0,1,0,0,1,0,0,0,1,0
S2464,82.52,88.59,65.38,19.6,56.43,60.71,29.9,5.6,10,18,61.4,65.4635,0,1,1,0,1,0,0,1,0,0,0,1,0,0
S2465,42.43,80.76,88.58,81.0,91.15,77.59,29.5,4.4,2,18,74.28,77.3015,0,1,0,0,0,1,0,1,0,0,0,0,1,0
S2466,43.08,68.14,82.38,41.5,81.26,98.96,18.1,8.8,6,24,94.59,75.0215,0,1,1,0,0,0,1,0,0,1,0,1,0,0
S2467,76.49,59.59,63.21,17.8,76.95,53.67,10.2,6.7,10,21,98.58,75.353,1,1,1,0,1,0,0,1,0,0,0,1,0,0
S2468,78.52,81.59,60.62,76.10000000000001,61.46,64.2,9.6,4.8,5,21,53.63,65.729,0,1,0,0,0,0,1,0,0,0,1,1,0,0
S2469,79.92,94.38,56.55,76.2,89.32,62.15,6.4,6.8,1,24,51.57,75.29849999999999,0,1,0,1,0,0,0,0,1,0,0,1,0,0
S2470,62.31,82.31,62.1,99.6,90.25,62.43,20.3,6.3,5,21,80.6,80.108,0,0,1,0,0,1,0,1,0,0,0,0,1,0
S2471,88.36,90.65,57.89,78.1,74.15,68.94,17.0,5.7,6,19,64.88,75.01050000000001,1,0,0,0,0,0,1,0,1,0,0,0,0,1
S2472,72.02,76.08,80.85,14.5,69.46,90.91,15.4,6.4,2,21,41.45,62.2255,1,0,0,1,0,0,0,0,1,0,0,0,1,0
S2473,46.33,85.9,79.94,32.3,62.31,95.64,18.1,7.3,7,18,60.81,63.339,1,0,0,0,1,0,0,0,1,0,0,1,0,0
S2474,87.83,94.81,79.31,45.2,87.71,60.11,26.8,5.0,1,23,88.4,86.0,1,1,1,0,1,0,0,1,0,0,0,1,0,0
S2475,97.18,88.66,82.09,12.7,81.97,77.15,6.8,6.7,1,23,87.85,83.2735,0,0,1,1,0,0,0,0,1,0,0,1,0,0
S2476,43.6,95.49,90.74,78.8,60.33,81.84,18.6,8.1,1,20,69.68,69.3965,1,0,0,1,0,0,0,1,0,0,0,0,1,0
S2477,63.48,71.56,95.68,52.7,89.72,76.09,22.5,5.1,2,21,68.35,76.4625,0,0,1,0,1,0,0,0,1,0,0,0,0,1
S2478,69.25,95.21,61.52,94.4,94.11,71.7,29.3,6.6,1,23,74.77,82.4665,0,1,1,0,0,0,1,0,0,1,0,0,1,0
S2479,48.79,81.08,79.39,58.9,52.96,59.6,23.5,8.8,7,21,53.16,59.5425,0,0,1,1,0,0,0,1,0,0,0,1,0,0
S2480,92.06,93.5,53.92,52.3,88.62,74.41,18.7,8.0,5,20,71.56,80.31700000000001,0,1,0,0,0,0,1,0,0,1,0,0,0,1
S2481,57.05,51.97,56.01,7.1,92.64,70.06,24.2,7.0,7,23,40.66,60.26599999999999,0,0,1,0,1,0,0,0,1,0,0,1,0,0
S2482,86.98,82.89,82.72,14.9,99.58,89.78,29.9,7.7,5,18,68.53,81.50399999999999,0,1,1,0,0,0,1,0,1,0,0,0,0,1
S2483,80.26,92.4,74.33,85.0,61.88,88.18,27.2,6.6,8,19,60.16,71.186,1,0,1,0,0,0,1,0,0,1,0,0,0,1
S2484,75.88,58.71,87.92,99.1,68.55,56.7,7.2,8.9,10,24,80.49,74.62299999999999,1,1,1,1,0,0,0,1,0,0,0,1,0,0
S2485,51.53,83.09,71.28,41.5,98.31,54.43,19.4,4.8,8,24,78.3,78.464,1,0,1,0,0,0,1,0,0,1,0,0,1,0
S2486,53.24,91.25,56.38,81.0,54.7,95.41,24.7,7.6,9,24,62.85,63.484,1,1,1,0,0,0,1,1,0,0,0,0,1,0
S2487,42.84,64.4,93.6,62.8,76.19,76.78,21.8,4.0,3,21,40.44,61.553,1,0,0,0,0,0,1,1,0,0,0,0,0,1
S2488,54.44,70.26,54.14,95.9,75.34,92.89,15.4,4.6,2,23,55.14,65.301,0,0,1,0,1,0,0,0,0,1,0,1,0,0
S2489,60.73,78.48,59.45,23.8,80.33,52.91,13.1,7.6,7,23,78.0,71.6155,1,0,1,0,1,0,0,0,1,0,0,1,0,0
S2490,89.99,75.96,63.85,54.5,66.54,76.33,20.7,7.8,7,20,44.34,65.0495,1,1,0,0,0,1,0,0,0,0,1,1,0,0
S2491,61.98,51.96,99.76,40.9,96.3,76.97,15.3,4.2,3,18,46.46,69.617,1,1,1,0,1,0,0,0,1,0,0,0,1,0
S2492,85.28,54.93,70.84,54.2,63.5,93.04,14.8,5.7,2,22,78.82,69.5805,0,1,0,0,1,0,0,0,0,0,1,0,0,1
S2493,66.37,55.02,75.09,26.9,82.48,54.88,25.9,4.6,10,23,85.35,73.144,0,1,0,0,0,1,0,0,1,0,0,1,0,0
S2494,87.09,63.11,88.48,49.8,74.8,62.02,12.9,8.5,2,19,59.29,71.1305,0,0,1,0,0,1,0,0,1,0,0,0,1,0
S2495,98.58,62.29,81.82,62.5,63.33,70.33,21.1,6.3,3,20,69.38,71.7815,1,1,0,1,0,0,0,0,0,1,0,0,1,0
S2496,54.39,87.11,92.07,8.100000000000001,59.44,93.29,26.8,6.2,8,23,96.74,72.854,1,0,0,1,0,0,0,0,0,0,1,0,1,0
S2497,91.74,78.64,74.32,74.3,97.83,96.94,20.5,8.1,8,23,96.73,90.2355,1,1,1,0,1,0,0,1,0,0,0,1,0,0
S2498,77.31,88.2,98.61,70.7,78.06,99.64,17.3,7.5,1,20,58.45,76.25300000000001,1,0,1,0,0,0,1,0,1,0,0,0,0,1
S2499,89.04,53.49,89.84,88.0,80.21,97.96,5.9,8.6,9,20,88.6,80.9765,1,1,1,1,0,0,0,0,1,0,0,1,0,0
S2500,79.1,74.26,70.07,42.6,89.14,50.3,22.0,8.7,5,21,75.64,77.793,0,1,0,1,0,0,0,0,1,0,0,0,1,0
S2501,65.44,66.19,69.06,6.2,54.06,52.39,29.9,5.6,5,23,98.53,67.81099999999999,1,1,0,0,1,0,0,0,0,0,1,0,1,0
S2502,53.68,92.5,96.47,46.1,85.69,57.38,25.2,7.2,2,22,68.66,76.75099999999999,0,0,0,0,0,0,1,1,0,0,0,0,0,1
S2503,44.2,85.39,84.22,13.8,58.26,67.44,20.9,6.7,5,19,86.48,67.6485,1,0,0,0,0,1,0,0,0,0,1,0,1,0
S2504,72.13,93.46,81.07,64.7,87.02,91.5,16.7,7.0,6,18,86.09,83.809,0,0,0,0,0,1,0,1,0,0,0,0,1,0
S2505,99.42,52.32,87.89,4.699999999999999,57.07,94.63,10.6,7.1,7,18,69.85,66.3685,0,0,0,0,1,0,0,0,1,0,0,0,1,0
S2506,84.28,86.04,78.04,37.400000000000006,91.62,59.34,22.3,4.3,1,22,87.74,84.643,0,1,0,0,1,0,0,0,0,1,0,0,0,1
S2507,59.64,77.0,57.96,8.299999999999999,84.05,80.98,9.4,8.5,3,20,55.66,65.83699999999999,0,0,0,0,0,0,1,0,1,0,0,0,1,0
S2508,89.63,91.25,65.96,0.3,69.29,95.87,27.2,4.7,4,20,47.34,66.36500000000001,1,0,0,0,1,0,0,1,0,0,0,1,0,0
S2509,86.14,75.36,77.9,96.1,67.94,73.19,13.8,6.1,7,20,65.51,73.5795,1,1,1,0,1,0,0,0,0,0,1,0,1,0
S2510,56.9,77.01,50.91,99.6,57.45,55.18,15.0,5.5,8,23,96.62,71.5475,1,1,0,0,1,0,0,0,0,0,1,0,1,0
S2511,40.86,52.59,71.87,55.6,95.2,72.89,10.4,6.8,5,20,70.04,70.0545,0,0,1,0,0,0,1,0,1,0,0,0,1,0
S2512,47.09,83.43,87.79,23.9,55.93,68.79,17.0,8.8,7,20,78.12,65.861,1,0,1,0,1,0,0,0,1,0,0,0,1,0
S2513,92.64,63.66,58.21,91.1,73.6,78.88,22.0,6.1,2,23,77.45,75.2635,1,1,1,1,0,0,0,0,1,0,0,1,0,0
S2514,90.19,50.98,53.23,92.3,61.83,71.93,12.6,7.0,8,23,47.95,61.65,1,1,1,0,0,0,1,0,1,0,0,1,0,0
S2515,57.71,53.32,91.8,85.5,99.82,50.87,22.5,4.7,2,22,63.42,75.91049999999998,1,0,0,1,0,0,0,0,0,1,0,1,0,0
S2516,57.11,97.86,80.86,54.400000000000006,79.29,99.7,20.5,6.3,3,21,82.42,78.4435,0,0,0,0,0,0,1,1,0,0,0,1,0,0
S2517,87.57,67.3,58.83,7.5,57.48,77.18,14.3,8.6,3,23,98.32,71.3125,0,0,1,1,0,0,0,0,1,0,0,1,0,0
S2518,96.26,93.4,90.32,8.8,83.38,73.68,12.8,8.7,6,19,50.08,75.455,1,1,1,0,0,0,1,1,0,0,0,0,0,1
S2519,86.75,97.98,82.91,89.7,99.58,97.73,26.5,6.7,10,20,64.63,86.517,1,1,0,0,0,1,0,0,0,0,1,1,0,0
S2520,76.33,97.16,66.71,87.6,80.25,57.79,5.3,7.8,6,21,45.71,72.577,1,0,0,0,1,0,0,0,0,1,0,0,0,1
S2521,54.56,94.09,68.81,43.4,72.87,59.46,22.9,4.0,1,18,54.54,66.8445,0,1,1,0,1,0,0,0,0,1,0,1,0,0
S2522,71.54,94.74,57.79,32.8,64.66,90.4,15.4,6.7,10,22,62.61,67.41149999999999,0,1,0,0,0,0,1,1,0,0,0,0,0,1
S2523,54.01,64.45,91.76,64.4,54.61,63.04,22.9,7.7,2,21,72.44,64.658,0,0,1,1,0,0,0,0,0,0,1,0,1,0
S2524,88.48,57.57,75.45,80.7,61.41,89.96,17.7,5.6,5,23,53.83,65.36800000000001,1,1,0,0,0,1,0,0,0,0,1,1,0,0
S2525,63.22,81.96,77.85,73.2,77.68,63.58,7.1,8.5,9,20,53.65,69.93849999999999,0,1,0,1,0,0,0,0,1,0,0,0,0,1
S2526,90.02,74.41,94.17,61.6,87.69,51.66,29.6,7.9,6,20,86.67,85.136,0,0,1,0,1,0,0,0,1,0,0,0,1,0
S2527,62.9,54.94,50.79,23.2,93.9,75.85,7.2,7.8,6,20,97.76,76.525,0,0,1,0,1,0,0,0,0,0,1,1,0,0
S2528,89.45,83.88,53.35,26.3,89.69,59.83,9.0,4.1,1,21,59.42,74.4115,0,0,0,1,0,0,0,0,1,0,0,0,0,1
S2529,60.0,78.14,58.08,72.4,56.27,87.89,15.5,4.9,8,20,81.28,67.35,0,1,1,0,0,0,1,0,1,0,0,0,1,0
S2530,66.41,93.15,51.5,80.3,88.67,82.06,28.6,7.6,9,23,55.48,73.57,1,1,0,0,0,0,1,1,0,0,0,0,0,1
S2531,76.93,80.46,82.91,11.6,79.08,96.18,12.3,6.8,5,21,95.68,80.1235,1,1,0,1,0,0,0,0,1,0,0,1,0,0
S2532,44.22,78.7,81.69,18.700000000000003,73.46,89.15,19.2,6.9,10,20,80.37,69.6725,1,0,0,0,1,0,0,1,0,0,0,0,1,0
S2533,96.89,72.04,60.54,68.0,78.64,59.04,18.0,4.1,3,18,88.16,80.4255,1,0,0,1,0,0,0,0,0,1,0,0,1,0
S2534,74.42,73.14,57.47,38.9,50.4,90.01,13.3,6.2,10,18,42.96,55.68599999999999,0,1,1,0,1,0,0,0,0,0,1,0,1,0
S2535,70.47,97.72,57.28,56.3,53.39,82.09,22.4,7.9,5,19,75.91,68.76599999999999,1,1,0,1,0,0,0,1,0,0,0,1,0,0
S2536,90.36,56.92,97.66,61.5,76.29,83.45,17.5,7.3,5,20,71.66,75.73500000000001,1,0,1,0,0,0,1,0,1,0,0,0,1,0
S2537,91.95,72.31,84.68,77.6,58.68,91.61,19.5,6.9,1,20,57.58,68.986,1,0,1,0,0,1,0,1,0,0,0,0,0,1
S2538,71.34,82.79,79.27,80.60000000000001,77.28,78.69,10.3,7.5,9,21,55.75,72.19800000000001,0,0,1,0,1,0,0,0,1,0,0,1,0,0
S2539,95.64,71.65,66.12,28.0,67.71,73.3,28.2,8.3,10,21,74.8,72.1185,1,0,0,0,0,1,0,0,1,0,0,0,1,0
S2540,43.88,64.16,71.65,54.1,95.37,81.83,7.8,8.2,2,24,82.39,75.2845,0,1,0,0,0,0,1,0,1,0,0,1,0,0
S2541,46.79,64.37,54.47,12.4,97.48,64.9,22.3,6.3,5,20,41.99,62.4825,0,0,1,1,0,0,0,0,1,0,0,1,0,0
S2542,75.81,61.68,99.91,84.2,98.99,59.13,27.1,5.5,1,19,74.04,83.0315,0,1,1,0,0,0,1,1,0,0,0,0,1,0
S2543,61.24,67.2,87.75,84.5,94.95,80.83,7.1,5.8,7,20,50.23,73.3085,1,1,1,0,0,1,0,0,1,0,0,0,1,0
S2544,67.85,93.58,81.07,30.0,99.29,61.69,5.7,6.6,7,23,48.42,75.7135,0,0,1,0,0,0,1,1,0,0,0,0,1,0
S2545,59.68,75.26,79.39,16.1,85.31,54.0,13.3,4.4,5,21,77.39,73.9255,1,1,1,0,0,0,1,0,0,0,1,0,0,1
S2546,64.28,62.01,75.22,7.0,98.03,50.03,24.7,7.0,10,20,58.65,70.887,1,0,1,1,0,0,0,0,1,0,0,0,1,0
S2547,89.36,69.23,62.87,57.5,82.09,80.42,22.9,6.3,10,21,66.45,74.19,1,0,1,0,0,1,0,0,0,1,0,0,0,1
S2548,75.61,55.29,61.32,9.1,90.46,68.11,25.6,7.8,2,20,61.6,68.75999999999999,0,0,1,0,0,1,0,0,0,1,0,0,1,0
S2549,99.84,95.2,77.48,68.1,56.6,87.62,14.9,5.4,8,22,78.9,77.114,0,1,0,0,0,1,0,1,0,0,0,1,0,0
S2550,87.21,70.41,53.51,67.8,84.13,68.76,29.8,4.3,3,21,68.21,74.6755,1,0,0,0,1,0,0,0,1,0,0,1,0,0
S2551,56.42,99.02,53.72,61.4,96.56,74.3,14.2,8.5,5,19,97.81,85.1785,0,1,0,0,0,0,1,0,1,0,0,0,1,0
S2552,55.86,67.38,78.04,87.69999999999999,77.0,70.35,25.1,4.3,6,22,61.14,69.06,0,1,0,0,0,1,0,1,0,0,0,0,1,0
S2553,60.15,91.82,95.99,37.8,59.34,82.53,13.8,8.6,6,23,84.42,73.19149999999999,0,0,0,0,0,0,1,0,0,1,0,0,1,0
S2554,90.6,62.82,95.71,90.2,76.34,67.81,10.5,6.5,8,20,55.44,73.856,1,1,0,1,0,0,0,0,0,0,1,1,0,0
S2555,41.64,53.81,50.54,3.7,85.35,98.19,13.4,4.3,1,24,70.53,62.794,0,0,0,1,0,0,0,0,0,1,0,1,0,0
S2556,53.81,51.59,55.37,11.3,88.49,96.81,9.8,4.6,5,23,73.15,66.7465,0,0,0,0,1,0,0,0,1,0,0,1,0,0
S2557,94.3,80.31,79.15,41.2,76.19,92.4,8.2,6.7,7,21,59.75,73.961,1,1,0,0,1,0,0,0,0,1,0,0,1,0
S2558,78.39,65.58,92.42,59.400000000000006,60.87,96.02,14.1,4.1,5,22,68.31,69.146,0,1,1,1,0,0,0,0,1,0,0,0,1,0
S2559,53.61,72.18,97.72,3.2,96.33,72.46,8.7,8.6,8,23,56.76,71.88949999999998,1,1,0,0,0,1,0,0,1,0,0,1,0,0
S2560,53.15,90.93,93.03,56.7,88.68,76.82,17.6,8.0,2,19,40.36,70.444,0,0,1,1,0,0,0,0,0,0,1,0,0,1
S2561,91.76,62.41,83.88,30.7,63.53,87.1,5.9,6.5,5,24,52.94,65.3425,0,0,1,0,0,0,1,0,0,0,1,0,1,0
S2562,93.63,65.43,60.03,88.69999999999999,90.59,84.81,15.8,8.6,4,21,82.0,81.974,0,0,0,0,1,0,0,0,0,1,0,0,1,0
S2563,55.37,92.27,53.63,53.3,67.39,94.53,29.0,5.3,3,22,86.26,71.95599999999999,0,1,1,0,1,0,0,1,0,0,0,0,0,1
S2564,65.23,74.64,52.38,58.8,65.62,85.82,14.0,8.3,2,23,56.81,63.047,0,0,0,1,0,0,0,0,0,1,0,1,0,0
S2565,90.08,91.38,80.6,94.6,93.15,99.89,8.4,8.0,8,22,64.48,84.074,0,1,1,0,0,1,0,0,0,0,1,0,1,0
S2566,86.26,68.72,51.81,76.39999999999999,93.66,67.43,12.6,6.9,4,22,42.24,70.906,1,1,0,0,0,1,0,0,1,0,0,0,0,1
S2567,88.83,69.92,86.96,43.8,69.92,91.65,24.8,5.6,10,23,54.22,69.2295,0,0,0,0,0,0,1,0,1,0,0,0,0,1
S2568,71.1,58.36,85.62,47.7,50.45,84.88,12.8,6.8,10,18,86.75,67.18849999999999,0,0,0,0,1,0,0,1,0,0,0,1,0,0
S2569,94.69,95.82,53.98,64.80000000000001,59.33,84.57,14.6,8.8,4,20,76.36,74.1035,0,0,0,1,0,0,0,0,0,1,0,0,0,1
S2570,59.56,94.84,95.33,20.0,95.46,66.29,24.7,4.4,4,21,52.35,75.4185,1,1,1,1,0,0,0,1,0,0,0,1,0,0
S2571,49.4,99.21,76.1,8.9,94.94,89.28,11.5,5.0,9,21,55.45,72.691,1,1,0,0,1,0,0,1,0,0,0,0,0,1
S2572,82.52,70.12,95.22,31.1,72.67,95.02,17.0,7.2,7,24,89.01,78.0265,1,0,0,1,0,0,0,0,0,1,0,0,1,0
S2573,72.36,90.93,95.08,77.8,65.21,60.93,6.6,7.4,10,24,52.55,70.592,0,1,1,0,1,0,0,0,1,0,0,1,0,0
S2574,91.28,70.75,59.85,25.7,65.14,81.27,9.4,4.8,3,24,60.05,66.129,0,1,1,0,0,1,0,0,0,1,0,1,0,0
S2575,44.87,72.71,69.03,13.1,94.86,69.61,10.2,8.0,5,21,79.86,73.618,1,0,0,0,0,1,0,1,0,0,0,0,0,1
S2576,90.62,91.5,56.73,21.9,66.24,99.48,16.6,8.6,4,22,73.67,72.3755,1,0,0,1,0,0,0,0,1,0,0,0,1,0
S2577,57.6,58.87,88.75,67.9,75.58,73.94,25.5,4.4,1,24,67.65,69.327,1,1,0,0,0,1,0,1,0,0,0,0,0,1
S2578,79.29,61.02,75.21,61.4,86.55,61.42,13.9,8.9,4,23,93.98,81.0975,0,0,0,0,0,1,0,1,0,0,0,0,0,1
S2579,42.41,65.74,96.44,68.8,60.47,69.09,14.5,5.4,7,20,53.18,60.74249999999999,1,1,1,0,0,0,1,1,0,0,0,0,0,1
S2580,76.57,89.41,60.41,32.2,62.69,82.69,12.5,5.5,5,19,84.49,72.47749999999999,0,0,0,0,1,0,0,0,1,0,0,0,1,0
S2581,83.04,68.63,84.42,90.1,67.9,53.8,13.0,4.2,6,21,49.54,68.4525,0,0,0,0,1,0,0,0,0,1,0,0,1,0
S2582,62.13,67.91,99.46,45.2,82.71,80.18,15.1,6.5,6,23,76.94,75.75999999999999,0,0,0,1,0,0,0,0,0,0,1,0,0,1
S2583,52.92,99.94,83.27,51.4,90.87,96.56,27.5,8.8,7,20,92.24,84.14699999999999,1,0,0,0,1,0,0,0,1,0,0,1,0,0
S2584,72.26,69.19,53.44,94.9,77.34,92.52,5.6,4.8,1,20,67.47,71.37599999999999,0,1,1,0,0,0,1,0,0,1,0,1,0,0
S2585,89.99,62.39,79.42,97.9,56.65,53.38,20.6,6.9,6,18,83.46,73.554,1,0,1,1,0,0,0,0,1,0,0,1,0,0
S2586,59.41,81.16,58.99,66.2,72.31,99.67,27.2,5.4,9,23,89.22,74.2925,1,0,0,1,0,0,0,0,0,1,0,1,0,0
S2587,55.15,90.09,51.53,94.5,56.38,84.94,15.4,4.1,10,21,48.16,60.618,1,1,0,0,1,0,0,0,1,0,0,0,0,1
S2588,56.74,53.48,66.75,54.2,54.41,58.11,21.3,8.9,5,24,82.35,62.82849999999999,1,0,0,0,0,1,0,0,0,0,1,0,0,1
S2589,96.95,80.94,63.31,30.7,79.48,50.62,19.6,7.6,7,22,95.19,82.191,0,1,1,0,0,1,0,0,1,0,0,0,1,0
S2590,61.56,51.79,89.44,31.5,97.81,58.56,13.5,7.7,3,24,74.58,75.5095,0,1,0,0,0,1,0,0,1,0,0,1,0,0
S2591,40.22,76.32,68.68,55.9,91.88,91.91,8.4,7.3,4,20,51.17,67.5005,0,0,0,0,0,1,0,0,0,1,0,0,0,1
S2592,86.9,62.85,86.65,60.5,88.72,51.08,10.5,4.7,4,20,47.62,72.67349999999999,0,1,1,0,0,0,1,1,0,0,0,1,0,0
S2593,81.96,65.33,50.81,44.0,86.35,61.66,6.4,5.0,6,19,55.58,69.17450000000001,1,1,1,1,0,0,0,1,0,0,0,1,0,0
S2594,47.71,73.35,50.74,88.4,94.86,87.87,24.1,5.9,3,24,46.21,67.6635,1,0,0,0,0,1,0,1,0,0,0,0,0,1
S2595,99.09,96.36,51.47,42.7,87.64,79.31,18.3,9.0,3,18,70.8,80.5915,1,0,1,0,0,0,1,1,0,0,0,0,0,1
S2596,76.48,85.53,60.97,27.3,81.34,89.14,24.6,7.4,10,20,44.18,67.2105,1,1,0,1,0,0,0,0,0,0,1,0,0,1
S2597,70.05,96.84,68.7,0.8,68.23,87.31,12.3,6.2,5,20,53.4,65.7625,0,1,1,0,1,0,0,0,1,0,0,1,0,0
S2598,62.93,83.0,80.39,97.1,55.05,52.53,25.1,6.4,2,22,66.39,67.896,1,1,0,0,1,0,0,0,1,0,0,0,1,0
S2599,93.92,50.36,99.3,82.4,73.05,94.63,12.7,8.6,1,22,68.43,74.7145,0,0,1,0,0,0,1,0,0,0,1,1,0,0
S2600,54.64,63.28,67.72,61.6,96.24,61.35,8.0,5.0,2,19,73.92,74.892,1,1,1,1,0,0,0,0,0,1,0,0,0,1
S2601,57.15,95.29,52.78,83.10000000000001,79.16,77.67,18.3,5.6,9,23,82.34,76.632,1,0,0,0,0,1,0,0,0,0,1,1,0,0
S2602,47.34,82.17,59.75,81.0,59.23,82.21,28.6,5.9,3,19,42.83,57.928,1,0,1,1,0,0,0,0,0,0,1,0,1,0
S2603,85.55,99.08,94.89,93.2,82.45,58.43,15.4,8.5,3,19,44.84,77.7885,1,1,1,0,0,1,0,0,0,1,0,0,0,1
S2604,75.73,57.8,84.97,38.6,73.27,98.81,17.9,7.9,1,22,43.65,63.35,0,0,1,0,0,0,1,0,1,0,0,0,0,1
S2605,76.54,64.84,89.51,55.5,96.57,74.41,16.3,7.0,2,24,65.39,78.2515,0,1,0,0,0,1,0,0,1,0,0,1,0,0
S2606,53.11,68.12,56.21,9.9,58.05,52.88,16.4,5.6,6,24,42.51,52.343,0,1,1,0,0,0,1,0,0,0,1,0,0,1
S2607,79.07,66.33,56.75,96.5,85.6,96.86,10.4,5.0,2,24,84.76,79.17999999999999,0,0,0,1,0,0,0,0,0,1,0,0,1,0
S2608,85.93,62.6,55.61,98.5,84.08,79.31,15.6,5.7,10,23,53.38,71.3345,1,1,1,1,0,0,0,0,0,1,0,0,0,1
S2609,61.47,72.17,92.86,78.89999999999999,99.18,84.96,17.4,8.6,10,22,96.35,87.1185,1,0,0,0,0,1,0,0,1,0,0,1,0,0
S2610,88.08,82.11,60.5,45.4,78.25,76.26,23.6,8.6,8,18,69.18,74.61850000000001,0,0,1,1,0,0,0,0,0,0,1,0,0,1
S2611,60.93,65.56,82.16,49.7,93.58,91.74,8.5,6.1,6,21,66.78,74.4435,0,1,1,0,0,1,0,0,0,1,0,1,0,0
S2612,85.49,53.98,75.81,43.5,51.24,51.66,19.3,5.6,2,21,86.83,67.756,1,1,0,1,0,0,0,0,1,0,0,0,0,1
S2613,42.02,85.43,77.22,29.3,56.14,63.42,21.6,8.4,10,18,82.79,65.84400000000001,1,0,1,0,1,0,0,0,1,0,0,0,0,1
S2614,73.07,72.95,59.77,52.8,67.3,73.48,14.6,6.2,6,24,76.44,69.82,0,0,0,0,0,1,0,0,0,1,0,1,0,0
S2615,98.17,77.82,81.76,5.300000000000001,80.97,53.83,18.7,4.2,2,21,96.11,83.158,0,1,0,0,0,0,1,0,0,1,0,0,1,0
S2616,98.87,72.77,52.16,99.2,72.45,85.3,22.8,5.7,1,23,65.34,73.992,0,0,0,0,1,0,0,0,0,0,1,1,0,0
S2617,56.91,94.52,99.67,42.400000000000006,60.13,69.68,16.6,7.0,5,22,88.51,74.96799999999999,1,0,1,0,0,0,1,0,0,0,1,0,1,0
S2618,66.48,77.94,51.34,92.7,79.46,63.63,13.3,8.7,5,21,62.81,70.9725,0,0,0,1,0,0,0,0,1,0,0,1,0,0
S2619,43.78,96.16,52.51,72.4,78.33,50.17,25.6,6.1,8,23,90.3,75.93599999999999,0,1,0,0,1,0,0,0,0,1,0,0,0,1
S2620,92.4,75.53,66.23,29.0,76.22,85.99,29.7,5.2,4,22,55.57,70.021,0,0,0,1,0,0,0,1,0,0,0,0,1,0
S2621,74.11,64.63,91.58,22.200000000000003,54.53,91.69,10.4,5.9,2,23,57.36,61.77799999999999,0,1,1,0,0,1,0,1,0,0,0,1,0,0
S2622,63.11,67.77,62.86,99.6,96.35,69.75,27.2,4.3,7,18,80.67,79.9705,0,1,1,0,0,0,1,0,1,0,0,1,0,0
S2623,46.77,76.11,73.6,77.2,79.61,78.21,18.6,8.5,3,19,52.76,66.725,1,1,1,1,0,0,0,0,0,1,0,1,0,0
S2624,96.81,76.5,50.9,25.0,63.2,61.38,16.2,4.2,3,18,53.75,64.73400000000001,0,0,0,0,0,0,1,0,1,0,0,1,0,0
S2625,71.81,84.37,53.94,6.7,84.37,81.11,27.3,4.0,8,21,58.32,69.047,1,0,0,0,0,0,1,1,0,0,0,0,1,0
S2626,56.98,61.22,80.4,69.7,65.9,50.61,27.8,7.1,3,22,80.74,69.21,0,0,1,1,0,0,0,0,0,0,1,0,1,0
S2627,61.01,82.94,59.72,30.3,75.29,74.43,11.8,4.8,2,23,93.36,75.0065,0,1,1,0,0,1,0,1,0,0,0,0,1,0
S2628,56.24,88.93,84.71,22.1,67.06,82.21,14.0,5.5,10,21,80.47,71.587,0,0,1,0,0,0,1,0,0,1,0,0,1,0
S2629,76.11,83.83,89.27,73.5,94.02,95.91,26.3,6.5,9,21,89.67,87.2165,1,1,0,1,0,0,0,1,0,0,0,1,0,0
S2630,95.8,74.09,92.52,67.9,99.7,69.07,17.3,8.0,8,19,72.61,86.19300000000001,1,0,1,0,0,1,0,0,1,0,0,0,1,0
S2631,91.4,99.58,56.69,48.1,58.06,88.26,12.2,5.9,2,24,44.14,65.174,1,0,1,1,0,0,0,0,0,0,1,0,1,0
S2632,67.62,70.24,72.78,94.3,51.18,79.88,29.1,8.8,8,21,46.03,59.5335,0,1,1,0,0,1,0,0,1,0,0,0,0,1
S2633,89.59,55.33,97.35,68.0,60.97,96.35,10.4,6.3,5,19,73.26,71.479,0,0,1,0,0,0,1,0,1,0,0,0,0,1
S2634,65.39,91.08,88.6,89.3,79.5,69.92,20.3,8.6,10,22,59.67,75.56299999999999,1,1,0,0,1,0,0,0,1,0,0,0,1,0
S2635,55.14,60.61,55.85,19.1,58.7,65.95,15.7,6.3,10,22,53.23,54.81999999999999,1,0,1,1,0,0,0,0,1,0,0,0,0,1
S2636,99.0,85.66,75.13,29.700000000000003,90.57,94.36,16.3,6.6,4,23,67.98,80.86299999999999,0,1,1,0,0,0,1,0,1,0,0,0,0,1
S2637,58.23,58.95,96.12,10.5,70.43,52.46,7.6,8.8,10,24,79.99,68.8405,1,0,1,1,0,0,0,0,0,1,0,0,0,1
S2638,59.42,50.84,72.0,30.5,80.53,56.82,11.4,7.4,5,19,63.1,65.19800000000001,0,0,1,1,0,0,0,0,0,1,0,0,0,1
S2639,99.38,57.99,91.87,97.2,72.78,54.12,9.2,4.7,10,18,88.15,81.524,1,1,0,0,0,1,0,0,0,1,0,1,0,0
S2640,48.04,68.85,74.79,96.3,95.17,92.16,23.7,7.0,5,22,84.31,79.45599999999999,1,0,1,1,0,0,0,0,1,0,0,0,0,1
S2641,85.63,55.33,55.34,76.0,51.76,50.53,22.4,5.1,1,24,84.09,67.0285,1,1,0,0,0,1,0,0,1,0,0,1,0,0
S2642,96.15,59.88,57.39,52.1,86.47,93.08,24.9,5.5,5,23,99.11,82.46700000000001,0,0,0,0,0,0,1,1,0,0,0,1,0,0
S2643,70.71,88.23,52.33,78.1,82.61,72.56,22.5,8.2,7,18,57.71,72.18950000000001,0,1,0,1,0,0,0,0,0,0,1,0,0,1
S2644,40.15,88.49,59.77,55.3,82.48,50.2,8.2,7.4,8,22,78.68,72.452,1,0,0,0,0,0,1,0,1,0,0,1,0,0
S2645,62.5,90.87,94.68,0.4,70.7,70.08,29.5,5.4,8,22,91.33,76.536,0,0,1,0,1,0,0,1,0,0,0,1,0,0
S2646,46.69,92.06,82.51,50.2,50.78,59.34,9.7,4.0,2,23,74.77,65.5,0,0,0,0,0,0,1,0,1,0,0,1,0,0
S2647,64.97,71.02,86.94,59.900000000000006,84.46,81.22,13.8,6.7,10,23,87.37,79.268,0,0,0,1,0,0,0,0,1,0,0,1,0,0
S2648,87.4,93.38,81.08,26.6,91.47,83.97,22.7,5.3,1,20,64.87,80.2135,0,0,0,0,1,0,0,0,1,0,0,0,0,1
S2649,66.32,76.3,69.33,20.3,54.26,74.38,8.5,4.1,4,21,75.43,64.4765,1,0,1,0,0,1,0,0,0,1,0,0,0,1
S2650,65.92,73.53,60.84,27.4,72.08,52.03,9.3,4.3,3,21,43.34,60.8305,0,1,0,0,1,0,0,1,0,0,0,1,0,0
S2651,73.41,85.93,96.28,62.400000000000006,58.13,82.81,26.9,7.4,8,18,99.15,78.87549999999999,0,0,0,1,0,0,0,0,0,0,1,0,0,1
S2652,74.9,60.69,75.74,14.6,80.55,92.1,13.3,6.1,6,21,88.0,74.80749999999999,1,0,1,1,0,0,0,1,0,0,0,0,1,0
S2653,91.38,89.47,74.05,72.0,89.28,86.02,21.6,5.3,5,18,92.13,87.949,0,0,1,0,0,0,1,0,0,1,0,0,1,0
S2654,58.5,71.47,99.81,42.3,83.34,91.5,26.5,8.4,9,24,81.66,77.0085,0,1,0,0,0,1,0,0,0,1,0,0,0,1
S2655,89.3,56.36,69.2,35.3,65.9,60.03,29.3,8.1,6,22,51.16,63.094,0,0,0,1,0,0,0,0,1,0,0,0,1,0
S2656,73.96,55.97,92.71,80.7,56.99,94.44,10.3,6.3,6,20,41.86,60.3575,1,1,1,1,0,0,0,0,0,1,0,0,0,1
S2657,58.03,58.25,93.12,50.6,89.71,66.11,8.1,5.4,1,20,91.88,79.167,1,1,1,0,0,1,0,0,0,1,0,1,0,0
S2658,57.71,94.53,61.63,37.8,66.2,50.67,23.5,6.5,9,22,63.78,66.694,0,1,1,0,0,1,0,0,0,0,1,0,0,1
S2659,61.67,99.55,54.74,87.8,51.11,92.17,9.7,7.8,2,23,55.83,63.33749999999999,0,1,0,0,0,0,1,0,0,1,0,1,0,0
S2660,77.36,67.85,98.78,36.8,78.57,97.09,19.5,4.1,1,19,73.7,75.49549999999999,1,1,0,0,1,0,0,0,1,0,0,0,1,0
S2661,53.85,64.61,71.29,85.9,62.33,82.78,18.3,7.1,7,19,65.25,64.2045,1,0,0,0,0,1,0,0,0,1,0,1,0,0
S2662,95.22,60.94,50.11,50.4,92.06,61.57,19.0,7.6,5,21,79.1,78.348,1,0,1,1,0,0,0,0,1,0,0,1,0,0
S2663,74.49,91.19,74.95,20.8,57.16,62.59,21.2,8.1,6,23,69.03,67.7925,0,1,0,0,0,1,0,0,0,0,1,0,1,0
S2664,95.2,60.46,80.97,61.3,71.74,73.33,26.3,5.1,4,18,81.83,76.4905,0,0,0,1,0,0,0,0,1,0,0,0,0,1
S2665,42.78,96.2,88.8,28.5,62.66,94.89,11.8,5.0,8,24,91.21,72.7525,1,0,0,0,0,0,1,0,1,0,0,0,0,1
S2666,60.56,83.37,97.15,14.7,84.48,57.48,18.9,5.1,7,20,51.73,70.316,0,0,0,0,1,0,0,0,1,0,0,0,0,1
S2667,41.37,94.86,95.76,8.7,77.43,91.3,13.4,8.7,1,21,59.77,68.617,0,0,1,0,0,0,1,0,1,0,0,0,0,1
S2668,56.34,77.7,97.01,24.2,89.55,64.57,13.0,4.7,6,22,66.21,74.4345,0,0,1,0,0,1,0,0,1,0,0,1,0,0
S2669,91.72,84.53,51.61,73.7,72.93,90.43,5.5,7.8,3,23,97.72,81.5925,0,1,1,1,0,0,0,1,0,0,0,1,0,0
S2670,42.2,80.97,85.59,83.80000000000001,50.24,96.01,20.0,8.9,8,20,61.92,61.7765,0,1,0,0,0,1,0,0,0,1,0,0,1,0
S2671,66.17,91.56,61.29,86.19999999999999,60.76,71.37,29.3,8.7,6,18,62.87,68.044,0,1,0,0,0,1,0,0,0,0,1,0,1,0
S2672,47.05,91.79,59.38,27.0,99.96,68.25,24.0,6.0,6,18,79.21,77.9045,0,1,1,0,0,1,0,0,1,0,0,1,0,0
S2673,65.01,79.49,90.02,66.10000000000001,70.27,90.11,11.1,8.2,5,19,65.15,71.3505,1,0,1,0,0,1,0,1,0,0,0,0,1,0
S2674,90.33,81.63,70.86,23.0,81.01,76.47,22.9,7.4,8,21,97.07,82.6005,1,0,0,0,1,0,0,0,1,0,0,0,0,1
S2675,77.38,96.09,95.83,62.3,95.25,84.22,12.4,8.3,6,22,93.67,90.711,1,1,0,1,0,0,0,1,0,0,0,1,0,0
S2676,84.21,96.49,52.12,88.69999999999999,51.03,81.14,23.8,4.8,7,20,70.8,69.761,1,1,0,0,0,1,0,0,0,0,1,0,1,0
S2677,60.95,83.21,90.11,4.1,82.98,57.64,26.4,7.8,9,24,78.69,75.4065,1,0,0,1,0,0,0,1,0,0,0,0,1,0
S2678,96.66,50.39,56.84,98.5,64.42,92.24,13.4,6.9,6,18,43.48,62.8625,1,1,1,0,1,0,0,0,0,0,1,0,0,1
S2679,82.56,55.22,58.83,82.69999999999999,63.96,59.79,5.1,6.7,6,20,81.74,70.308,1,0,0,1,0,0,0,0,0,1,0,1,0,0
S2680,65.31,92.9,73.87,76.2,61.24,96.61,12.6,7.6,9,22,82.43,73.90800000000002,1,1,1,1,0,0,0,1,0,0,0,0,1,0
S2681,65.59,54.24,69.78,69.1,91.14,62.53,10.1,5.4,6,20,61.55,71.137,1,0,1,0,1,0,0,0,1,0,0,0,1,0
S2682,95.12,60.68,74.31,77.0,68.65,86.69,20.5,4.4,7,21,53.18,68.54100000000001,0,0,1,0,0,1,0,0,0,1,0,0,1,0
S2683,74.58,61.53,97.0,99.5,53.36,64.23,12.3,6.5,4,19,94.9,74.8245,0,1,0,1,0,0,0,0,1,0,0,0,0,1
S2684,82.38,80.01,82.87,77.0,54.84,65.89,5.9,5.5,5,20,65.6,69.3475,1,1,0,0,0,0,1,0,1,0,0,0,1,0
S2685,65.02,78.83,64.52,35.2,57.43,65.5,18.3,5.3,8,23,79.22,66.8235,0,0,1,1,0,0,0,0,0,1,0,1,0,0
S2686,53.42,64.47,58.65,61.4,94.95,87.39,26.9,9.0,10,19,42.0,65.6035,0,1,0,0,0,1,0,0,0,1,0,0,0,1
S2687,83.41,60.38,71.0,33.7,71.37,77.84,16.3,5.0,10,22,64.84,67.9745,1,1,1,0,0,0,1,0,0,0,1,1,0,0
S2688,76.47,88.23,72.58,97.0,95.8,94.15,14.4,5.2,5,19,89.04,87.813,1,0,1,0,0,1,0,1,0,0,0,0,0,1
S2689,70.08,96.77,80.06,90.0,90.87,65.37,9.5,5.7,4,20,63.25,80.607,1,1,0,1,0,0,0,0,0,0,1,0,1,0
S2690,77.44,52.64,63.3,56.8,91.89,84.6,14.7,6.5,8,20,76.19,75.29650000000001,0,1,0,0,1,0,0,0,1,0,0,1,0,0
S2691,52.5,56.66,88.38,78.1,64.34,87.65,13.3,8.3,5,23,52.59,61.5665,0,0,1,0,0,1,0,0,1,0,0,0,1,0
S2692,87.64,82.11,54.92,91.0,63.57,57.57,29.9,4.9,2,18,64.99,70.823,1,1,0,0,0,1,0,0,0,0,1,1,0,0
S2693,96.89,90.22,78.02,24.4,78.0,70.03,5.8,7.1,10,23,95.66,84.4035,0,0,1,0,1,0,0,0,0,0,1,0,1,0
S2694,93.47,89.56,81.18,57.9,70.9,74.14,11.0,5.8,8,20,73.99,78.235,0,0,0,1,0,0,0,1,0,0,0,0,1,0
S2695,59.29,85.98,60.34,48.2,75.45,67.78,6.7,8.0,8,24,94.12,76.3995,0,0,0,0,0,1,0,0,0,1,0,1,0,0
S2696,64.36,94.37,91.3,77.2,52.66,66.11,26.4,7.0,7,19,94.12,76.1275,1,0,0,1,0,0,0,0,1,0,0,0,0,1
S2697,88.5,60.87,80.77,37.9,98.58,84.32,15.4,8.0,9,23,96.65,86.114,0,0,0,1,0,0,0,0,0,1,0,1,0,0
S2698,75.71,55.36,82.29,70.9,52.91,60.79,24.9,8.3,9,23,93.72,70.7375,0,1,1,1,0,0,0,0,1,0,0,0,0,1
S2699,72.87,80.77,74.89,40.3,58.94,85.47,22.3,8.6,4,24,40.2,60.282,0,0,1,0,1,0,0,0,1,0,0,1,0,0
S2700,95.6,91.11,95.48,11.1,83.91,96.75,28.2,9.0,7,24,96.04,87.2925,0,1,1,1,0,0,0,0,0,1,0,1,0,0
S2701,72.16,79.1,84.7,10.7,57.78,78.26,5.6,7.1,1,24,48.25,61.09049999999999,0,0,0,1,0,0,0,0,1,0,0,1,0,0
S2702,70.9,98.15,69.09,11.9,55.34,80.57,10.2,7.2,1,18,42.4,60.06349999999999,0,0,0,0,0,0,1,0,1,0,0,0,0,1
S2703,42.52,89.78,61.93,3.3000000000000003,57.68,53.45,22.6,4.7,3,20,43.32,54.33699999999999,0,0,1,0,0,0,1,0,1,0,0,0,1,0
S2704,44.17,85.04,53.55,53.3,53.1,93.22,19.6,4.5,6,20,60.93,58.56400000000001,1,1,1,0,0,0,1,0,1,0,0,0,0,1
S2705,40.45,53.01,58.27,67.2,62.57,64.27,22.4,6.4,10,22,77.25,61.2895,1,0,1,0,0,1,0,0,1,0,0,0,1,0
S2706,94.79,55.39,99.63,12.7,63.56,80.75,19.4,7.5,8,18,64.14,68.22800000000001,0,1,0,0,0,1,0,0,1,0,0,0,1,0
S2707,64.5,89.24,70.34,61.2,74.93,98.96,19.5,5.2,5,22,41.53,66.01650000000001,1,1,1,0,0,0,1,1,0,0,0,1,0,0
S2708,68.11,59.91,94.93,59.8,71.94,79.78,28.3,5.6,3,22,68.59,70.4155,0,0,1,0,1,0,0,1,0,0,0,1,0,0
S2709,90.72,51.44,58.53,14.7,73.69,86.24,28.0,7.5,2,22,66.53,66.6515,0,1,1,0,1,0,0,0,0,1,0,0,1,0
S2710,76.55,95.54,71.27,40.4,80.8,72.27,5.9,5.1,10,21,85.41,80.55300000000001,0,0,0,0,0,0,1,0,1,0,0,0,0,1
S2711,76.57,94.54,98.03,75.5,61.55,53.02,15.3,6.6,8,22,56.78,71.9045,1,1,0,0,0,1,0,1,0,0,0,1,0,0
S2712,57.79,60.92,54.56,1.7000000000000002,56.74,89.88,17.8,6.7,9,23,53.05,53.632,0,0,1,0,0,1,0,1,0,0,0,0,1,0
S2713,90.03,89.01,79.7,14.7,93.94,51.75,13.9,8.6,7,19,55.36,77.583,0,0,0,0,1,0,0,0,1,0,0,1,0,0
S2714,49.95,52.4,95.96,99.6,81.7,85.03,6.2,6.0,6,23,58.22,68.99350000000001,1,1,0,1,0,0,0,0,0,1,0,0,0,1
S2715,43.19,64.25,97.48,73.4,53.03,51.15,16.8,5.1,10,23,75.95,64.4305,1,0,1,0,1,0,0,0,0,1,0,1,0,0
S2716,51.5,81.18,92.3,46.4,98.05,93.12,29.4,4.9,2,20,68.29,77.9395,0,0,0,1,0,0,0,1,0,0,0,0,1,0
S2717,56.06,88.16,92.8,63.0,84.65,57.88,6.8,5.5,2,21,60.21,74.5105,1,1,0,0,0,1,0,1,0,0,0,0,1,0
S2718,56.94,50.52,82.61,84.60000000000001,57.59,75.71,25.4,5.4,6,22,62.46,61.502,1,0,1,0,0,1,0,0,0,1,0,1,0,0
S2719,80.23,66.31,61.02,84.2,98.46,79.86,9.9,7.8,9,20,62.26,77.39599999999999,0,0,1,0,0,0,1,0,1,0,0,0,0,1
S2720,53.07,60.72,86.53,32.5,68.27,72.88,19.4,7.0,9,18,98.34,72.4125,0,0,1,0,0,1,0,0,0,0,1,0,0,1
S2721,80.6,99.94,98.92,49.1,99.23,67.04,14.7,7.4,9,18,53.98,82.692,0,0,0,1,0,0,0,0,1,0,0,0,1,0
S2722,45.47,83.55,76.3,63.8,55.16,73.39,13.7,7.2,3,20,89.08,68.991,1,0,1,0,1,0,0,0,0,0,1,1,0,0
S2723,48.83,70.28,63.03,7.199999999999999,58.0,65.57,26.8,6.4,3,19,82.49,62.552,1,0,1,0,0,0,1,0,0,1,0,0,1,0
S2724,70.53,53.78,78.67,94.6,82.87,71.91,29.3,8.6,9,20,40.33,66.187,1,1,0,1,0,0,0,0,0,1,0,0,0,1
S2725,95.31,79.93,84.53,43.3,51.11,67.95,14.7,8.1,5,20,99.59,77.1345,0,0,0,0,1,0,0,0,0,1,0,1,0,0
S2726,91.57,82.09,60.41,37.1,50.93,78.31,21.0,5.1,3,21,85.39,70.5715,1,1,0,0,1,0,0,0,1,0,0,0,0,1
S2727,98.13,90.82,85.96,90.7,89.6,61.9,18.9,6.1,7,18,80.95,88.591,1,1,0,0,1,0,0,0,1,0,0,0,1,0
S2728,79.03,64.43,79.37,11.8,58.39,99.43,6.9,5.4,6,18,64.32,63.643,0,0,0,0,0,1,0,0,1,0,0,1,0,0
S2729,80.55,99.07,80.62,3.9,95.94,75.04,6.0,7.7,10,22,73.31,82.3095,0,0,0,0,1,0,0,0,0,1,0,0,0,1
S2730,77.5,71.97,65.3,68.5,71.29,59.71,24.3,5.7,3,23,55.2,67.5625,0,0,0,0,0,1,0,1,0,0,0,1,0,0
S2731,77.37,64.8,57.76,38.5,93.68,73.85,14.9,7.2,6,20,42.13,67.663,1,0,0,0,1,0,0,0,0,1,0,1,0,0
S2732,48.83,67.42,81.17,76.39999999999999,70.89,93.32,12.7,5.5,10,20,90.16,73.1815,0,1,0,0,1,0,0,0,0,0,1,0,0,1
S2733,72.62,75.98,79.31,6.9,76.51,51.09,29.6,4.9,9,19,93.79,76.96650000000001,1,1,1,0,0,1,0,0,1,0,0,0,1,0
S2734,63.16,96.84,66.9,38.4,65.83,83.98,7.1,4.0,2,24,49.75,64.7965,1,1,0,0,0,1,0,0,0,0,1,0,0,1
S2735,66.55,86.76,64.79,23.5,82.9,77.4,11.7,9.0,5,24,87.22,77.3255,0,0,1,1,0,0,0,0,1,0,0,0,0,1
S2736,71.42,78.86,67.36,74.0,65.91,58.48,26.4,5.1,10,18,84.47,73.8685,0,1,0,0,1,0,0,0,0,0,1,1,0,0
S2737,47.7,58.14,74.49,22.7,61.16,90.87,15.4,8.2,5,19,50.7,55.483,0,0,1,0,0,1,0,0,1,0,0,1,0,0
S2738,61.57,57.47,98.74,45.8,54.05,68.44,19.6,8.1,6,21,65.31,62.5625,0,0,0,1,0,0,0,1,0,0,0,0,0,1
S2739,43.81,75.11,88.18,81.89999999999999,52.88,64.69,6.2,5.2,2,22,65.37,62.95750000000001,0,0,1,1,0,0,0,0,1,0,0,0,0,1
S2740,98.78,86.44,92.59,91.5,65.3,91.41,28.0,6.1,6,19,85.6,82.607,1,0,0,0,0,1,0,0,0,1,0,0,1,0
S2741,47.11,87.55,75.28,72.30000000000001,86.82,81.93,8.4,8.2,1,18,90.26,79.953,1,1,0,0,1,0,0,0,0,0,1,1,0,0
S2742,55.51,61.3,76.31,42.9,60.28,94.91,10.3,7.4,10,21,45.69,56.804,1,0,1,1,0,0,0,0,1,0,0,0,0,1
S2743,93.48,55.0,60.22,57.2,64.96,81.49,8.9,5.8,7,20,73.78,69.08699999999999,0,1,1,0,1,0,0,1,0,0,0,0,1,0
S2744,68.96,69.22,86.05,69.0,95.26,87.04,17.4,8.7,1,21,85.7,82.78500000000001,1,0,0,0,1,0,0,0,0,0,1,1,0,0
S2745,48.14,95.91,71.08,87.5,81.96,91.82,25.4,5.7,2,23,87.17,79.47099999999999,0,0,0,1,0,0,0,1,0,0,0,0,1,0
S2746,63.05,77.27,87.12,88.9,95.99,52.74,11.7,5.1,4,19,48.88,75.22200000000001,0,0,0,0,0,1,0,0,1,0,0,0,0,1
S2747,46.95,66.0,70.45,93.1,95.56,88.8,8.6,4.7,5,18,71.53,75.19300000000001,1,0,0,0,1,0,0,0,1,0,0,1,0,0
S2748,52.01,66.18,55.43,81.1,53.17,80.69,15.2,7.5,10,19,91.45,66.14,1,1,0,0,0,0,1,0,1,0,0,0,1,0
S2749,43.12,56.6,58.65,14.7,97.75,53.48,29.5,4.1,1,20,59.11,65.6605,0,1,0,0,0,1,0,0,1,0,0,0,0,1
S2750,66.29,73.66,90.58,74.80000000000001,52.56,75.43,5.3,8.2,1,24,65.51,65.936,1,1,0,1,0,0,0,0,1,0,0,0,1,0
S2751,88.4,89.57,62.93,81.5,96.28,54.12,17.6,5.5,5,20,88.26,88.0125,0,1,0,0,0,0,1,0,0,1,0,0,1,0
S2752,75.16,98.43,63.22,87.8,77.34,86.8,21.7,5.8,6,18,45.36,71.2925,1,0,1,0,1,0,0,0,1,0,0,0,0,1
S2753,76.38,75.08,96.47,92.5,76.66,77.33,25.2,8.0,3,23,91.57,82.88149999999999,1,1,1,0,0,1,0,0,1,0,0,1,0,0
S2754,52.04,58.36,82.88,50.9,85.66,97.68,23.7,8.1,5,22,58.67,67.7585,1,0,1,0,0,0,1,0,0,0,1,0,0,1
S2755,60.63,84.15,55.72,65.5,93.96,59.16,6.9,6.0,2,21,40.09,68.7745,1,1,0,0,0,1,0,0,0,0,1,1,0,0
S2756,90.71,87.84,57.18,1.0,80.85,80.3,16.5,6.8,8,21,54.05,70.318,1,1,0,0,1,0,0,0,1,0,0,0,1,0
S2757,45.27,53.58,63.62,57.3,71.27,60.58,7.0,7.4,3,20,45.37,56.77799999999999,0,1,1,0,0,1,0,1,0,0,0,0,1,0
S2758,91.48,92.51,79.7,47.3,55.59,80.7,20.5,7.4,3,19,45.54,65.99549999999999,1,1,1,0,0,0,1,0,1,0,0,0,0,1
S2759,69.02,91.47,87.64,96.2,89.46,86.13,6.9,6.7,9,24,81.57,84.878,1,1,0,0,0,1,0,0,0,1,0,0,1,0
S2760,90.23,73.63,63.72,90.2,56.41,86.12,6.2,8.2,4,19,52.84,65.594,1,1,0,1,0,0,0,0,1,0,0,0,1,0
S2761,59.08,78.02,93.53,79.80000000000001,86.32,90.75,12.7,8.2,10,23,96.08,83.824,0,0,0,1,0,0,0,0,0,0,1,1,0,0
S2762,60.33,85.67,55.46,5.699999999999999,76.4,92.68,28.5,8.2,3,22,70.99,68.39849999999998,0,1,1,0,0,0,1,0,1,0,0,0,0,1
S2763,85.1,83.84,60.38,40.2,69.29,53.86,22.7,5.3,5,19,67.61,71.07849999999999,0,0,1,0,0,1,0,0,1,0,0,1,0,0
S2764,87.1,50.83,98.52,69.6,80.65,67.16,5.1,5.3,6,21,66.06,74.7315,0,1,1,0,0,0,1,0,1,0,0,0,0,1
S2765,53.78,56.12,56.74,3.0,88.62,84.36,12.1,4.7,10,24,81.56,69.285,0,0,0,0,0,1,0,0,1,0,0,0,1,0
S2766,98.37,58.13,94.41,23.6,97.06,74.93,5.4,8.1,1,19,67.14,79.99900000000001,1,0,0,0,1,0,0,0,1,0,0,0,1,0
S2767,45.07,87.78,85.2,88.80000000000001,63.23,59.53,12.4,4.3,7,24,47.72,63.7865,1,1,1,1,0,0,0,0,0,0,1,0,0,1
S2768,44.11,72.0,53.65,13.0,97.36,77.64,22.1,4.7,4,22,92.81,75.842,1,0,0,0,1,0,0,0,1,0,0,0,0,1
S2769,75.73,77.28,74.19,5.1,98.05,70.37,24.0,8.6,9,21,65.7,76.4655,0,1,1,0,0,1,0,1,0,0,0,0,0,1
S2770,83.36,88.63,75.95,58.1,90.68,69.5,25.1,4.6,2,24,44.44,74.6125,0,1,1,0,1,0,0,0,1,0,0,0,1,0
S2771,97.65,67.05,96.61,94.6,94.07,90.49,27.7,4.6,2,19,71.76,85.257,1,0,0,0,0,0,1,0,0,0,1,1,0,0
S2772,64.3,87.44,71.06,83.5,84.62,70.38,14.1,8.5,10,21,78.84,79.138,0,0,0,0,0,0,1,0,1,0,0,0,1,0
S2773,41.52,72.11,72.34,97.5,51.95,51.32,26.6,5.6,2,20,56.53,58.871,0,1,0,0,0,1,0,0,1,0,0,0,1,0
S2774,76.17,68.86,55.62,75.4,78.75,52.9,23.2,8.4,10,20,88.02,76.7165,0,0,0,1,0,0,0,0,1,0,0,0,1,0
S2775,57.38,66.65,81.96,43.7,87.36,92.81,18.4,5.9,10,23,80.19,75.241,1,1,1,0,0,0,1,0,0,1,0,0,0,1
S2776,65.98,98.25,60.54,94.7,97.09,98.03,28.9,5.9,8,20,79.02,84.3055,1,0,1,1,0,0,0,0,0,1,0,0,1,0
S2777,69.31,88.6,53.88,42.7,78.52,84.42,28.7,4.7,2,19,65.25,71.07799999999999,0,0,1,0,0,1,0,0,0,0,1,1,0,0
S2778,43.87,51.01,99.85,35.0,89.71,68.22,27.4,8.6,4,22,97.71,77.3075,0,1,1,1,0,0,0,0,1,0,0,0,0,1
S2779,69.16,97.87,63.48,44.8,85.25,96.93,10.1,7.8,10,21,56.45,73.33,0,0,0,0,0,1,0,0,1,0,0,0,1,0
S2780,65.58,88.77,57.05,81.4,64.04,83.14,10.2,5.1,1,24,74.66,70.80449999999999,0,1,1,0,1,0,0,0,1,0,0,0,1,0
S2781,82.75,57.46,84.97,91.8,57.74,92.22,27.5,7.6,4,18,58.54,66.0755,1,1,1,0,0,1,0,0,0,1,0,0,1,0
S2782,78.74,53.82,91.08,35.8,87.55,88.29,14.9,4.5,6,20,84.69,78.2195,0,1,1,0,1,0,0,1,0,0,0,0,1,0
S2783,51.11,65.41,53.2,46.2,61.69,68.96,24.9,6.6,6,20,42.87,54.3325,1,1,1,0,0,1,0,0,0,1,0,0,0,1
S2784,52.37,81.21,55.27,89.80000000000001,62.23,73.94,22.2,5.3,3,18,42.75,59.4105,1,1,0,0,0,0,1,0,1,0,0,0,0,1
S2785,55.06,80.83,54.51,4.699999999999999,82.2,59.31,24.1,8.3,9,24,88.65,72.892,1,0,1,0,0,0,1,0,1,0,0,0,0,1
S2786,50.74,63.79,52.35,78.4,89.45,64.6,5.7,6.6,5,24,66.06,69.68450000000001,0,1,0,1,0,0,0,0,1,0,0,0,0,1
S2787,79.43,72.28,82.97,45.4,79.12,88.91,15.7,8.6,9,18,60.47,72.177,1,1,0,0,0,1,0,0,0,0,1,0,0,1
S2788,99.67,60.59,79.42,37.7,94.25,94.7,26.4,6.9,2,24,76.45,81.2535,1,0,1,0,0,1,0,1,0,0,0,0,1,0
S2789,79.13,52.53,83.14,44.7,60.57,86.22,17.2,6.5,3,19,82.11,68.9965,0,0,0,0,0,1,0,0,0,0,1,0,0,1
S2790,76.4,75.85,75.28,41.900000000000006,62.62,73.26,22.3,7.5,7,24,52.07,64.264,0,0,0,1,0,0,0,1,0,0,0,0,1,0
S2791,64.6,67.35,90.88,75.7,81.85,54.33,23.9,7.9,5,21,51.13,70.003,0,1,1,0,0,0,1,1,0,0,0,1,0,0
S2792,58.75,77.14,77.33,92.8,91.47,52.85,8.0,4.1,9,24,97.49,84.57000000000001,1,0,1,0,0,1,0,1,0,0,0,1,0,0
S2793,94.66,97.33,95.94,49.1,76.97,68.72,8.9,6.6,2,20,75.38,82.78349999999999,0,0,0,1,0,0,0,1,0,0,0,0,1,0
S2794,98.14,57.17,74.28,83.3,50.52,73.19,23.1,7.9,9,22,63.41,65.898,1,1,1,0,0,1,0,0,0,0,1,0,1,0
S2795,69.81,50.1,89.53,73.2,83.85,80.46,6.4,6.0,8,19,88.09,77.777,1,1,0,0,1,0,0,0,1,0,0,0,0,1
S2796,57.41,53.84,70.37,33.1,90.68,50.32,13.5,4.2,5,19,71.51,70.461,0,0,0,0,0,1,0,0,1,0,0,0,0,1
S2797,86.21,73.14,71.76,58.7,63.83,99.49,28.0,4.1,1,24,54.5,66.78750000000001,1,0,1,0,1,0,0,0,0,0,1,1,0,0
S2798,47.95,85.35,92.45,66.7,52.71,68.2,19.4,8.0,10,22,52.4,61.488,1,0,1,1,0,0,0,0,0,1,0,1,0,0
S2799,85.94,79.04,55.38,2.3000000000000003,75.9,92.4,27.8,5.0,1,22,63.81,69.1225,1,0,1,1,0,0,0,0,1,0,0,0,1,0
S2800,89.14,74.74,78.25,39.6,52.11,76.75,12.7,4.9,7,23,91.59,72.9175,1,1,1,0,0,0,1,1,0,0,0,1,0,0
S2801,47.49,67.7,86.32,99.3,70.8,56.52,20.9,5.4,2,22,43.69,63.038,0,0,0,0,0,1,0,0,0,0,1,0,1,0
S2802,98.61,65.5,87.52,63.7,50.89,89.88,12.2,4.5,1,24,53.11,65.098,1,0,0,1,0,0,0,1,0,0,0,0,1,0
S2803,99.13,68.81,79.57,33.4,61.25,85.49,7.8,4.3,3,24,93.59,76.59049999999999,0,1,0,0,0,0,1,1,0,0,0,1,0,0
S2804,96.2,80.58,72.4,25.0,69.44,76.37,29.8,8.4,2,18,47.3,67.664,1,1,0,0,0,1,0,1,0,0,0,0,1,0
S2805,69.76,58.39,63.04,20.9,55.59,75.73,9.4,5.5,3,20,77.78,62.6935,1,0,1,1,0,0,0,0,0,0,1,0,1,0
S2806,54.76,88.57,95.47,40.2,55.71,54.37,9.7,6.9,9,23,52.81,62.972,0,0,0,0,1,0,0,0,1,0,0,0,1,0
S2807,74.92,78.76,68.49,19.3,91.35,82.79,26.0,8.3,9,24,76.35,77.3585,1,0,0,1,0,0,0,0,0,1,0,0,1,0
S2808,65.2,63.46,89.95,13.5,52.07,95.56,25.1,8.9,9,18,62.99,60.33749999999999,1,1,0,0,1,0,0,0,0,1,0,0,0,1
S2809,52.36,75.06,51.58,36.4,84.45,54.66,29.4,7.4,6,23,46.1,62.951,1,1,0,0,0,0,1,0,0,0,1,1,0,0
S2810,65.42,98.14,61.61,60.7,90.72,63.18,6.8,8.8,3,20,74.95,79.6835,1,0,1,0,0,0,1,0,1,0,0,1,0,0
S2811,79.83,51.02,67.28,14.6,56.54,95.12,7.4,6.1,6,23,80.98,64.29249999999999,1,1,1,0,0,1,0,0,0,1,0,0,1,0
S2812,44.25,59.98,83.58,4.4,59.77,64.22,16.2,7.9,3,18,80.82,62.3485,1,0,1,0,0,1,0,0,0,1,0,1,0,0
S2813,60.01,72.42,65.97,3.5,82.07,82.7,19.8,8.7,8,21,78.22,70.8125,0,0,0,0,0,1,0,1,0,0,0,1,0,0
S2814,41.07,81.92,52.07,26.7,65.78,76.74,6.0,4.3,5,24,70.01,62.227,0,0,0,0,0,0,1,0,0,0,1,0,0,1
S2815,84.97,60.61,58.69,19.0,73.82,79.82,9.0,5.6,2,20,71.17,68.5945,0,1,1,0,1,0,0,0,1,0,0,0,0,1
S2816,78.44,96.57,62.96,53.9,91.8,70.79,22.6,7.7,5,19,78.14,82.3175,1,0,1,0,0,1,0,0,0,0,1,0,0,1
S2817,43.76,82.13,58.8,45.6,56.9,65.0,21.7,5.6,3,20,81.42,64.4685,1,1,0,0,0,1,0,0,0,0,1,0,0,1
S2818,97.88,93.87,60.19,32.5,80.98,52.43,7.2,4.1,2,20,79.29,80.523,1,1,0,0,0,0,1,0,0,1,0,0,0,1
S2819,41.36,66.47,88.45,83.4,97.12,87.21,28.3,8.0,10,20,75.22,77.1305,0,1,0,0,1,0,0,1,0,0,0,0,1,0
S2820,75.4,91.45,70.6,50.5,52.87,87.3,11.4,4.8,10,21,49.35,62.811,1,0,0,1,0,0,0,0,0,0,1,1,0,0
S2821,86.58,68.91,70.26,9.2,53.0,83.54,27.2,5.6,8,24,52.64,59.8695,0,1,0,0,0,1,0,0,1,0,0,0,0,1
S2822,87.27,62.64,98.33,29.6,77.74,82.18,28.1,8.6,9,18,55.61,71.02399999999999,1,0,1,1,0,0,0,1,0,0,0,0,0,1
S2823,42.06,95.58,72.34,97.3,98.0,62.19,17.3,5.0,3,24,95.18,85.94,1,1,1,1,0,0,0,1,0,0,0,1,0,0
S2824,94.38,54.61,96.38,97.7,61.02,51.12,15.3,8.5,10,19,85.56,76.5675,1,0,1,0,0,1,0,0,1,0,0,0,1,0
S2825,95.11,97.14,64.95,25.5,66.54,90.44,12.0,6.1,4,18,73.17,74.862,0,1,1,0,0,0,1,0,1,0,0,1,0,0
S2826,73.68,72.93,70.03,16.7,54.93,74.56,25.2,8.6,7,23,55.12,60.0885,1,1,0,0,0,1,0,0,1,0,0,0,0,1
S2827,68.92,99.63,69.81,49.6,68.11,65.34,9.9,8.4,7,23,46.65,66.839,0,1,0,0,1,0,0,0,0,0,1,0,1,0
S2828,42.69,76.98,77.3,48.1,52.22,55.1,20.6,6.1,2,23,93.93,67.23400000000001,1,1,0,0,1,0,0,1,0,0,0,0,1,0
S2829,73.72,87.87,79.21,41.0,69.45,53.14,19.2,8.6,1,18,93.56,78.4345,1,0,1,0,0,1,0,1,0,0,0,0,1,0
S2830,64.56,50.35,62.41,52.9,77.77,67.44,11.2,7.2,3,22,46.64,61.1135,0,1,1,1,0,0,0,0,1,0,0,1,0,0
S2831,86.37,74.83,89.68,23.2,98.75,90.24,29.6,6.4,2,21,87.83,85.8905,1,0,0,0,1,0,0,0,1,0,0,1,0,0
S2832,64.23,86.87,74.83,11.5,90.92,95.94,26.2,6.7,8,22,66.8,74.699,1,1,1,0,1,0,0,0,1,0,0,1,0,0
S2833,81.01,89.14,50.35,57.0,91.1,94.84,5.5,4.3,5,24,59.44,75.5975,1,0,0,0,0,1,0,0,0,0,1,0,0,1
S2834,46.08,57.9,79.57,93.3,61.41,96.0,15.6,8.0,9,23,84.35,67.7295,1,0,0,0,0,1,0,0,0,0,1,0,1,0
S2835,47.98,70.95,89.9,13.8,54.36,95.39,14.0,5.5,7,21,76.86,63.0425,0,1,1,0,0,0,1,0,1,0,0,0,0,1
S2836,48.38,70.95,62.52,70.5,80.15,76.36,27.1,5.4,1,18,86.8,73.42150000000001,0,1,1,0,0,1,0,0,0,0,1,0,1,0
S2837,42.73,55.18,51.89,43.8,76.06,60.97,11.6,7.6,6,23,44.46,55.99849999999999,1,1,0,0,0,1,0,1,0,0,0,0,1,0
S2838,72.48,72.15,90.36,29.4,75.83,89.9,30.0,5.9,4,18,59.12,69.7295,1,0,1,0,1,0,0,1,0,0,0,0,1,0
S2839,87.64,90.35,98.81,85.3,55.45,60.69,10.0,6.6,10,21,59.16,72.26950000000001,0,0,1,0,1,0,0,0,0,1,0,0,1,0
S2840,76.62,65.01,53.83,45.6,74.69,63.36,11.1,6.1,1,18,59.79,66.262,1,1,1,0,1,0,0,0,0,1,0,0,1,0
S2841,74.5,71.63,96.9,58.3,57.52,61.66,21.7,6.5,2,18,70.15,69.31799999999998,0,1,1,1,0,0,0,0,0,0,1,0,1,0
S2842,80.84,98.05,67.96,44.3,71.11,75.75,9.0,5.1,1,19,56.98,71.4225,1,0,1,0,1,0,0,0,0,1,0,0,1,0
S2843,60.38,51.59,97.07,8.100000000000001,53.11,66.09,27.2,8.4,10,24,66.66,59.505500000000005,0,0,1,0,1,0,0,0,0,0,1,1,0,0
S2844,61.72,79.58,82.44,59.5,92.84,57.71,7.7,7.1,5,22,62.07,75.7835,0,1,1,0,0,1,0,0,1,0,0,1,0,0
S2845,58.86,87.17,94.51,41.900000000000006,50.66,72.66,29.6,5.2,5,22,84.12,69.6785,0,1,1,0,0,0,1,0,1,0,0,0,0,1
S2846,82.73,88.04,89.29,8.7,96.97,93.7,26.9,4.5,4,22,76.21,83.123,0,1,1,0,1,0,0,0,0,1,0,0,1,0
S2847,49.7,85.8,51.4,59.6,93.14,78.53,26.0,6.7,1,20,79.22,76.19200000000001,1,0,0,0,0,0,1,0,0,0,1,0,0,1
S2848,40.78,86.32,53.27,1.0,87.63,93.92,15.2,6.3,1,19,52.64,63.89099999999999,1,0,1,0,1,0,0,0,0,1,0,1,0,0
S2849,75.77,52.95,76.29,20.9,99.13,59.79,17.8,8.7,7,23,59.53,72.6035,0,0,0,0,1,0,0,1,0,0,0,0,0,1
S2850,96.54,76.71,56.48,78.1,52.69,58.35,16.4,5.2,10,23,41.27,61.665000000000006,0,1,0,0,0,0,1,0,0,0,1,0,0,1
S2851,76.56,89.15,73.05,3.8,82.08,78.78,29.7,8.4,9,23,46.5,68.6005,0,0,0,0,0,1,0,0,1,0,0,0,1,0
S2852,86.98,54.7,97.73,64.7,92.47,73.17,5.9,7.8,7,22,55.9,75.976,0,1,1,0,1,0,0,1,0,0,0,0,0,1
S2853,80.37,50.6,64.74,95.0,56.33,83.01,14.5,6.4,4,24,43.93,58.751000000000005,1,1,1,0,0,0,1,0,0,0,1,0,0,1
S2854,69.85,90.73,74.45,17.1,79.24,89.73,29.2,8.4,4,22,76.16,75.19899999999998,0,1,1,0,1,0,0,0,0,1,0,0,0,1
S2855,83.1,85.61,69.21,41.7,69.7,87.57,14.2,8.3,9,24,99.89,80.195,0,1,0,1,0,0,0,0,0,1,0,1,0,0
S2856,89.45,70.61,81.49,57.5,71.79,97.11,15.0,7.6,6,19,46.05,68.08250000000001,0,0,1,1,0,0,0,0,0,1,0,0,1,0
S2857,53.48,97.02,59.69,45.0,95.63,69.91,20.8,4.5,10,24,89.27,81.8005,0,0,0,1,0,0,0,0,0,0,1,0,1,0
S2858,60.17,88.33,63.0,62.0,76.93,60.32,27.7,4.8,2,18,47.13,66.5365,0,1,1,1,0,0,0,0,0,1,0,0,1,0
S2859,53.42,98.39,92.94,40.4,54.66,77.55,12.4,7.0,1,22,80.19,70.531,0,0,1,0,0,1,0,0,0,0,1,0,1,0
S2860,67.13,96.47,90.57,14.9,96.86,55.54,28.7,5.2,6,23,78.59,83.0475,0,0,1,1,0,0,0,0,0,0,1,1,0,0
S2861,93.1,74.06,89.46,8.9,59.26,64.44,12.1,6.8,1,18,94.16,75.78299999999999,1,1,0,0,0,0,1,0,0,1,0,0,1,0
S2862,60.71,87.74,88.55,74.4,94.63,60.39,25.4,6.8,3,22,46.84,74.94149999999999,0,0,0,0,1,0,0,0,1,0,0,0,0,1
S2863,62.47,83.46,72.97,23.9,98.55,69.83,11.9,6.9,6,21,58.93,74.679,0,0,1,0,0,0,1,0,1,0,0,1,0,0
S2864,91.62,90.57,86.44,84.7,93.89,55.56,6.8,6.8,5,20,45.45,79.737,0,0,1,1,0,0,0,1,0,0,0,0,0,1
S2865,70.92,89.38,69.36,74.3,83.86,51.59,25.3,5.9,9,22,64.44,75.964,1,1,0,0,0,1,0,0,0,0,1,1,0,0
S2866,72.13,57.66,55.04,4.9,87.18,82.84,16.3,5.1,6,21,94.7,75.0465,1,1,0,1,0,0,0,0,0,1,0,0,1,0
S2867,91.65,61.69,69.67,20.1,84.99,80.51,14.8,6.6,3,19,86.89,78.1925,1,0,1,1,0,0,0,0,0,1,0,0,1,0
S2868,69.43,63.29,57.93,29.2,73.03,85.42,15.7,6.5,10,21,83.37,69.9125,0,1,0,0,0,1,0,0,0,1,0,1,0,0
S2869,80.89,90.92,69.54,59.400000000000006,63.72,83.02,20.3,5.4,4,19,71.98,72.8065,0,0,0,0,0,1,0,0,1,0,0,0,1,0
S2870,45.14,90.54,64.87,81.0,64.25,55.71,11.6,4.3,5,22,93.01,73.4165,0,1,1,0,0,1,0,0,1,0,0,1,0,0
S2871,50.72,74.77,79.96,6.0,86.56,64.55,10.9,5.0,4,19,66.97,69.83,1,0,1,0,0,1,0,0,0,0,1,0,1,0
S2872,64.26,79.04,68.08,25.0,81.3,56.48,17.1,6.8,3,21,48.98,66.188,0,1,1,0,0,1,0,1,0,0,0,1,0,0
S2873,69.69,91.35,85.28,37.6,79.24,92.15,5.9,6.7,9,24,90.26,80.90100000000001,1,0,1,0,0,1,0,1,0,0,0,0,1,0
S2874,97.94,65.63,75.61,18.3,82.63,87.35,21.1,4.7,9,20,56.78,71.99549999999999,1,1,0,0,1,0,0,1,0,0,0,0,1,0
S2875,98.24,52.51,95.97,54.5,88.74,60.08,25.6,7.0,5,18,43.22,72.36149999999999,1,1,1,1,0,0,0,0,0,0,1,1,0,0
S2876,91.07,74.13,54.55,47.8,87.42,67.07,23.2,6.1,1,18,47.56,70.741,1,1,0,1,0,0,0,0,0,0,1,0,0,1
S2877,58.94,95.69,84.39,31.6,55.27,98.33,16.7,7.3,1,20,76.54,68.92949999999999,1,0,1,0,0,1,0,1,0,0,0,0,1,0
S2878,97.84,89.52,83.62,51.7,68.15,79.71,19.1,8.4,7,23,76.42,78.601,0,0,0,0,0,0,1,1,0,0,0,1,0,0
S2879,81.36,68.33,97.53,35.6,63.2,90.06,5.7,5.5,3,18,55.61,66.84899999999999,0,1,1,0,0,1,0,0,0,1,0,0,1,0
S2880,63.58,53.24,68.58,34.300000000000004,76.91,63.23,27.8,5.7,8,22,83.63,70.0765,1,0,0,0,1,0,0,0,1,0,0,0,1,0
S2881,82.1,81.85,65.27,26.5,53.07,60.5,19.0,7.4,6,23,86.42,69.9705,0,0,1,0,0,0,1,0,1,0,0,0,0,1
S2882,40.99,91.72,58.62,54.0,88.12,89.2,12.9,8.7,6,22,95.23,78.712,0,1,1,0,1,0,0,0,0,0,1,1,0,0
S2883,48.77,83.25,63.26,44.400000000000006,55.33,84.29,12.3,6.4,6,21,75.1,63.723,1,0,1,0,0,0,1,0,1,0,0,0,0,1
S2884,89.78,71.25,75.09,19.6,63.57,84.05,21.5,4.8,6,21,86.77,73.407,1,1,1,0,0,0,1,1,0,0,0,0,1,0
S2885,78.73,56.17,91.89,1.3,89.14,77.63,19.6,8.7,3,23,85.19,77.5285,0,0,1,0,0,1,0,1,0,0,0,1,0,0
S2886,61.85,95.54,64.21,15.1,52.58,78.18,9.7,6.3,6,23,55.47,60.426,0,0,1,0,1,0,0,1,0,0,0,0,0,1
S2887,70.04,63.8,57.89,4.3,83.01,86.78,15.2,6.3,3,23,58.61,65.63550000000001,0,1,1,0,0,0,1,1,0,0,0,1,0,0
S2888,94.31,61.21,63.61,43.2,96.22,63.5,21.9,6.7,5,23,68.71,77.8925,0,0,1,0,1,0,0,0,0,1,0,0,1,0
S2889,77.89,90.8,55.05,22.5,80.88,67.64,12.4,5.3,1,19,41.14,66.4825,1,1,0,0,0,1,0,0,0,0,1,0,1,0
S2890,63.89,99.06,96.33,42.0,85.63,93.58,17.7,7.9,2,24,57.84,76.3245,0,0,1,0,0,1,0,1,0,0,0,0,0,1
S2891,47.22,83.01,93.63,32.9,89.61,65.44,11.4,7.2,2,23,68.43,74.533,1,0,0,0,0,1,0,1,0,0,0,0,1,0
S2892,57.62,81.24,65.42,53.8,61.11,77.32,6.8,8.8,9,24,46.48,60.014,1,0,1,0,0,1,0,0,0,0,1,1,0,0
S2893,98.7,65.97,62.35,72.4,79.05,85.13,14.7,5.0,5,23,47.58,70.1655,0,0,1,1,0,0,0,0,1,0,0,0,1,0
S2894,66.24,51.02,95.27,47.9,65.45,100.0,23.3,7.1,1,21,67.79,66.0935,0,1,1,0,0,0,1,0,0,1,0,0,0,1
S2895,68.31,59.59,50.09,6.2,62.47,71.76,10.3,6.6,2,22,83.86,64.21000000000001,0,1,0,1,0,0,0,0,0,1,0,0,1,0
S2896,69.92,79.22,80.03,1.7999999999999998,59.62,71.4,23.9,8.5,6,24,90.02,70.85499999999999,1,0,0,0,0,1,0,0,1,0,0,0,0,1
S2897,93.05,57.57,95.8,21.3,79.27,92.13,21.7,4.2,6,21,72.78,75.214,1,0,0,0,0,0,1,0,0,1,0,0,0,1
S2898,76.24,94.19,75.43,42.5,89.73,90.28,17.7,7.8,2,18,68.48,79.2715,1,1,0,0,0,0,1,0,1,0,0,0,0,1
S2899,81.62,59.41,50.15,4.5,93.79,86.55,29.3,7.1,3,19,63.06,70.29650000000001,1,0,0,0,1,0,0,0,1,0,0,0,0,1
S2900,63.36,76.11,60.94,32.8,71.43,73.16,27.1,7.0,4,19,51.58,62.9785,0,1,1,0,0,1,0,0,0,0,1,1,0,0
S2901,41.75,75.6,96.12,88.69999999999999,68.64,66.2,19.1,8.4,10,22,48.79,64.439,1,1,0,1,0,0,0,1,0,0,0,0,0,1
S2902,95.86,80.2,50.85,9.0,84.37,80.44,18.9,6.9,1,23,87.51,79.13250000000001,1,0,0,0,1,0,0,0,1,0,0,1,0,0
S2903,96.95,66.37,69.74,94.9,89.02,93.81,11.9,7.6,10,21,67.9,79.898,0,1,0,0,0,0,1,0,0,1,0,1,0,0
S2904,96.95,93.68,89.49,85.7,62.67,94.19,28.0,7.2,2,18,87.42,82.4845,1,0,0,1,0,0,0,1,0,0,0,1,0,0
S2905,96.62,72.22,91.9,83.2,64.86,55.42,27.4,4.3,7,21,82.24,78.69399999999999,1,1,0,0,0,1,0,0,1,0,0,0,1,0
S2906,88.91,85.01,73.88,86.4,76.67,71.42,23.6,4.6,6,23,51.63,73.7045,0,0,0,1,0,0,0,0,0,0,1,0,0,1
S2907,81.08,81.8,61.62,8.0,72.22,73.24,8.2,5.7,5,23,70.62,70.315,1,0,0,1,0,0,0,0,1,0,0,0,0,1
S2908,90.67,55.86,79.99,15.1,85.29,98.88,22.6,7.4,8,20,66.64,72.9805,1,1,1,1,0,0,0,0,0,1,0,0,1,0
S2909,76.03,81.13,63.19,13.4,75.22,83.9,11.3,4.1,3,21,65.43,69.4865,1,1,0,0,1,0,0,1,0,0,0,0,0,1
S2910,48.06,77.54,62.76,11.1,55.58,70.36,9.7,7.9,8,22,72.55,60.4825,1,1,0,0,0,0,1,1,0,0,0,0,1,0
S2911,63.47,94.93,90.38,32.8,58.3,51.3,24.0,5.0,5,21,98.92,76.658,0,1,1,1,0,0,0,1,0,0,0,0,0,1
S2912,98.28,94.04,57.71,83.0,95.1,78.27,29.0,6.8,9,19,88.77,89.4915,1,0,1,0,0,0,1,0,0,0,1,1,0,0
S2913,61.07,57.55,50.28,25.2,61.37,54.8,7.7,5.0,9,18,94.22,66.047,0,0,1,0,1,0,0,0,1,0,0,1,0,0
S2914,92.07,54.08,66.84,24.4,52.5,91.72,9.1,4.9,7,24,41.78,56.0215,1,1,1,0,0,1,0,0,0,0,1,1,0,0
S2915,45.59,64.73,74.55,67.6,86.57,87.63,10.5,5.7,3,22,48.42,65.459,0,1,0,0,0,1,0,0,0,1,0,0,0,1
S2916,60.05,99.33,85.25,9.7,84.2,73.03,29.1,8.6,4,20,45.09,69.4495,0,0,0,1,0,0,0,0,1,0,0,1,0,0
S2917,61.06,51.08,89.06,36.0,80.0,71.46,22.4,5.2,6,18,55.79,65.4745,0,0,0,0,1,0,0,0,1,0,0,0,1,0
S2918,43.1,83.64,83.18,29.5,75.11,94.87,22.0,4.2,1,18,66.51,67.9645,1,1,0,0,0,1,0,0,1,0,0,0,0,1
S2919,47.15,80.43,81.33,84.7,98.48,64.42,17.6,8.4,2,24,78.52,80.679,1,0,1,0,1,0,0,0,0,0,1,0,0,1
S2920,51.59,82.33,83.29,51.5,55.99,62.45,18.4,6.2,6,19,70.05,65.3015,1,1,0,0,1,0,0,0,0,0,1,0,0,1
S2921,90.27,60.91,63.58,64.6,75.51,96.96,12.3,7.1,9,19,94.19,78.46549999999999,0,0,0,1,0,0,0,0,0,0,1,1,0,0
S2922,43.8,61.34,69.12,12.9,78.2,90.46,8.9,8.4,4,19,96.39,70.88550000000001,1,0,0,1,0,0,0,0,1,0,0,1,0,0
S2923,57.92,71.53,80.82,92.9,51.12,91.03,24.5,7.8,3,22,49.81,59.93300000000001,1,0,0,0,1,0,0,0,1,0,0,0,1,0
S2924,40.61,54.79,53.28,32.2,70.6,59.76,16.8,8.0,8,21,91.17,65.2205,1,0,0,0,1,0,0,0,1,0,0,0,1,0
S2925,81.74,53.73,64.77,70.7,89.14,57.16,11.4,6.4,7,18,68.9,74.29950000000001,1,0,0,1,0,0,0,0,1,0,0,0,0,1
S2926,77.22,54.42,70.32,95.5,73.55,51.3,20.8,7.4,2,21,67.2,70.418,0,0,1,0,1,0,0,0,0,0,1,0,1,0
S2927,78.7,78.65,76.67,50.9,93.76,61.85,10.2,8.8,10,21,87.1,83.7175,0,0,1,1,0,0,0,1,0,0,0,0,0,1
S2928,62.46,69.89,74.32,50.8,82.24,88.71,17.2,8.4,4,19,45.59,65.894,1,1,0,0,0,0,1,0,1,0,0,1,0,0
S2929,52.5,64.68,85.91,11.7,88.3,62.0,9.8,7.1,10,21,92.95,76.4805,1,0,1,0,1,0,0,0,1,0,0,1,0,0
S2930,83.22,65.79,73.67,39.0,90.22,86.46,24.0,4.4,6,18,80.25,78.79700000000001,1,0,1,1,0,0,0,0,0,1,0,0,0,1
S2931,88.67,60.36,95.21,85.19999999999999,84.48,62.6,13.0,8.9,2,18,92.52,84.6095,0,1,0,0,1,0,0,1,0,0,0,1,0,0
S2932,48.32,70.58,69.02,13.5,87.47,69.76,16.0,5.1,6,23,99.67,76.5705,1,1,1,1,0,0,0,0,1,0,0,1,0,0
S2933,69.21,60.15,76.27,91.8,84.77,99.16,23.9,5.8,9,20,71.08,74.822,0,1,1,0,1,0,0,1,0,0,0,1,0,0
S2934,54.92,84.9,50.16,66.7,77.52,62.24,21.5,4.7,4,22,45.6,63.97999999999999,0,0,1,0,0,1,0,0,0,1,0,0,0,1
S2935,50.09,56.2,65.52,42.1,78.33,68.82,15.0,4.8,10,21,49.99,60.597,1,1,0,0,0,1,0,0,0,0,1,0,1,0
S2936,84.06,97.41,93.33,54.6,59.49,65.05,6.8,8.0,7,22,59.42,71.9855,1,0,0,0,1,0,0,1,0,0,0,0,0,1
S2937,72.29,54.49,66.68,15.0,91.37,55.48,28.0,4.6,9,22,46.21,65.39850000000001,1,1,1,0,0,1,0,0,0,1,0,0,0,1
S2938,52.97,97.17,62.66,21.7,65.61,74.49,5.2,4.9,8,22,88.92,71.785,0,1,0,0,1,0,0,0,0,1,0,1,0,0
S2939,58.6,91.66,77.18,28.6,76.79,68.93,23.4,4.9,2,24,57.81,69.1765,0,0,0,0,1,0,0,1,0,0,0,1,0,0
S2940,98.0,84.04,53.94,38.5,62.48,84.74,28.6,5.9,9,23,98.55,78.00649999999999,1,1,0,0,0,0,1,1,0,0,0,0,1,0
S2941,90.92,95.62,76.58,91.6,84.79,90.88,12.7,7.5,8,22,82.16,86.196,0,0,0,0,0,0,1,1,0,0,0,0,0,1
S2942,92.8,56.96,65.18,36.8,98.76,77.21,6.9,7.2,5,23,50.41,73.05250000000001,1,0,0,0,0,1,0,1,0,0,0,0,1,0
S2943,67.6,58.82,69.16,52.400000000000006,90.1,51.61,11.2,7.6,9,18,68.56,72.669,1,0,1,0,0,0,1,0,0,0,1,0,1,0
S2944,77.43,62.61,89.57,16.200000000000003,80.95,80.95,12.8,7.6,6,24,68.01,72.0605,0,0,0,0,0,0,1,0,1,0,0,0,0,1
S2945,62.61,62.24,83.1,73.60000000000001,78.38,52.77,16.3,4.0,9,21,69.55,71.619,0,0,1,0,1,0,0,0,1,0,0,0,1,0
S2946,44.66,65.54,72.31,56.0,74.49,80.82,18.1,7.4,9,23,72.14,66.943,0,1,0,1,0,0,0,0,0,0,1,0,0,1
S2947,64.06,78.78,78.88,44.0,60.25,84.25,23.1,7.4,3,20,41.87,60.0565,0,1,0,0,1,0,0,1,0,0,0,0,0,1
S2948,75.64,51.41,88.34,94.7,67.4,59.89,27.5,4.3,7,22,81.18,73.14150000000001,1,1,1,0,0,0,1,0,0,1,0,0,1,0
S2949,57.23,69.11,87.29,89.1,70.32,90.97,16.6,6.1,4,24,69.23,70.5385,1,1,1,0,1,0,0,0,0,0,1,0,1,0
S2950,90.88,62.32,59.27,66.0,97.23,95.55,23.7,4.4,4,20,87.46,83.241,1,1,1,0,0,1,0,0,1,0,0,0,0,1
S2951,49.07,80.33,65.05,92.2,71.28,90.65,8.2,5.0,7,18,88.92,74.13900000000001,0,0,1,1,0,0,0,0,1,0,0,1,0,0
S2952,62.03,99.26,67.41,56.5,79.31,65.26,13.2,6.4,6,18,53.83,71.00999999999999,1,0,0,0,0,0,1,0,0,0,1,1,0,0
S2953,47.49,75.88,59.38,82.69999999999999,96.12,79.33,8.0,4.1,4,19,42.91,68.142,0,0,1,0,0,0,1,0,0,1,0,0,0,1
S2954,64.29,71.28,50.61,40.9,75.92,95.74,22.3,4.5,5,22,82.19,70.765,0,0,0,0,1,0,0,0,0,1,0,1,0,0
S2955,42.38,68.41,58.7,8.7,62.57,66.03,27.7,4.4,6,19,98.67,66.36200000000001,0,0,0,0,1,0,0,0,0,1,0,0,1,0
S2956,56.35,89.25,90.41,99.4,69.05,91.0,27.2,4.6,4,24,66.8,73.266,1,1,1,0,1,0,0,0,1,0,0,0,1,0
S2957,64.04,53.6,77.3,16.599999999999998,68.78,50.47,13.2,4.2,8,20,55.58,60.735,0,0,1,0,1,0,0,0,0,1,0,1,0,0
S2958,68.69,97.99,67.08,25.2,85.74,50.18,10.9,7.1,4,21,49.4,71.042,0,0,1,0,0,0,1,0,1,0,0,1,0,0
S2959,72.62,70.9,80.42,16.299999999999997,64.81,87.99,11.9,4.9,10,19,57.25,64.1405,0,0,0,0,1,0,0,1,0,0,0,0,0,1
S2960,56.5,65.69,86.99,33.7,86.51,88.07,12.2,8.3,4,18,59.68,69.5855,0,0,1,0,0,0,1,1,0,0,0,0,1,0
S2961,71.38,98.7,67.72,28.9,94.46,89.45,7.1,8.4,10,22,65.43,78.4245,0,1,0,0,1,0,0,0,1,0,0,1,0,0
S2962,70.54,96.79,73.3,60.1,66.8,96.5,8.3,7.5,10,20,79.32,75.3045,0,1,1,1,0,0,0,0,0,1,0,1,0,0
S2963,58.97,82.1,53.21,99.6,56.77,55.9,10.4,4.3,1,23,56.39,62.59,0,1,1,1,0,0,0,1,0,0,0,1,0,0
S2964,89.81,50.93,79.85,5.300000000000001,81.93,61.6,5.2,8.5,6,24,43.06,64.705,0,0,0,0,1,0,0,0,1,0,0,1,0,0
S2965,72.74,87.43,67.82,77.8,68.04,95.19,6.2,6.1,1,24,62.4,70.7095,0,1,0,0,1,0,0,0,0,1,0,0,1,0
S2966,59.94,66.78,71.68,12.8,76.7,58.86,22.5,4.9,9,18,91.34,72.661,0,0,1,0,0,1,0,0,1,0,0,0,0,1
S2967,96.84,69.41,71.13,2.0,81.71,84.11,20.5,7.9,5,23,69.9,74.1385,0,0,0,1,0,0,0,1,0,0,0,0,1,0
S2968,90.71,57.94,81.62,63.9,70.39,76.52,28.6,5.7,2,24,97.89,79.244,0,1,1,0,0,0,1,0,0,1,0,0,0,1
S2969,98.96,76.17,78.62,87.30000000000001,96.23,54.16,15.0,6.5,9,21,70.22,84.9205,1,0,1,1,0,0,0,0,0,1,0,1,0,0
S2970,81.53,87.23,71.11,17.6,69.98,64.26,16.1,7.7,8,22,56.55,68.4365,1,0,0,0,0,0,1,1,0,0,0,1,0,0
S2971,62.69,63.65,50.85,34.2,65.37,76.02,6.7,4.5,4,21,51.6,58.257000000000005,0,1,1,0,1,0,0,0,0,1,0,0,0,1
S2972,56.85,96.94,81.05,16.9,94.28,92.62,8.8,4.8,3,24,81.67,80.72,0,1,0,1,0,0,0,0,0,0,1,1,0,0
S2973,79.8,59.74,93.98,90.7,56.82,85.38,22.3,8.8,4,21,72.18,69.95500000000001,0,1,0,1,0,0,0,0,0,0,1,0,1,0
S2974,98.85,53.31,88.48,27.0,56.21,81.09,10.9,7.6,10,24,76.24,68.945,1,1,1,0,0,1,0,0,1,0,0,0,0,1
S2975,77.6,82.22,99.08,44.5,96.78,74.8,24.3,5.2,4,22,85.31,86.4675,1,1,1,0,0,1,0,0,1,0,0,1,0,0
S2976,92.9,92.47,56.95,89.5,60.45,64.93,22.6,6.9,9,22,83.55,76.998,1,1,0,1,0,0,0,0,0,0,1,1,0,0
S2977,59.75,97.66,61.13,55.3,57.42,55.96,23.7,4.9,6,23,42.6,60.3655,0,1,0,1,0,0,0,0,0,0,1,1,0,0
S2978,64.42,88.36,76.96,93.3,76.76,70.45,22.3,8.3,4,21,88.15,80.3435,0,1,1,1,0,0,0,0,1,0,0,0,0,1
S2979,94.38,59.98,61.79,92.6,52.34,51.43,22.7,6.2,2,20,71.96,67.655,0,0,1,0,0,0,1,0,0,0,1,0,1,0
S2980,85.41,98.88,51.73,46.2,81.0,60.55,18.7,8.0,9,23,63.5,75.3015,0,0,1,0,1,0,0,0,0,0,1,0,1,0
S2981,98.88,95.97,70.11,58.2,72.65,71.62,22.0,8.9,7,22,72.25,79.006,1,1,1,0,0,1,0,1,0,0,0,1,0,0
S2982,86.49,58.16,64.38,23.0,82.02,70.93,18.2,8.9,5,18,76.75,73.079,0,1,1,0,1,0,0,0,1,0,0,0,0,1
S2983,66.91,77.94,63.19,99.1,64.2,52.21,10.2,4.7,2,24,48.97,64.504,1,0,0,0,0,1,0,0,0,1,0,0,0,1
S2984,71.86,77.78,97.66,27.8,95.27,79.45,10.4,8.7,1,23,65.04,78.443,1,1,0,0,0,1,0,0,0,1,0,0,0,1
S2985,94.03,72.13,61.92,78.3,63.53,77.48,15.1,5.4,7,19,60.14,69.125,0,1,0,0,0,1,0,0,1,0,0,1,0,0
S2986,73.1,99.21,56.47,31.3,81.88,53.91,5.3,5.8,3,20,61.02,72.8775,1,0,0,1,0,0,0,0,1,0,0,0,1,0
S2987,55.32,52.98,56.27,31.3,97.25,97.16,27.2,4.3,8,24,45.48,63.98199999999999,1,1,0,0,0,1,0,0,0,0,1,0,0,1
S2988,66.14,81.36,90.32,10.4,70.04,54.97,11.7,7.2,4,23,49.59,65.0865,1,0,0,0,1,0,0,0,0,0,1,0,1,0
S2989,70.98,60.27,85.74,56.0,58.07,92.74,6.3,7.2,5,22,49.71,60.91,1,0,1,0,0,1,0,0,0,1,0,0,0,1
S2990,45.8,76.37,56.47,24.5,53.42,50.02,15.6,7.9,3,22,62.39,56.821,0,0,0,0,1,0,0,0,1,0,0,0,0,1
S2991,84.63,88.99,60.99,14.8,98.15,94.11,25.4,8.7,7,20,93.67,85.7445,0,0,1,0,0,1,0,1,0,0,0,0,1,0
S2992,46.56,62.34,87.37,22.7,88.19,50.99,14.9,6.1,4,19,52.36,65.75399999999999,1,1,0,0,0,1,0,0,1,0,0,0,0,1
S2993,64.3,69.67,63.73,25.1,95.95,87.89,11.6,6.0,1,23,64.97,72.751,0,0,0,1,0,0,0,0,0,0,1,0,1,0
S2994,88.28,97.54,99.08,50.4,84.94,68.08,18.6,7.2,5,23,58.7,80.458,1,1,0,0,1,0,0,0,1,0,0,0,0,1
S2995,68.05,88.07,77.03,38.6,67.12,86.91,19.4,7.3,2,21,87.24,74.997,0,1,1,0,0,1,0,0,0,1,0,0,1,0
S2996,90.52,78.64,59.6,7.5,56.15,70.09,24.0,6.2,7,18,43.01,59.3065,0,0,0,0,0,1,0,0,1,0,0,1,0,0
S2997,60.51,61.1,92.94,53.6,96.47,53.55,25.0,8.6,2,22,51.79,72.104,0,1,0,0,1,0,0,0,0,1,0,0,0,1
S2998,97.46,71.27,65.97,78.8,74.48,88.38,22.7,4.3,4,23,52.64,71.3505,0,0,1,0,0,1,0,1,0,0,0,0,0,1
S2999,52.57,88.7,64.44,57.400000000000006,69.83,53.56,5.1,7.8,2,23,99.58,76.3485,0,0,1,0,0,0,1,0,1,0,0,0,1,0
S3000,42.3,91.03,66.37,97.5,78.89,96.11,5.1,5.0,7,24,74.25,73.741,1,0,0,1,0,0,0,1,0,0,0,0,1,0
S3001,92.35,62.23,88.41,9.9,55.33,52.55,29.4,6.5,3,24,48.34,61.207,0,1,0,0,1,0,0,1,0,0,0,0,1,0
S3002,85.13,83.1,58.66,82.10000000000001,65.46,73.97,11.6,8.3,2,23,56.33,68.92599999999999,1,0,1,1,0,0,0,0,1,0,0,0,1,0
S3003,53.92,54.75,69.09,50.6,81.89,86.15,12.1,5.6,2,19,50.07,62.824,1,0,0,0,0,0,1,1,0,0,0,1,0,0
S3004,99.08,51.16,51.54,52.2,55.01,69.66,23.3,8.5,2,18,47.48,58.673,0,1,1,0,0,0,1,0,1,0,0,0,0,1
S3005,70.14,77.43,91.33,51.900000000000006,56.76,60.86,19.5,6.3,6,23,87.83,72.84899999999999,1,0,1,0,0,0,1,0,0,0,1,0,0,1
S3006,97.06,61.22,67.04,32.5,75.53,87.95,16.6,7.5,8,20,69.75,72.16749999999999,0,0,1,0,1,0,0,0,1,0,0,0,0,1
S3007,70.3,53.95,62.41,32.5,81.17,89.21,7.9,7.6,7,22,77.87,70.322,1,1,1,0,0,0,1,0,0,1,0,1,0,0
S3008,68.31,86.49,78.99,63.2,59.35,96.13,7.0,5.3,10,21,59.88,67.054,1,1,0,0,1,0,0,0,0,1,0,0,1,0
S3009,66.95,74.9,85.25,4.5,51.65,68.81,22.6,8.5,1,24,73.22,63.8275,0,0,0,0,1,0,0,0,0,0,1,1,0,0
S3010,60.09,89.81,90.64,58.9,97.92,75.31,8.1,4.6,3,20,55.45,77.7325,0,1,0,0,0,1,0,0,0,1,0,0,0,1
S3011,72.02,83.2,67.39,72.5,51.37,68.16,15.9,7.0,8,22,58.48,63.678,0,0,0,0,1,0,0,0,0,0,1,0,0,1
S3012,67.15,86.49,90.62,35.6,50.1,62.85,23.4,8.6,8,24,79.13,68.7005,0,1,1,0,0,0,1,0,1,0,0,0,1,0
S3013,42.2,65.37,73.24,21.7,66.17,87.55,28.1,4.2,9,19,49.02,56.6505,1,0,1,0,1,0,0,0,0,1,0,0,1,0
S3014,55.63,63.16,55.06,21.3,61.12,66.98,26.8,6.7,7,24,77.03,61.983,0,1,0,0,1,0,0,0,0,1,0,1,0,0
S3015,52.79,80.04,92.32,8.2,78.68,71.41,26.6,5.2,5,18,91.13,75.953,1,0,1,1,0,0,0,0,1,0,0,0,0,1
S3016,92.05,60.0,77.38,9.0,94.71,70.18,14.0,5.0,3,18,47.23,71.216,1,1,1,0,0,0,1,0,0,1,0,1,0,0
S3017,75.93,90.77,80.12,16.7,74.06,85.63,28.2,5.2,8,22,93.85,79.5325,1,1,0,0,1,0,0,0,0,1,0,0,0,1
S3018,85.82,76.15,96.87,1.9,88.67,95.89,22.1,8.5,5,20,44.77,71.871,1,0,0,0,0,1,0,0,1,0,0,0,1,0
S3019,97.41,61.35,77.96,26.6,95.46,83.34,27.2,6.1,5,21,60.93,76.81049999999999,1,0,0,0,1,0,0,0,1,0,0,0,1,0
S3020,78.64,81.26,50.28,30.6,59.47,73.58,7.2,5.2,8,19,76.63,67.5415,1,0,1,0,1,0,0,0,1,0,0,0,0,1
S3021,98.96,97.25,93.53,99.5,74.42,88.96,6.0,8.6,8,22,73.56,84.4755,0,0,1,1,0,0,0,0,0,1,0,0,1,0
S3022,58.71,54.1,64.24,99.2,82.1,82.05,15.7,5.6,8,19,45.78,64.3805,1,1,0,0,0,0,1,0,0,0,1,0,0,1
S3023,51.18,55.47,75.09,18.700000000000003,66.59,53.03,25.7,7.6,4,18,87.93,66.40100000000001,1,0,0,0,0,0,1,0,0,0,1,0,1,0
S3024,64.2,92.19,60.24,21.3,86.99,54.78,15.2,6.7,3,23,98.39,81.24199999999999,1,1,1,0,0,1,0,0,1,0,0,0,1,0
S3025,68.25,55.48,64.85,49.2,85.27,51.9,27.1,7.4,6,23,50.87,65.803,0,1,1,0,0,1,0,0,1,0,0,1,0,0
S3026,93.72,51.97,84.33,14.9,71.05,72.84,10.9,4.9,5,21,93.71,75.774,0,1,0,0,0,1,0,0,0,1,0,0,1,0
S3027,73.6,67.4,71.48,50.4,54.4,91.29,6.0,7.4,10,19,73.41,65.4905,1,0,0,0,1,0,0,0,0,1,0,0,0,1
S3028,57.53,73.34,81.36,39.900000000000006,50.58,65.65,24.0,8.5,5,22,96.16,68.9755,0,0,1,0,1,0,0,0,0,0,1,0,0,1
S3029,84.56,78.47,91.18,32.5,68.47,69.21,20.7,4.5,5,21,50.57,68.381,1,0,1,0,0,1,0,1,0,0,0,0,0,1
S3030,70.35,75.37,67.04,82.30000000000001,54.1,95.47,16.0,5.6,3,24,87.52,70.787,0,0,1,0,0,0,1,0,1,0,0,1,0,0
S3031,49.73,95.66,78.42,82.8,89.08,91.85,26.1,8.9,7,24,43.59,71.41199999999999,1,1,0,0,0,0,1,0,0,0,1,0,0,1
S3032,74.61,88.43,88.88,98.8,66.72,83.25,25.6,5.1,5,20,92.99,81.54749999999999,0,0,1,0,0,1,0,0,0,1,0,1,0,0
S3033,94.68,99.19,85.76,22.3,83.3,63.34,13.1,4.3,4,23,80.45,83.874,0,1,1,1,0,0,0,0,1,0,0,1,0,0
S3034,90.56,73.82,76.99,88.80000000000001,67.32,55.85,25.9,4.3,4,22,62.22,72.547,0,1,1,0,0,0,1,0,1,0,0,0,1,0
S3035,75.21,54.22,69.17,53.8,89.8,50.8,13.6,5.4,7,19,51.43,68.81899999999999,1,1,1,0,0,0,1,0,1,0,0,0,1,0
S3036,62.62,97.78,70.38,59.1,94.42,55.35,20.5,6.5,1,21,88.99,84.6265,1,1,1,0,0,1,0,0,0,1,0,1,0,0
S3037,45.22,50.21,71.66,89.60000000000001,91.88,64.63,9.8,5.3,8,22,76.19,72.572,1,1,1,0,0,0,1,0,0,0,1,0,0,1
S3038,68.18,88.8,67.44,94.3,74.22,77.59,11.6,5.4,1,21,61.62,72.67699999999999,0,1,1,0,1,0,0,1,0,0,0,1,0,0
S3039,85.12,51.56,84.95,72.69999999999999,54.2,53.2,16.2,8.2,6,21,66.63,65.5495,0,0,0,0,1,0,0,0,0,1,0,0,1,0
S3040,61.62,88.06,56.27,34.8,68.59,56.81,12.9,7.8,4,21,89.59,72.79350000000001,1,1,0,0,0,0,1,0,1,0,0,1,0,0
S3041,54.13,96.9,98.37,49.0,71.22,59.05,8.2,5.6,7,19,60.34,71.39250000000001,0,1,0,0,1,0,0,0,1,0,0,0,0,1
S3042,95.88,69.46,88.95,61.5,98.01,81.6,17.1,5.7,6,22,45.38,77.519,1,0,0,1,0,0,0,0,0,0,1,1,0,0
S3043,89.29,62.05,64.91,82.89999999999999,78.27,80.79,17.8,8.8,5,18,94.68,80.488,1,1,0,0,0,0,1,0,0,1,0,0,1,0
S3044,78.3,61.31,52.13,65.8,82.04,77.54,9.0,8.8,5,18,63.24,69.8665,1,1,0,0,0,1,0,0,1,0,0,1,0,0
S3045,48.21,74.59,85.57,36.5,89.1,62.53,9.4,8.9,6,19,60.9,70.757,1,0,0,0,1,0,0,1,0,0,0,0,0,1
S3046,48.69,58.54,86.72,41.8,78.41,68.56,5.7,8.7,7,24,52.26,63.4345,0,1,0,1,0,0,0,0,1,0,0,0,0,1
S3047,46.19,83.65,98.18,5.0,79.92,54.83,5.8,7.1,3,19,93.85,76.9825,0,0,0,1,0,0,0,0,1,0,0,0,1,0
S3048,76.98,68.42,62.69,92.4,62.27,61.32,14.0,5.5,3,23,53.05,64.6425,0,0,1,0,1,0,0,0,0,1,0,0,1,0
S3049,46.93,66.16,54.14,8.8,52.94,94.89,8.7,8.8,7,21,78.2,58.2495,1,1,1,1,0,0,0,1,0,0,0,0,1,0
S3050,90.56,73.06,95.76,58.0,86.07,98.98,28.0,7.7,3,22,92.85,86.0525,0,0,0,0,0,0,1,0,1,0,0,0,1,0
S3051,99.58,77.13,62.93,87.2,92.43,82.38,10.0,7.6,7,22,42.09,75.411,1,0,1,1,0,0,0,0,0,1,0,1,0,0
S3052,61.98,57.1,86.08,42.1,70.6,95.84,6.6,8.0,2,20,89.73,72.1875,1,1,1,0,1,0,0,0,0,0,1,0,1,0
S3053,67.22,85.39,53.03,80.0,77.45,82.14,15.1,7.0,8,20,64.64,71.5895,1,0,1,1,0,0,0,1,0,0,0,0,0,1
S3054,82.7,94.15,88.03,80.39999999999999,65.36,51.66,9.8,6.9,9,18,79.48,78.8285,1,0,0,0,1,0,0,0,1,0,0,0,1,0
S3055,96.23,63.9,56.35,6.0,72.51,99.84,6.5,5.8,6,20,62.34,67.29249999999999,1,1,0,0,1,0,0,0,1,0,0,1,0,0
S3056,93.65,59.02,84.78,41.2,60.44,54.95,23.8,4.8,2,20,81.73,72.00300000000001,1,0,0,1,0,0,0,1,0,0,0,1,0,0
S3057,43.46,88.03,76.62,69.1,87.99,84.13,18.9,6.2,9,18,55.26,71.0525,0,1,1,0,1,0,0,0,0,0,1,1,0,0
S3058,50.14,59.18,97.77,42.2,74.6,62.64,6.4,6.6,5,23,41.32,60.99499999999999,0,1,1,0,1,0,0,0,1,0,0,1,0,0
S3059,85.28,52.06,51.85,54.5,77.36,69.6,16.7,8.4,4,24,96.87,75.9365,0,1,1,0,0,1,0,0,0,1,0,0,0,1
S3060,81.33,80.96,64.6,59.400000000000006,51.85,82.3,6.0,6.0,7,18,40.98,59.5735,0,1,0,0,0,0,1,0,0,0,1,0,1,0
S3061,47.99,61.99,53.48,15.1,81.12,71.82,13.9,8.4,6,24,89.45,69.2985,1,0,0,0,1,0,0,0,1,0,0,0,1,0
S3062,70.12,58.59,93.96,41.2,60.13,62.53,14.1,5.6,4,20,50.15,61.339000000000006,1,1,0,0,0,0,1,0,0,0,1,0,1,0
S3063,86.85,99.08,79.7,2.8000000000000003,69.17,66.72,25.6,8.7,10,22,63.53,72.633,0,1,1,0,0,1,0,0,1,0,0,0,1,0
S3064,53.13,64.59,76.75,15.0,70.64,67.08,23.4,4.2,2,20,89.35,69.61250000000001,0,0,0,0,0,1,0,0,0,0,1,0,1,0
S3065,92.28,95.17,56.57,51.2,72.44,97.97,27.4,6.6,4,21,52.36,71.15650000000001,0,1,1,0,0,1,0,0,0,0,1,0,1,0
S3066,43.18,58.91,74.45,57.400000000000006,61.37,89.93,8.5,5.6,1,24,91.94,67.02449999999999,0,1,1,0,0,1,0,0,1,0,0,0,1,0
S3067,86.93,90.95,69.94,14.6,92.51,72.93,18.3,5.5,8,24,69.87,79.6265,0,1,0,0,0,0,1,0,0,0,1,1,0,0
S3068,76.95,75.1,65.79,75.6,71.39,59.99,5.5,4.4,4,21,61.97,70.076,0,1,1,1,0,0,0,0,0,1,0,1,0,0
S3069,58.91,53.93,88.61,37.3,80.61,90.55,25.6,7.4,2,21,79.75,71.77250000000001,0,1,1,1,0,0,0,1,0,0,0,0,0,1
S3070,83.26,86.68,53.06,92.1,80.7,57.86,14.2,6.0,5,23,60.48,74.732,0,1,1,0,0,0,1,0,1,0,0,1,0,0
S3071,86.94,94.6,82.33,38.8,80.35,60.52,6.7,8.7,1,19,60.84,76.719,1,1,1,0,1,0,0,1,0,0,0,0,0,1
S3072,96.03,58.15,91.15,15.0,77.97,68.3,13.1,7.6,2,21,84.01,77.3855,1,1,1,0,0,0,1,0,0,0,1,0,1,0
S3073,62.07,86.28,95.37,75.8,91.13,94.02,12.2,6.2,8,24,58.59,77.566,1,0,1,0,1,0,0,0,1,0,0,0,1,0
S3074,81.16,72.25,87.3,56.8,90.63,56.59,24.2,7.1,4,22,52.05,74.783,1,0,0,0,1,0,0,0,1,0,0,1,0,0
S3075,76.16,87.69,64.12,38.7,70.86,56.11,8.2,4.3,9,24,88.46,76.2975,0,1,1,1,0,0,0,0,0,0,1,1,0,0
S3076,71.51,85.7,80.03,35.6,81.79,74.7,18.9,6.9,10,24,88.32,79.98150000000001,1,0,0,0,0,1,0,0,0,0,1,0,1,0
S3077,93.42,51.33,57.07,15.1,55.14,63.82,24.8,7.3,4,23,69.86,62.1815,0,1,1,1,0,0,0,0,1,0,0,0,1,0
S3078,40.19,58.94,55.85,34.1,54.54,78.44,23.5,4.5,2,19,71.6,56.4215,1,0,1,1,0,0,0,0,0,0,1,1,0,0
S3079,56.93,73.55,81.93,2.9,74.0,72.58,28.4,7.4,8,19,81.76,70.55,0,0,0,0,0,0,1,0,0,1,0,0,1,0
S3080,72.3,96.68,92.56,50.2,95.01,71.75,5.0,6.4,10,21,70.56,83.256,0,0,0,0,0,0,1,0,1,0,0,1,0,0
S3081,50.7,67.1,53.36,89.7,82.5,55.6,13.8,6.4,4,20,65.02,68.496,1,1,0,0,1,0,0,0,1,0,0,0,1,0
S3082,94.47,81.44,55.3,79.5,83.46,57.05,14.2,7.6,8,24,99.69,85.852,1,1,0,0,0,0,1,0,1,0,0,1,0,0
S3083,78.86,50.6,78.28,2.9,57.88,91.05,5.8,6.2,2,18,48.86,56.971,0,0,0,0,1,0,0,1,0,0,0,1,0,0
S3084,68.67,85.56,60.91,88.10000000000001,72.67,94.29,25.4,5.2,4,20,75.56,74.3215,0,1,1,0,1,0,0,0,0,1,0,0,1,0
S3085,88.88,80.15,80.59,45.2,70.04,61.73,22.2,5.5,1,20,93.15,79.97300000000001,0,1,0,0,0,1,0,0,0,1,0,0,1,0
S3086,67.05,85.77,60.73,19.1,89.15,55.67,18.2,7.7,8,19,81.23,77.0035,1,0,1,0,0,1,0,0,1,0,0,1,0,0
S3087,73.52,95.23,55.82,75.19999999999999,56.89,52.67,15.1,4.4,6,19,92.86,74.9365,1,0,0,1,0,0,0,0,0,0,1,0,0,1
S3088,40.17,57.32,77.28,32.3,76.96,80.41,27.4,8.2,2,23,60.18,62.09949999999999,0,1,0,0,0,1,0,0,0,1,0,0,0,1
S3089,61.94,63.08,93.11,25.3,95.57,85.77,11.6,6.9,3,23,56.32,72.08,1,0,1,0,1,0,0,0,0,1,0,0,0,1
S3090,48.33,99.79,84.26,16.1,94.62,68.64,13.4,7.6,6,19,91.08,82.605,0,1,1,0,0,0,1,0,0,0,1,0,0,1
S3091,81.38,57.81,90.94,48.7,92.62,83.98,28.8,5.7,10,22,63.65,76.106,1,1,0,0,0,1,0,0,1,0,0,0,1,0
S3092,68.74,86.03,63.32,9.3,68.75,85.65,6.6,5.1,9,22,82.58,71.2825,1,1,1,0,0,1,0,0,0,0,1,0,0,1
S3093,58.11,86.25,94.3,78.60000000000001,97.06,96.77,24.5,8.0,10,18,48.86,76.347,1,1,1,0,0,1,0,1,0,0,0,0,0,1
S3094,68.07,84.15,68.85,47.1,90.27,53.24,23.0,4.5,7,19,85.35,80.49149999999999,1,1,0,0,0,1,0,1,0,0,0,1,0,0
S3095,52.58,61.37,92.62,44.7,92.56,59.61,27.5,4.8,9,21,72.94,74.5925,1,0,1,0,1,0,0,0,1,0,0,1,0,0
S3096,95.51,60.76,73.56,0.2,96.62,53.43,7.3,5.4,10,23,56.12,73.8225,0,0,0,0,1,0,0,0,1,0,0,0,1,0
S3097,43.24,83.32,63.39,81.8,96.85,93.4,29.3,5.8,4,19,69.67,75.8855,0,0,0,1,0,0,0,0,0,1,0,1,0,0
S3098,91.93,59.31,63.01,49.3,62.0,89.63,5.7,5.0,8,22,81.82,70.507,1,0,0,0,0,0,1,0,1,0,0,0,0,1
S3099,70.68,83.08,78.38,44.0,56.38,78.73,13.4,8.6,2,19,40.71,60.19350000000001,0,0,0,1,0,0,0,0,1,0,0,0,0,1
S3100,77.14,74.63,53.95,76.10000000000001,84.54,54.18,7.1,4.1,2,22,78.25,76.89,0,0,0,1,0,0,0,0,0,1,0,0,1,0
S3101,58.16,69.33,96.5,6.3,78.16,63.67,6.3,8.0,4,19,72.5,70.66149999999999,1,0,0,0,0,1,0,0,0,1,0,0,1,0
S3102,98.0,65.01,63.57,36.7,66.37,64.89,29.1,6.1,3,24,53.22,65.8595,0,1,0,0,0,0,1,0,0,0,1,0,0,1
S3103,56.91,97.38,66.78,57.6,84.22,78.04,23.0,8.2,8,21,85.18,79.2625,1,1,1,0,0,1,0,1,0,0,0,1,0,0
S3104,75.33,75.4,61.67,46.1,53.1,62.9,17.6,8.0,2,18,58.21,61.564,0,0,0,0,1,0,0,0,0,1,0,1,0,0
S3105,99.61,78.06,50.15,18.2,52.36,53.65,7.7,4.6,4,24,56.61,62.43599999999999,0,1,1,1,0,0,0,0,0,0,1,0,1,0
S3106,92.87,97.46,84.63,29.9,67.72,86.54,18.2,7.3,9,21,68.27,75.89099999999999,0,0,1,0,0,0,1,1,0,0,0,0,1,0
S3107,72.18,82.69,79.53,30.0,59.69,64.95,13.0,5.9,9,22,80.57,70.733,0,1,0,0,1,0,0,0,1,0,0,0,1,0
S3108,99.42,97.89,90.48,99.2,85.93,72.62,11.8,8.1,4,23,95.73,93.316,0,1,1,1,0,0,0,0,1,0,0,0,0,1
S3109,82.08,55.32,52.05,32.599999999999994,97.4,56.38,20.5,8.3,3,23,48.48,68.785,0,1,1,0,0,0,1,0,1,0,0,1,0,0
S3110,52.52,92.33,96.43,20.5,83.08,90.13,24.8,4.9,1,20,63.79,73.267,0,1,1,1,0,0,0,0,0,1,0,1,0,0
S3111,64.34,66.77,66.54,82.30000000000001,82.74,78.28,16.1,6.4,1,21,44.02,66.2625,1,0,1,0,0,0,1,1,0,0,0,1,0,0
S3112,60.07,90.52,95.65,42.1,50.33,95.08,17.3,7.0,8,19,85.51,70.735,1,0,1,1,0,0,0,1,0,0,0,0,0,1
S3113,60.64,92.78,55.36,44.400000000000006,75.61,74.77,21.3,6.7,9,18,66.86,70.167,1,0,0,0,0,1,0,0,1,0,0,0,1,0
S3114,85.63,63.57,87.2,54.900000000000006,90.86,97.07,8.1,5.3,9,19,82.42,81.708,1,0,0,1,0,0,0,0,1,0,0,1,0,0
S3115,75.06,70.44,78.97,59.6,82.71,94.59,25.7,5.4,5,19,59.33,72.3475,0,1,1,1,0,0,0,1,0,0,0,0,0,1
S3116,42.29,86.3,67.91,59.1,61.39,78.82,25.9,8.3,2,21,90.66,70.1165,0,0,0,0,0,0,1,1,0,0,0,1,0,0
S3117,92.65,54.95,53.96,3.4000000000000004,92.42,96.69,18.5,4.2,7,18,72.09,73.4545,0,1,0,0,0,0,1,0,0,0,1,0,0,1
S3118,57.81,87.78,80.24,81.89999999999999,98.22,66.15,9.7,5.3,4,20,96.62,87.5785,1,1,1,0,0,1,0,0,1,0,0,1,0,0
S3119,99.82,55.52,51.32,19.5,63.95,68.28,17.5,5.1,10,24,44.73,59.7755,1,0,1,0,0,0,1,0,1,0,0,0,1,0
S3120,97.25,95.72,75.06,29.2,60.35,52.27,7.6,5.9,4,19,70.86,73.7315,1,1,1,1,0,0,0,0,0,0,1,1,0,0
S3121,96.43,63.82,80.21,17.3,66.93,79.46,24.1,7.4,4,18,85.99,74.5,0,0,0,0,0,0,1,0,1,0,0,0,0,1
S3122,88.67,78.78,86.63,76.7,53.16,86.1,12.8,6.7,10,20,76.01,72.566,1,0,1,0,0,0,1,0,1,0,0,1,0,0
S3123,53.24,55.86,99.57,58.4,93.67,88.68,12.8,6.7,3,24,41.39,67.6905,0,0,1,0,0,0,1,0,1,0,0,0,0,1
S3124,71.96,63.47,63.0,75.5,96.46,57.49,28.6,7.7,4,19,98.34,83.9125,1,0,0,0,0,1,0,0,0,1,0,0,0,1
S3125,53.46,70.2,66.12,65.3,81.67,72.21,15.5,8.1,2,18,57.9,67.402,0,0,1,0,0,1,0,1,0,0,0,1,0,0
S3126,55.58,74.35,67.06,10.4,88.22,58.84,24.7,4.8,9,24,54.96,66.9215,1,1,0,0,1,0,0,1,0,0,0,0,0,1
S3127,76.66,50.0,86.58,30.1,83.43,83.11,20.9,4.5,7,21,69.14,71.476,0,0,0,0,0,1,0,0,0,0,1,0,0,1
S3128,42.45,94.43,96.59,50.7,68.87,57.9,12.9,5.5,1,23,72.53,71.51950000000001,1,0,0,0,0,1,0,0,1,0,0,0,1,0
S3129,98.17,50.38,98.72,30.5,81.6,95.21,8.1,8.1,5,23,85.98,79.6545,1,0,1,0,0,1,0,0,1,0,0,0,1,0
S3130,95.12,88.68,97.29,20.7,91.82,61.53,24.9,6.7,2,19,63.6,81.77999999999999,0,1,1,1,0,0,0,1,0,0,0,0,1,0
S3131,62.85,73.53,93.97,87.0,90.5,64.57,24.1,4.7,3,19,66.4,77.95400000000001,0,0,1,0,1,0,0,0,1,0,0,0,0,1
S3132,70.93,76.19,99.55,74.80000000000001,54.05,92.55,9.2,4.8,3,24,72.1,70.003,1,0,1,1,0,0,0,0,1,0,0,1,0,0
S3133,67.97,60.41,68.8,34.5,73.13,72.92,11.2,8.5,7,18,63.66,65.716,0,1,0,0,0,1,0,0,1,0,0,1,0,0
S3134,92.93,80.37,97.42,76.5,69.87,51.2,24.2,5.8,3,23,94.87,84.24050000000001,1,1,0,0,0,1,0,0,1,0,0,0,1,0
S3135,81.32,76.86,88.05,62.8,87.6,74.73,29.6,5.3,7,19,91.08,84.722,0,1,0,0,1,0,0,0,1,0,0,0,0,1
S3136,56.69,58.21,58.42,0.4,75.07,54.23,26.1,7.5,8,20,67.3,62.443,1,1,0,0,1,0,0,0,1,0,0,0,1,0
S3137,66.81,61.91,52.27,38.0,67.49,99.27,22.1,8.3,2,19,40.01,56.68449999999999,0,1,1,0,0,0,1,0,0,0,1,0,1,0
S3138,65.74,53.35,60.72,29.0,85.32,79.41,27.9,6.2,1,23,94.06,74.4965,1,1,0,0,0,1,0,0,1,0,0,0,0,1
S3139,97.56,53.31,88.94,21.8,73.68,62.83,12.1,8.0,6,22,47.46,66.5835,1,0,1,0,0,1,0,0,1,0,0,0,1,0
S3140,50.52,50.69,81.58,25.2,62.83,78.19,5.2,6.2,9,23,54.67,57.116,1,1,1,1,0,0,0,0,1,0,0,0,0,1
S3141,45.37,61.02,61.22,94.2,94.52,53.84,13.0,7.5,6,20,49.14,67.4315,0,0,0,0,0,0,1,0,0,1,0,0,1,0
S3142,92.84,83.98,87.1,48.6,55.65,89.99,29.3,6.9,8,18,50.79,67.0555,1,0,0,0,0,1,0,0,0,0,1,1,0,0
S3143,93.8,65.81,57.07,84.80000000000001,50.9,96.27,27.0,8.5,5,20,88.17,71.201,0,1,1,1,0,0,0,0,1,0,0,0,1,0
S3144,92.3,67.14,91.09,21.4,57.2,93.72,6.3,5.6,8,22,74.77,69.94749999999999,0,1,0,0,1,0,0,0,1,0,0,1,0,0
S3145,70.66,56.6,89.71,17.4,58.18,67.09,17.5,7.9,4,22,97.37,70.7265,0,1,0,1,0,0,0,0,1,0,0,0,1,0
S3146,79.58,78.77,98.63,88.9,76.9,66.29,7.0,7.4,6,19,53.89,74.60300000000001,1,0,1,0,0,1,0,0,0,1,0,0,1,0
S3147,73.8,67.11,57.51,49.6,81.24,51.75,24.7,8.2,8,19,69.14,71.02449999999999,0,0,0,1,0,0,0,0,0,1,0,1,0,0
S3148,44.17,83.82,95.33,89.5,72.43,82.57,14.3,7.0,1,23,98.65,79.598,0,0,1,1,0,0,0,0,0,0,1,0,1,0
S3149,75.75,87.07,67.06,6.3,60.21,76.75,27.8,6.3,6,21,89.59,71.9045,0,0,1,0,0,0,1,0,1,0,0,0,0,1
S3150,40.82,79.23,70.8,91.6,56.61,72.97,6.4,4.2,8,20,83.72,67.5805,1,0,1,0,0,0,1,0,1,0,0,1,0,0
S3151,59.5,63.8,73.42,41.5,74.61,95.38,23.3,8.2,5,23,51.34,63.13,0,1,0,0,1,0,0,0,0,0,1,0,0,1
S3152,95.94,75.43,81.35,15.5,78.27,58.39,15.0,8.5,3,21,86.16,79.6365,0,1,1,0,0,0,1,0,1,0,0,0,0,1
S3153,58.24,62.6,99.74,68.3,65.2,50.48,11.7,6.2,5,23,60.85,66.2875,0,0,0,1,0,0,0,1,0,0,0,1,0,0
S3154,96.39,95.15,80.0,79.7,61.02,53.67,17.9,5.1,3,22,71.83,76.9795,0,1,0,0,0,0,1,0,1,0,0,0,1,0
S3155,55.01,88.32,96.34,4.699999999999999,54.03,61.17,17.1,7.2,6,19,76.55,66.715,1,1,0,0,0,1,0,0,0,1,0,0,0,1
S3156,58.87,74.65,62.75,98.7,51.31,51.66,13.7,4.6,6,19,76.56,65.771,1,0,1,1,0,0,0,0,0,1,0,0,1,0
S3157,77.7,98.27,69.92,69.7,55.29,75.14,21.2,4.2,5,23,83.59,74.357,0,1,1,1,0,0,0,0,1,0,0,0,0,1
S3158,85.7,77.34,75.22,32.1,87.1,65.7,21.5,5.5,7,19,79.7,79.63799999999999,0,0,0,1,0,0,0,0,0,1,0,1,0,0
S3159,70.08,66.43,66.15,15.1,67.2,59.02,6.9,7.4,7,18,44.1,59.03150000000001,0,0,1,0,0,1,0,1,0,0,0,1,0,0
S3160,92.93,54.77,98.84,39.3,51.37,87.5,19.9,8.1,6,23,67.44,66.275,0,1,1,1,0,0,0,1,0,0,0,0,0,1
S3161,42.41,77.19,86.28,22.1,75.41,60.22,22.8,4.8,6,22,79.84,70.256,1,0,1,0,0,0,1,1,0,0,0,1,0,0
S3162,95.33,93.02,73.94,49.400000000000006,76.8,84.38,6.9,8.7,4,24,57.76,75.59649999999999,1,0,1,0,0,1,0,0,1,0,0,0,0,1
S3163,51.78,93.34,87.57,78.2,71.43,67.46,21.5,6.8,4,23,58.78,70.559,1,1,0,1,0,0,0,0,1,0,0,0,1,0
S3164,93.05,80.23,73.37,66.0,55.53,75.59,25.1,8.6,3,23,47.47,65.15549999999999,1,1,1,0,0,0,1,0,1,0,0,0,0,1
S3165,64.05,69.67,50.86,43.6,87.75,96.69,25.8,4.7,10,19,65.12,69.929,0,1,1,0,0,0,1,0,0,1,0,0,0,1
S3166,89.97,82.51,77.16,11.9,84.45,51.87,6.0,6.3,7,22,99.21,84.32050000000001,0,1,1,0,1,0,0,1,0,0,0,0,0,1
S3167,80.3,88.11,81.26,95.7,69.74,75.01,22.4,6.2,3,23,57.12,73.3745,1,0,0,0,0,0,1,0,1,0,0,1,0,0
S3168,50.56,70.58,99.06,27.0,69.04,92.72,24.9,6.1,9,19,71.89,68.1115,1,1,0,0,0,0,1,0,1,0,0,1,0,0
S3169,95.08,73.81,52.04,27.8,57.8,79.4,14.9,8.7,9,20,84.59,70.415,0,1,1,0,1,0,0,1,0,0,0,1,0,0
S3170,54.73,84.03,75.6,64.6,87.68,63.84,18.6,8.2,6,22,40.81,68.1105,0,1,1,0,1,0,0,0,0,0,1,0,0,1
S3171,54.65,93.83,54.91,77.1,79.98,69.88,11.6,8.0,7,21,94.03,79.11949999999999,0,0,0,0,0,1,0,1,0,0,0,1,0,0
S3172,88.85,89.55,57.45,98.4,54.29,84.01,12.8,5.4,3,18,63.19,69.5095,0,0,0,0,0,0,1,0,0,0,1,1,0,0
S3173,46.35,51.12,80.52,96.9,68.9,94.54,17.5,5.7,3,21,92.15,71.225,0,1,0,0,0,1,0,1,0,0,0,1,0,0
S3174,53.32,56.22,61.58,91.4,95.18,52.05,8.8,5.3,1,24,42.34,66.298,1,0,0,0,0,1,0,0,1,0,0,1,0,0
S3175,70.22,92.64,87.46,43.5,72.62,53.58,14.3,8.0,6,22,48.74,69.321,1,1,1,1,0,0,0,0,0,0,1,1,0,0
S3176,89.83,91.69,75.71,16.7,66.25,66.25,12.5,6.0,3,23,59.35,70.34649999999999,0,0,1,0,0,1,0,0,0,0,1,0,0,1
S3177,48.85,69.44,60.91,58.4,82.19,61.64,11.0,8.9,1,19,60.73,66.594,0,0,0,0,0,1,0,0,1,0,0,0,0,1
S3178,72.86,79.21,74.69,1.7000000000000002,60.15,63.25,17.1,5.8,8,24,90.87,71.12700000000001,1,0,1,0,0,1,0,0,0,0,1,1,0,0
S3179,82.67,95.29,50.04,19.6,76.19,61.06,26.0,4.8,8,22,40.67,65.70249999999999,0,1,0,0,0,1,0,0,0,1,0,1,0,0
S3180,91.64,95.58,93.14,0.3,83.48,59.79,11.1,8.6,8,18,78.47,82.07350000000001,1,1,0,0,1,0,0,0,1,0,0,0,0,1
S3181,96.13,89.15,50.63,18.1,92.74,56.53,21.5,7.9,8,22,47.88,73.552,1,0,1,0,0,0,1,0,1,0,0,0,0,1
S3182,87.08,60.48,50.35,47.5,84.63,96.7,11.4,6.9,5,24,89.39,77.28049999999999,1,0,0,1,0,0,0,0,1,0,0,1,0,0
S3183,79.17,86.51,80.58,39.3,69.22,57.21,8.6,8.3,7,19,86.71,77.3185,1,1,1,0,1,0,0,0,1,0,0,0,1,0
S3184,66.02,55.05,98.68,36.9,88.39,60.22,28.6,8.7,3,21,70.0,73.8905,0,1,1,1,0,0,0,0,1,0,0,1,0,0
S3185,46.73,94.7,92.8,83.10000000000001,94.92,62.31,20.8,8.3,10,20,52.76,76.3155,0,0,1,1,0,0,0,0,0,1,0,0,1,0
S3186,82.58,57.46,62.6,67.5,73.89,96.65,7.6,8.5,2,21,78.07,72.32549999999999,1,1,1,0,1,0,0,0,1,0,0,1,0,0
S3187,99.56,83.12,59.83,93.6,50.23,87.79,20.8,5.4,6,19,49.38,65.479,0,1,1,0,0,1,0,0,0,0,1,0,1,0
S3188,84.21,80.51,81.31,44.5,94.05,89.48,9.4,6.6,1,24,51.4,76.129,0,0,0,0,1,0,0,0,1,0,0,0,1,0
S3189,41.0,88.84,91.13,27.200000000000003,58.27,55.24,27.2,8.0,2,19,77.6,66.83,0,0,1,1,0,0,0,0,0,1,0,1,0,0
S3190,69.78,77.58,68.1,12.3,56.32,91.82,11.2,6.6,7,18,99.47,71.2925,0,1,0,1,0,0,0,1,0,0,0,0,0,1
S3191,76.88,52.98,71.62,67.2,65.38,70.41,25.2,7.2,9,22,93.46,72.97999999999999,1,1,1,0,0,1,0,1,0,0,0,0,0,1
S3192,81.38,85.29,55.77,84.2,69.0,63.14,10.0,8.6,7,22,75.59,74.385,0,0,1,0,1,0,0,1,0,0,0,0,0,1
S3193,83.18,69.16,57.64,18.4,89.97,78.79,19.0,5.5,10,21,72.31,74.6035,1,0,0,0,0,0,1,0,0,1,0,0,0,1
S3194,73.49,66.01,78.42,87.89999999999999,69.46,91.11,27.8,6.7,8,24,99.9,78.975,1,1,1,1,0,0,0,1,0,0,0,1,0,0
S3195,53.4,99.58,55.13,52.6,52.44,88.93,12.4,6.8,8,20,72.84,65.032,0,0,1,0,1,0,0,0,0,0,1,0,1,0
S3196,96.53,79.52,60.1,14.4,81.8,94.5,7.0,5.8,10,20,65.21,73.97999999999999,1,0,1,0,0,1,0,1,0,0,0,0,0,1
S3197,81.8,85.54,61.73,64.3,83.56,96.41,18.8,5.8,3,18,94.57,83.1995,0,0,0,0,0,1,0,1,0,0,0,1,0,0
S3198,54.21,76.32,72.2,52.0,90.71,61.91,9.3,7.8,6,19,54.05,70.125,0,1,1,0,0,0,1,0,1,0,0,1,0,0
S3199,59.34,88.5,52.28,2.8000000000000003,69.94,71.19,23.2,8.6,2,18,45.85,59.9885,1,0,1,1,0,0,0,1,0,0,0,0,0,1
S3200,95.32,87.6,74.99,39.900000000000006,54.3,50.73,19.8,7.2,9,22,78.05,72.7345,0,1,0,0,0,0,1,1,0,0,0,0,0,1
S3201,93.25,82.86,96.43,78.5,77.65,93.97,13.7,6.4,7,23,45.75,74.717,1,0,0,0,0,0,1,0,1,0,0,0,0,1
S3202,64.31,99.89,51.22,55.5,56.05,57.73,22.6,7.8,3,23,62.39,64.9395,1,0,0,0,0,0,1,0,0,0,1,0,0,1
S3203,42.3,72.99,81.55,28.2,50.85,93.07,11.0,9.0,6,23,65.41,58.466,0,1,1,0,0,0,1,0,0,1,0,1,0,0
S3204,42.91,85.31,91.79,92.9,88.93,66.47,27.9,4.4,10,19,72.85,77.9485,0,1,1,0,0,1,0,0,1,0,0,1,0,0
S3205,57.04,89.89,65.62,23.8,70.17,68.41,13.7,7.3,1,18,99.5,75.7175,0,1,1,1,0,0,0,0,0,1,0,0,1,0
S3206,77.75,68.8,56.58,25.3,76.25,51.96,24.1,6.8,7,24,53.26,65.0955,1,0,1,0,0,0,1,1,0,0,0,0,1,0
S3207,75.05,72.86,52.17,35.5,83.14,66.34,11.5,7.1,9,21,62.55,69.758,0,1,1,1,0,0,0,0,1,0,0,1,0,0
S3208,78.03,98.46,82.2,89.5,70.05,94.42,22.9,4.1,5,22,47.93,72.166,1,0,1,0,0,1,0,1,0,0,0,0,1,0
S3209,83.04,51.61,77.61,50.8,52.56,51.28,5.8,8.8,9,23,76.46,65.3815,1,1,1,0,0,1,0,1,0,0,0,1,0,0
S3210,41.14,66.76,61.46,68.2,62.64,70.32,12.4,4.4,8,24,83.66,65.44800000000001,0,1,1,0,1,0,0,0,1,0,0,0,0,1
S3211,46.31,74.31,91.58,97.6,59.72,51.57,7.3,5.5,8,20,68.92,67.277,0,0,1,0,1,0,0,0,1,0,0,1,0,0
S3212,61.57,50.07,86.78,78.3,98.87,68.55,16.3,5.5,6,18,54.75,72.6875,0,0,1,1,0,0,0,0,0,1,0,0,0,1
S3213,49.29,94.96,63.82,17.3,86.98,58.63,15.9,7.7,3,22,77.25,74.291,1,1,1,0,1,0,0,1,0,0,0,0,0,1
S3214,44.52,64.31,87.67,78.8,72.58,62.61,14.0,7.4,4,22,72.35,68.893,0,0,1,0,0,0,1,0,0,1,0,1,0,0
S3215,78.46,62.89,62.25,74.80000000000001,53.17,93.88,29.5,4.3,1,20,50.27,59.68600000000001,1,1,1,1,0,0,0,1,0,0,0,1,0,0
S3216,88.92,91.02,83.76,23.3,55.79,71.8,11.1,4.7,6,20,64.34,69.354,0,1,0,0,0,1,0,0,1,0,0,0,0,1
S3217,85.16,63.9,55.93,32.5,90.64,63.69,24.8,5.6,7,20,66.11,73.29650000000001,0,1,1,0,0,1,0,0,1,0,0,0,1,0
S3218,89.02,82.88,84.61,71.0,97.27,79.47,16.2,7.5,10,23,98.96,91.71699999999998,1,1,0,0,0,0,1,0,0,1,0,1,0,0
S3219,79.95,91.08,61.94,23.8,51.57,57.11,13.4,8.6,9,23,90.96,71.2495,1,1,1,0,1,0,0,0,0,1,0,0,0,1
S3220,84.12,89.62,78.62,20.8,95.52,62.97,10.1,5.6,5,18,84.06,84.634,0,1,0,1,0,0,0,0,0,0,1,0,1,0
S3221,56.31,89.1,58.62,70.3,69.03,77.31,20.8,6.6,2,20,93.33,75.23,0,1,0,1,0,0,0,0,0,0,1,0,1,0
S3222,99.58,54.43,86.3,88.10000000000001,60.68,61.88,13.3,5.9,7,21,84.13,75.373,0,0,0,0,0,0,1,0,1,0,0,0,0,1
S3223,50.99,53.99,53.04,7.5,55.11,83.96,25.3,6.9,7,22,94.2,61.509,0,0,1,0,1,0,0,0,0,0,1,1,0,0
S3224,52.87,65.34,58.27,44.6,88.59,74.57,29.2,7.1,5,20,43.27,63.18299999999999,0,0,0,1,0,0,0,0,1,0,0,0,1,0
S3225,57.34,51.8,59.21,60.7,73.45,88.6,10.7,6.6,2,22,67.36,64.202,1,1,0,0,0,0,1,1,0,0,0,0,1,0
S3226,98.52,75.02,52.07,67.6,91.62,97.41,8.2,5.9,7,19,84.81,83.3065,1,1,0,1,0,0,0,0,0,0,1,0,1,0
S3227,99.3,69.74,87.25,99.6,61.31,55.79,12.9,8.4,1,24,75.0,76.204,1,0,0,0,0,1,0,0,0,0,1,0,0,1
S3228,87.69,77.85,99.05,68.3,83.93,66.73,16.7,8.0,6,19,50.51,75.95750000000001,1,1,1,1,0,0,0,0,0,1,0,0,1,0
S3229,77.74,64.94,88.92,62.0,55.91,65.98,12.5,9.0,6,20,60.43,65.2745,0,0,0,1,0,0,0,0,1,0,0,0,1,0
S3230,71.2,74.29,93.03,99.0,54.49,57.56,29.3,6.1,6,22,59.07,67.191,1,1,1,1,0,0,0,0,0,1,0,0,0,1
S3231,98.24,66.74,50.3,6.1,56.67,90.52,24.5,4.2,3,24,55.68,61.003,1,0,1,0,1,0,0,0,0,0,1,0,1,0
S3232,81.74,59.76,55.89,7.4,90.45,87.99,29.2,7.3,3,19,60.59,69.4665,1,1,0,0,1,0,0,1,0,0,0,0,0,1
S3233,96.68,82.47,77.95,56.1,82.78,74.22,14.3,7.9,1,20,70.89,80.029,0,1,1,0,0,0,1,0,1,0,0,0,1,0
S3234,58.99,83.67,98.89,35.9,58.3,76.89,12.6,8.7,4,22,91.29,73.3955,1,1,0,0,1,0,0,0,1,0,0,0,0,1
S3235,60.03,91.46,83.04,9.7,69.24,52.98,15.2,4.1,7,20,84.52,73.4145,0,0,1,1,0,0,0,0,1,0,0,0,0,1
S3236,91.28,93.74,68.71,30.6,88.18,77.78,18.1,8.4,1,23,90.11,85.13550000000001,1,0,1,1,0,0,0,1,0,0,0,1,0,0
S3237,48.99,85.22,57.31,67.4,64.28,89.57,23.5,6.6,10,22,93.02,71.7715,0,1,1,0,1,0,0,1,0,0,0,1,0,0
S3238,96.76,84.37,57.64,88.10000000000001,96.06,78.69,27.0,5.9,10,19,64.97,82.399,1,1,0,0,1,0,0,0,1,0,0,0,0,1
S3239,70.45,52.83,68.14,9.4,95.73,63.27,16.6,5.1,2,20,60.76,69.685,0,1,1,1,0,0,0,0,1,0,0,0,0,1
S3240,95.58,55.49,85.69,54.0,77.65,83.38,12.2,8.1,10,19,43.46,68.0895,1,0,1,1,0,0,0,1,0,0,0,0,1,0
S3241,60.21,90.63,51.59,29.6,81.6,68.07,13.0,5.8,2,20,95.83,77.70249999999999,0,0,1,0,0,1,0,1,0,0,0,0,1,0
S3242,82.96,61.65,92.61,66.7,82.66,77.24,22.4,7.0,5,18,43.95,70.07300000000001,0,1,0,0,0,0,1,1,0,0,0,1,0,0
S3243,68.97,67.78,97.08,54.900000000000006,62.92,74.38,19.2,6.6,8,19,84.47,72.959,1,1,0,0,1,0,0,0,0,0,1,0,1,0
S3244,77.61,57.26,94.44,92.7,68.27,69.06,17.2,5.3,5,19,62.69,70.463,0,0,0,0,0,0,1,0,1,0,0,0,0,1
S3245,70.26,59.76,95.65,3.8,56.8,85.94,10.1,7.9,1,21,96.93,70.53049999999999,0,0,1,1,0,0,0,0,1,0,0,0,0,1
S3246,98.03,88.77,50.77,47.0,96.24,94.19,26.9,5.5,1,24,65.18,80.61399999999999,1,1,0,0,0,0,1,1,0,0,0,0,0,1
S3247,81.53,63.09,98.89,19.3,86.19,50.26,24.5,7.9,5,23,89.0,80.654,1,1,1,0,1,0,0,0,0,1,0,0,1,0
S3248,55.08,72.45,68.32,53.7,52.32,96.68,8.5,6.0,2,19,56.96,58.5825,0,1,1,0,1,0,0,0,1,0,0,0,1,0
S3249,94.58,57.58,93.46,85.39999999999999,77.47,75.58,14.2,4.2,3,22,57.95,74.1685,1,0,1,0,0,0,1,0,1,0,0,0,0,1
S3250,57.64,83.9,59.34,91.1,67.15,85.04,18.6,7.8,2,24,75.73,70.7975,1,1,0,0,1,0,0,0,0,0,1,0,1,0
S3251,62.3,86.41,72.33,39.8,90.76,92.78,16.4,8.5,9,20,99.88,83.7275,1,1,1,0,0,1,0,0,1,0,0,0,0,1
S3252,46.13,68.08,52.21,81.19999999999999,67.19,73.36,14.9,4.6,5,18,71.05,64.332,0,0,0,1,0,0,0,0,0,1,0,0,0,1
S3253,94.0,89.24,52.0,28.1,82.21,91.75,23.0,6.9,1,22,96.18,82.799,0,1,0,1,0,0,0,0,0,0,1,0,0,1
S3254,57.17,62.0,97.16,0.6,58.29,58.88,6.4,4.4,3,24,87.17,66.901,0,1,1,0,1,0,0,1,0,0,0,0,0,1
S3255,55.54,84.6,90.53,85.5,77.94,57.96,16.8,8.1,8,22,87.75,79.6685,0,1,1,1,0,0,0,0,0,1,0,1,0,0
S3256,95.22,86.5,76.49,11.9,64.69,82.87,11.6,8.9,4,22,66.16,71.449,0,0,1,0,0,1,0,1,0,0,0,0,1,0
S3257,88.33,98.43,76.27,1.7999999999999998,58.24,93.51,7.1,6.5,8,22,63.19,69.0005,0,1,1,0,1,0,0,0,0,0,1,0,0,1
S3258,48.46,61.62,87.44,35.4,80.96,94.62,16.6,5.6,1,24,51.52,64.19399999999999,0,0,1,0,0,1,0,0,0,0,1,0,0,1
S3259,86.16,54.69,67.08,37.9,81.93,82.19,9.3,8.2,8,18,97.84,78.7695,1,1,0,0,0,1,0,1,0,0,0,0,0,1
S3260,94.78,63.15,88.09,7.7,99.17,76.27,11.5,6.6,10,21,97.56,87.02449999999999,0,1,0,1,0,0,0,0,1,0,0,0,1,0
S3261,44.71,56.14,74.25,81.4,83.46,66.57,17.7,6.2,9,23,84.82,72.8655,0,1,0,1,0,0,0,0,1,0,0,0,1,0
S3262,89.51,58.48,81.9,40.6,75.79,99.0,29.3,5.1,7,19,57.78,69.60050000000001,1,0,1,0,0,0,1,0,1,0,0,1,0,0
S3263,72.85,66.71,98.24,49.0,95.63,65.98,22.1,7.1,3,24,54.71,75.57449999999999,1,0,1,0,0,1,0,0,0,0,1,1,0,0
S3264,80.15,70.7,73.57,26.5,91.41,87.21,12.0,7.0,2,22,99.32,83.5625,1,0,1,1,0,0,0,0,0,1,0,0,0,1
S3265,69.57,95.19,70.92,51.2,77.44,76.6,14.6,5.3,1,19,43.99,68.5955,0,1,0,0,0,1,0,1,0,0,0,1,0,0
S3266,81.87,59.78,95.29,76.7,75.57,80.43,15.2,5.1,10,24,90.61,79.935,1,1,1,0,0,0,1,0,0,1,0,0,1,0
S3267,42.05,98.59,95.13,90.6,97.1,69.67,8.8,6.2,10,19,61.33,79.60149999999999,0,1,0,0,0,1,0,1,0,0,0,0,0,1
S3268,85.76,90.51,99.62,97.1,80.86,98.24,9.0,6.3,7,22,65.13,81.798,0,0,0,0,1,0,0,0,0,1,0,0,1,0
S3269,42.0,94.07,77.54,42.7,85.69,78.58,8.7,4.6,1,21,89.92,78.4865,0,1,1,0,0,0,1,1,0,0,0,1,0,0
S3270,67.32,96.47,67.21,99.0,54.33,96.89,18.0,5.4,6,24,45.44,63.898500000000006,1,0,0,0,0,0,1,0,0,0,1,0,0,1
S3271,49.06,87.66,62.02,29.5,85.92,50.38,21.9,4.8,1,19,61.25,69.2735,1,0,1,0,0,1,0,0,1,0,0,0,0,1
S3272,89.41,89.44,51.7,0.7000000000000001,63.23,78.63,19.8,8.5,10,20,97.12,75.2815,0,0,1,0,0,1,0,0,1,0,0,0,0,1
S3273,58.82,71.89,86.34,76.8,55.78,85.86,29.4,4.4,4,19,81.94,69.2995,0,0,0,1,0,0,0,0,0,1,0,0,1,0
S3274,67.25,75.52,61.67,17.8,92.48,87.25,8.1,8.4,5,23,85.3,77.5415,0,1,1,0,1,0,0,0,1,0,0,0,1,0
S3275,65.73,96.62,80.33,5.2,84.56,95.25,29.7,6.6,1,22,85.45,79.376,1,1,1,0,0,0,1,0,0,1,0,1,0,0
S3276,86.35,68.91,95.83,92.4,70.38,50.22,16.7,7.3,8,18,43.63,69.5135,0,1,1,0,0,0,1,0,0,0,1,0,1,0
S3277,68.87,52.1,97.51,79.2,71.57,50.02,10.5,8.6,7,19,52.19,66.375,1,0,1,0,0,0,1,0,0,0,1,1,0,0
S3278,87.34,88.14,50.22,10.3,59.86,73.61,28.6,5.8,1,21,69.48,67.18700000000001,0,0,1,1,0,0,0,0,0,1,0,0,0,1
S3279,44.41,78.66,65.85,77.69999999999999,50.48,51.46,16.7,7.5,5,20,62.09,59.597,1,1,1,0,1,0,0,0,0,1,0,0,1,0
S3280,51.5,90.74,91.87,84.39999999999999,67.47,98.73,13.7,7.4,4,20,64.65,71.1465,0,1,1,0,0,0,1,0,0,1,0,0,1,0
S3281,73.09,53.78,76.82,90.5,57.42,61.1,10.3,8.9,1,18,86.89,70.186,1,1,0,0,0,0,1,0,0,0,1,0,1,0
S3282,96.83,81.06,90.38,54.400000000000006,71.09,73.63,11.7,4.2,4,23,40.88,69.9885,1,0,1,1,0,0,0,0,1,0,0,0,1,0
S3283,44.49,62.39,92.67,70.3,91.69,53.06,29.5,6.3,4,18,79.63,76.2285,1,1,1,0,0,1,0,0,1,0,0,0,1,0
S3284,42.59,95.16,72.13,76.2,55.74,76.1,12.6,8.9,6,23,40.01,58.41,1,0,0,0,0,0,1,0,0,1,0,0,0,1
S3285,49.39,55.5,67.95,68.89999999999999,54.59,69.0,29.4,5.6,4,19,43.78,53.2955,1,1,0,0,1,0,0,1,0,0,0,0,0,1
S3286,78.47,92.15,72.77,64.7,95.11,52.23,13.3,8.8,5,22,64.5,80.76299999999999,1,0,1,0,1,0,0,0,1,0,0,0,0,1
S3287,63.94,54.43,82.64,54.8,87.26,66.76,10.8,8.1,10,21,90.46,77.5525,0,1,1,0,1,0,0,0,0,0,1,0,0,1
S3288,89.53,51.25,68.36,47.9,52.65,69.57,9.6,5.7,3,20,48.7,58.318,0,1,1,0,1,0,0,0,0,0,1,1,0,0
S3289,44.32,61.75,88.75,99.6,53.98,99.5,15.3,4.1,7,18,73.28,64.2795,0,1,0,1,0,0,0,0,0,0,1,1,0,0
S3290,51.78,66.65,95.2,33.8,84.25,60.39,10.9,5.4,3,21,80.71,74.42699999999999,0,0,1,0,0,0,1,0,1,0,0,1,0,0
S3291,58.0,81.33,64.12,8.8,68.52,77.24,22.4,4.6,5,23,53.77,61.74999999999999,1,1,1,1,0,0,0,0,1,0,0,1,0,0
S3292,77.6,56.59,98.25,76.5,86.21,99.37,11.0,6.1,2,22,70.74,77.3265,0,0,0,0,1,0,0,0,0,0,1,1,0,0
S3293,81.11,71.87,81.14,21.4,70.22,89.6,25.9,8.7,10,20,94.68,76.867,1,1,0,0,1,0,0,0,1,0,0,0,0,1
S3294,47.45,60.21,93.91,53.3,98.39,99.67,25.9,6.6,10,20,70.73,75.4045,1,0,0,0,1,0,0,0,1,0,0,1,0,0
S3295,96.63,92.77,55.2,9.6,84.72,98.41,12.1,6.2,8,23,49.44,72.18599999999999,1,1,1,1,0,0,0,1,0,0,0,0,0,1
S3296,60.46,52.25,62.57,61.900000000000006,52.33,74.48,23.8,5.1,4,22,77.67,61.37499999999999,0,1,1,0,1,0,0,0,0,1,0,0,0,1
S3297,82.79,67.8,66.05,94.4,66.53,84.82,26.4,7.1,1,20,75.53,72.75500000000001,1,1,1,0,0,0,1,0,1,0,0,0,1,0
S3298,71.45,81.57,65.14,72.30000000000001,78.18,55.52,19.8,6.3,2,22,41.62,66.941,0,1,0,0,1,0,0,0,1,0,0,1,0,0
S3299,53.37,95.65,58.59,21.5,57.09,72.06,14.2,7.9,7,20,45.44,57.774,0,1,1,0,0,0,1,0,1,0,0,1,0,0
S3300,90.77,93.4,93.41,97.1,50.13,90.45,16.0,6.6,7,19,49.41,69.213,0,1,1,0,0,0,1,0,1,0,0,0,0,1
S3301,89.09,94.76,70.93,30.7,53.97,75.27,24.7,8.4,2,23,48.18,64.4415,0,1,1,0,1,0,0,1,0,0,0,0,0,1
S3302,63.76,53.14,98.16,43.7,76.21,85.13,12.3,7.9,8,22,55.57,66.2915,0,0,0,1,0,0,0,1,0,0,0,0,1,0
S3303,75.32,92.05,79.17,49.8,81.61,87.29,13.4,4.7,1,21,67.25,76.808,1,0,1,0,0,1,0,1,0,0,0,0,1,0
S3304,55.47,89.0,56.92,99.1,54.65,62.67,9.0,4.7,4,19,62.3,64.2875,1,0,0,0,0,1,0,1,0,0,0,0,0,1
S3305,81.39,95.12,77.3,6.9,83.26,93.78,15.0,4.1,8,24,93.44,82.8895,0,1,0,0,0,0,1,0,1,0,0,0,0,1
S3306,58.54,65.58,99.68,69.7,80.86,72.99,7.2,5.8,5,21,76.73,75.5115,1,0,0,1,0,0,0,1,0,0,0,0,0,1
S3307,90.64,95.59,78.26,36.2,96.99,60.51,13.0,4.3,8,23,92.57,89.81,0,0,0,0,0,1,0,1,0,0,0,0,1,0
S3308,53.04,70.13,50.09,7.800000000000001,92.03,93.27,14.3,6.2,8,20,71.62,69.3885,1,0,0,0,1,0,0,0,0,0,1,1,0,0
S3309,40.89,81.7,96.65,93.5,97.16,70.89,11.4,5.2,9,24,45.39,73.22399999999999,1,0,0,0,1,0,0,0,1,0,0,0,1,0
S3310,56.11,71.21,61.74,59.0,98.31,87.52,7.5,6.5,1,21,67.8,74.66499999999999,1,1,1,0,0,0,1,0,1,0,0,0,1,0
S3311,51.46,71.38,84.43,75.4,72.04,77.4,18.0,4.8,1,19,89.32,74.581,1,0,0,1,0,0,0,0,1,0,0,0,1,0
S3312,70.5,77.33,75.75,24.0,74.4,69.09,26.6,6.7,9,24,51.65,66.182,1,0,0,1,0,0,0,0,0,1,0,0,0,1
S3313,52.22,67.8,66.27,76.2,64.08,90.49,13.4,8.8,7,24,45.47,59.03150000000001,1,1,1,0,0,1,0,1,0,0,0,0,1,0
S3314,85.79,89.64,64.13,82.8,75.42,79.22,10.9,7.2,9,22,59.77,74.436,1,0,0,0,0,1,0,1,0,0,0,1,0,0
S3315,54.48,81.68,96.44,43.1,57.54,69.53,12.1,6.8,2,18,63.33,65.3175,1,1,1,0,1,0,0,1,0,0,0,0,1,0
S3316,82.42,84.49,95.6,57.2,83.57,55.48,26.5,7.9,8,21,58.38,77.1225,1,0,0,0,0,0,1,0,1,0,0,1,0,0
S3317,74.71,61.55,75.66,97.2,51.25,94.77,18.2,4.0,1,18,48.11,60.2675,1,1,1,1,0,0,0,0,1,0,0,1,0,0
S3318,99.17,98.48,62.92,84.7,61.78,51.77,8.3,5.4,4,23,55.05,72.471,1,1,1,0,0,1,0,0,1,0,0,0,0,1
S3319,99.99,83.01,55.12,44.5,60.4,93.16,22.7,8.9,8,21,80.94,73.542,1,0,0,0,0,1,0,0,0,1,0,0,0,1
S3320,92.17,59.86,57.83,66.5,96.89,68.0,8.9,7.9,4,21,63.16,76.7695,1,1,1,0,0,0,1,1,0,0,0,0,0,1
S3321,85.6,87.52,76.11,78.4,57.25,81.97,6.5,4.5,3,22,77.95,74.1615,0,1,1,0,0,0,1,0,1,0,0,1,0,0
S3322,63.19,58.69,65.39,2.4,94.54,96.11,11.4,5.6,7,20,72.18,71.348,1,1,1,0,1,0,0,0,1,0,0,0,0,1
S3323,85.2,53.17,52.1,58.8,56.22,57.59,9.2,6.2,5,19,72.94,64.00649999999999,1,0,0,0,0,0,1,0,0,0,1,1,0,0
S3324,97.4,76.38,72.76,98.5,82.53,78.35,20.1,8.7,1,19,54.91,76.75450000000001,1,1,0,0,1,0,0,0,1,0,0,0,0,1
S3325,41.4,77.68,87.31,94.7,65.99,88.22,17.1,6.9,4,19,71.29,68.94749999999999,1,0,1,0,1,0,0,0,0,1,0,0,0,1
S3326,72.27,59.45,94.58,83.2,65.8,87.88,23.1,4.4,4,23,41.42,63.47099999999999,1,0,0,0,0,0,1,0,0,0,1,1,0,0
S3327,53.08,67.42,79.26,10.6,99.91,76.28,17.8,6.5,1,24,65.9,72.979,1,1,1,0,0,0,1,0,0,1,0,0,0,1
S3328,73.47,97.29,86.16,99.4,61.3,81.24,15.5,5.4,10,20,74.36,76.17999999999999,0,1,0,0,0,0,1,0,1,0,0,0,1,0
S3329,67.99,64.25,68.2,61.0,60.13,87.88,18.2,5.7,5,18,50.92,60.475,0,0,1,0,0,0,1,1,0,0,0,0,1,0
S3330,74.55,57.78,74.81,22.3,79.47,92.05,15.9,4.6,2,19,55.39,66.134,0,0,1,0,0,0,1,0,1,0,0,0,1,0
S3331,73.06,99.63,86.48,67.4,87.04,88.09,5.9,6.3,8,18,53.17,77.326,1,1,0,0,1,0,0,0,1,0,0,0,1,0
S3332,97.61,65.12,86.38,85.7,99.13,67.7,22.0,7.3,9,20,44.23,78.12899999999999,1,0,1,0,0,1,0,0,1,0,0,1,0,0
S3333,73.13,84.01,71.23,11.2,85.07,99.84,29.1,7.8,2,23,60.87,71.9925,1,0,1,1,0,0,0,0,1,0,0,0,0,1
S3334,90.77,61.58,77.18,91.6,78.09,71.73,15.6,7.5,10,20,98.74,83.2625,0,1,1,1,0,0,0,0,0,1,0,0,1,0
S3335,59.19,77.51,96.19,92.0,70.46,51.22,15.6,7.3,10,22,61.23,71.1695,1,0,1,0,1,0,0,1,0,0,0,1,0,0
S3336,66.29,69.31,81.6,1.3,79.76,68.13,6.1,8.3,4,24,67.63,69.4005,1,0,0,0,1,0,0,0,1,0,0,1,0,0
S3337,68.22,98.08,82.13,90.0,80.04,56.39,27.3,5.7,2,19,79.19,81.4675,0,1,0,0,0,1,0,0,0,0,1,0,0,1
S3338,56.72,71.64,89.23,94.7,60.89,56.07,28.2,5.1,5,23,78.91,70.9065,0,0,0,0,0,0,1,0,1,0,0,0,1,0
S3339,62.79,79.21,55.76,3.8,83.56,64.08,25.3,4.4,7,22,96.99,76.3815,1,1,1,0,1,0,0,0,1,0,0,0,1,0
S3340,75.91,97.24,76.14,29.4,60.22,52.67,7.7,4.8,5,19,91.45,75.985,1,1,1,1,0,0,0,0,1,0,0,1,0,0
S3341,74.81,99.46,97.97,37.3,74.5,84.43,27.5,4.7,5,20,87.64,82.0625,1,1,1,0,0,0,1,0,1,0,0,1,0,0
S3342,78.19,55.08,68.08,34.900000000000006,62.99,53.7,5.6,8.6,2,20,97.1,71.71549999999999,1,1,0,0,1,0,0,0,0,1,0,0,1,0
S3343,61.11,91.72,64.75,75.9,65.64,60.16,16.1,4.9,3,21,53.85,66.349,0,1,1,0,0,0,1,0,0,0,1,0,0,1
S3344,58.95,69.11,80.06,35.8,80.69,54.64,17.5,4.5,6,21,77.02,72.467,1,1,1,1,0,0,0,0,1,0,0,1,0,0
S3345,76.7,79.74,61.06,95.7,53.22,53.16,25.9,6.0,6,20,93.23,73.6305,1,0,1,0,0,0,1,0,0,1,0,1,0,0
S3346,47.97,68.75,77.8,99.5,50.6,63.39,23.8,4.8,1,20,77.45,64.8055,0,1,0,0,1,0,0,0,0,0,1,0,0,1
S3347,55.18,70.06,57.78,31.7,56.53,78.59,24.9,4.7,1,18,98.65,67.7705,1,0,0,0,1,0,0,1,0,0,0,0,0,1
S3348,42.53,57.94,78.99,50.9,58.44,98.23,26.7,5.8,10,24,46.02,54.5515,1,0,0,1,0,0,0,0,0,1,0,1,0,0
S3349,44.36,78.64,80.12,55.8,59.89,93.78,16.9,8.6,9,18,66.36,63.809,0,0,1,0,0,1,0,0,1,0,0,1,0,0
S3350,54.6,77.34,70.92,57.9,88.7,93.8,24.5,4.2,2,24,98.64,81.048,0,1,1,0,0,1,0,0,1,0,0,0,1,0
S3351,41.17,59.47,69.14,37.400000000000006,72.34,58.8,6.7,5.0,2,22,62.77,61.2745,1,1,0,0,0,0,1,0,0,1,0,1,0,0
S3352,54.72,77.09,62.27,16.599999999999998,73.5,63.25,16.1,8.1,9,21,84.37,69.97099999999999,0,1,1,0,1,0,0,1,0,0,0,1,0,0
S3353,79.3,98.66,66.55,5.5,82.22,53.82,5.8,5.2,5,21,41.82,68.745,0,0,0,0,1,0,0,0,0,0,1,1,0,0
S3354,43.67,85.72,74.92,10.6,86.46,88.92,27.9,6.2,6,20,81.69,73.791,1,1,0,1,0,0,0,1,0,0,0,0,1,0
S3355,66.2,74.05,62.38,90.1,50.18,53.49,29.0,4.5,3,20,96.08,70.8545,0,0,0,1,0,0,0,0,0,0,1,0,0,1
S3356,94.79,95.8,89.14,28.0,92.84,77.83,7.1,8.0,7,22,62.96,82.4945,1,1,1,0,1,0,0,0,0,1,0,0,0,1
S3357,87.48,78.77,85.45,7.7,99.42,62.39,18.3,7.7,2,23,41.28,74.0135,1,0,0,1,0,0,0,0,0,0,1,0,0,1
S3358,58.33,56.75,63.47,62.400000000000006,56.09,62.17,13.1,4.6,5,23,41.67,53.9735,1,1,0,0,0,1,0,0,1,0,0,1,0,0
S3359,95.49,77.38,54.87,7.5,82.55,99.54,13.6,8.7,4,23,93.52,79.9375,1,0,1,0,0,1,0,0,0,1,0,1,0,0
S3360,59.78,59.05,50.01,7.0,50.12,87.84,16.3,7.0,8,21,83.35,59.04899999999999,0,1,0,0,0,0,1,0,1,0,0,0,0,1
S3361,44.35,88.38,79.84,62.2,52.45,91.85,8.1,8.0,2,18,46.4,58.3385,1,1,0,1,0,0,0,1,0,0,0,0,1,0
S3362,99.64,98.36,60.57,59.1,64.25,78.6,9.5,7.8,1,23,43.28,68.80699999999999,1,1,1,0,0,0,1,1,0,0,0,1,0,0
S3363,92.2,68.04,50.63,4.1,92.32,93.55,19.4,6.6,2,19,88.29,79.0725,1,1,1,1,0,0,0,0,0,1,0,0,1,0
S3364,67.96,71.75,67.95,46.0,82.63,82.27,5.5,7.7,2,22,88.59,76.988,1,0,0,1,0,0,0,0,1,0,0,0,1,0
S3365,79.98,71.07,98.1,43.6,72.29,97.31,20.0,5.2,8,23,47.23,68.142,0,1,0,0,0,1,0,0,0,1,0,1,0,0
S3366,80.27,64.26,84.5,54.7,71.93,64.07,13.0,4.1,1,19,58.09,68.96600000000001,0,0,1,0,1,0,0,0,1,0,0,0,0,1
S3367,51.67,89.71,92.89,73.8,73.3,79.77,25.8,5.7,1,23,86.8,77.87599999999999,0,0,0,1,0,0,0,0,1,0,0,0,1,0
S3368,52.0,80.89,57.24,28.3,65.55,84.51,20.0,4.8,10,18,71.52,64.61749999999999,1,0,1,1,0,0,0,0,1,0,0,0,0,1
S3369,68.17,53.2,53.66,43.3,93.89,69.65,22.7,8.9,1,18,97.4,78.2535,0,1,1,1,0,0,0,0,0,1,0,1,0,0
S3370,94.69,91.94,50.58,79.3,78.39,93.99,7.9,8.6,3,23,68.86,77.7495,0,1,0,0,1,0,0,0,1,0,0,0,1,0
S3371,40.6,59.35,97.78,92.3,74.2,98.99,11.6,4.7,5,19,80.62,71.8005,1,1,0,0,0,0,1,0,1,0,0,1,0,0
S3372,86.95,98.96,65.01,89.1,73.25,74.69,29.9,5.7,8,22,70.59,78.46499999999999,0,1,1,0,0,0,1,0,1,0,0,1,0,0
S3373,43.45,68.83,72.98,47.8,96.79,69.53,15.8,6.5,8,19,96.58,79.712,1,1,0,1,0,0,0,0,1,0,0,0,1,0
S3374,68.69,80.82,69.73,52.1,86.18,73.6,14.0,6.0,10,22,63.92,73.8385,0,0,0,1,0,0,0,0,1,0,0,0,1,0
S3375,78.27,53.89,86.52,52.9,57.24,92.64,26.8,7.5,5,23,53.79,61.7405,0,1,1,0,0,0,1,0,1,0,0,0,0,1
S3376,81.21,67.23,65.5,86.89999999999999,71.85,82.27,5.8,6.5,5,22,59.6,69.61599999999999,0,1,0,0,0,0,1,0,0,0,1,0,1,0
S3377,43.51,90.12,76.77,84.0,64.42,52.24,18.4,6.8,7,20,91.17,74.04,0,1,1,0,0,1,0,0,1,0,0,1,0,0
S3378,65.12,73.86,99.78,31.200000000000003,99.34,77.11,10.3,7.4,1,21,69.88,79.65700000000001,1,0,0,1,0,0,0,0,1,0,0,0,0,1
S3379,75.03,95.23,72.2,16.299999999999997,70.77,50.87,14.2,4.1,1,24,61.26,70.11999999999999,1,1,0,0,0,0,1,0,0,0,1,1,0,0
S3380,43.96,78.76,77.56,37.9,53.39,88.93,10.0,4.1,1,21,72.66,62.241,0,0,1,0,0,1,0,0,1,0,0,0,0,1
S3381,48.11,96.43,75.13,28.8,70.56,66.42,5.9,4.9,8,18,47.99,63.7995,1,1,1,0,1,0,0,0,0,0,1,1,0,0
S3382,79.82,99.13,90.16,95.1,66.07,73.6,15.4,7.6,8,20,40.32,70.5145,0,0,0,1,0,0,0,0,1,0,0,0,0,1
S3383,71.3,72.69,63.34,26.6,79.98,89.93,24.7,5.2,4,21,56.84,67.4665,0,1,0,0,0,0,1,0,0,1,0,0,1,0
S3384,49.71,78.26,58.52,18.1,61.3,52.32,28.8,8.6,5,23,76.3,63.4175,0,0,1,1,0,0,0,0,1,0,0,1,0,0
S3385,72.11,91.75,87.7,89.9,51.8,57.93,20.6,4.4,7,22,82.7,74.059,0,1,1,0,0,1,0,0,1,0,0,1,0,0
S3386,94.76,61.08,70.78,8.6,54.79,69.9,14.7,6.9,6,22,89.6,69.721,0,1,0,0,0,0,1,1,0,0,0,0,0,1
S3387,40.94,93.08,95.69,26.0,64.16,61.5,24.2,4.1,2,19,95.6,74.12,0,1,1,0,1,0,0,1,0,0,0,0,1,0
S3388,78.56,79.6,82.21,43.9,67.42,66.9,17.6,8.9,7,19,64.73,70.54849999999999,1,0,1,0,1,0,0,0,0,0,1,0,1,0
S3389,44.42,86.28,78.22,59.5,91.72,99.91,14.2,5.1,2,22,84.43,79.02550000000001,1,1,1,0,0,1,0,0,1,0,0,0,0,1
S3390,40.39,53.99,53.52,32.8,63.5,91.27,9.5,6.9,4,23,44.48,51.319,0,1,1,0,1,0,0,0,0,0,1,0,1,0
S3391,49.04,88.31,86.52,49.6,51.57,94.2,24.9,8.8,4,22,43.45,58.068,1,1,1,0,1,0,0,0,1,0,0,0,1,0
S3392,65.37,65.54,84.3,19.9,89.04,96.85,17.5,4.2,5,19,47.49,67.646,0,1,1,0,1,0,0,1,0,0,0,0,0,1
S3393,88.14,90.26,82.0,57.400000000000006,93.45,67.05,29.1,6.6,1,21,66.91,82.5925,1,0,1,0,1,0,0,1,0,0,0,1,0,0
S3394,56.91,75.46,63.4,40.8,74.62,64.85,25.0,6.6,3,18,52.68,63.7915,1,1,1,0,1,0,0,0,0,0,1,0,0,1
S3395,77.54,63.73,97.34,84.9,64.25,61.7,15.5,5.8,8,19,57.22,68.7495,1,1,0,0,1,0,0,0,0,1,0,0,0,1
S3396,64.67,97.64,66.08,41.6,88.61,91.51,23.5,7.3,6,23,78.87,79.335,0,1,1,0,1,0,0,1,0,0,0,0,0,1
S3397,54.06,88.25,57.61,44.400000000000006,50.44,83.98,16.3,6.7,3,21,61.51,59.837,1,0,0,0,0,0,1,0,1,0,0,0,1,0
S3398,70.85,99.28,99.36,59.2,96.2,61.81,7.0,5.2,2,21,73.44,85.6355,0,1,0,0,1,0,0,0,1,0,0,1,0,0
S3399,87.85,68.22,87.31,12.3,93.28,68.85,17.9,7.5,6,21,64.74,76.9255,0,1,1,0,0,0,1,0,1,0,0,0,1,0
S3400,89.95,82.46,70.74,15.7,77.24,75.34,26.6,6.3,3,20,50.14,69.42749999999998,0,1,0,1,0,0,0,0,1,0,0,0,1,0
S3401,90.79,80.58,96.8,79.0,63.88,76.41,26.4,6.4,7,20,44.44,69.6095,1,0,1,0,0,1,0,1,0,0,0,0,1,0
S3402,60.31,84.38,54.56,27.3,51.64,94.44,19.4,8.8,7,24,54.17,57.559,1,1,0,0,1,0,0,0,0,1,0,1,0,0
S3403,87.61,51.92,54.38,68.5,99.99,69.03,14.5,6.7,2,21,43.46,70.6545,1,1,0,0,0,1,0,1,0,0,0,0,0,1
S3404,52.73,64.59,84.12,9.7,88.1,95.43,5.3,7.9,4,23,77.12,72.205,0,1,1,0,1,0,0,0,1,0,0,0,0,1
S3405,84.31,95.47,58.9,82.2,66.94,72.07,12.8,8.3,3,22,87.74,78.984,0,1,1,0,0,0,1,1,0,0,0,1,0,0
S3406,96.9,71.19,95.86,98.8,50.96,87.32,29.7,6.9,8,23,60.38,70.1225,1,0,0,0,1,0,0,1,0,0,0,0,0,1
S3407,40.82,98.03,92.02,37.400000000000006,81.96,96.51,23.2,7.9,8,20,63.23,72.29499999999999,0,0,0,1,0,0,0,1,0,0,0,1,0,0
S3408,66.42,60.68,65.32,50.6,99.35,95.38,22.9,5.5,4,19,88.97,80.1745,1,1,0,0,0,1,0,1,0,0,0,0,1,0
S3409,78.87,99.87,94.44,44.3,85.35,52.85,24.0,4.9,4,24,53.36,77.41499999999999,1,1,0,0,0,1,0,0,1,0,0,0,0,1
S3410,82.11,84.88,52.14,89.39999999999999,54.19,60.29,20.5,7.5,6,20,47.15,62.777,1,0,0,1,0,0,0,1,0,0,0,1,0,0
S3411,50.57,88.82,77.43,1.0,70.11,73.85,19.6,8.6,6,22,70.07,67.252,1,1,1,0,0,0,1,0,0,1,0,1,0,0
S3412,98.33,69.84,96.78,65.3,55.46,71.58,16.3,4.2,6,18,78.77,74.499,0,0,0,0,0,0,1,0,0,0,1,1,0,0
S3413,76.92,95.35,92.77,65.19999999999999,95.61,82.04,16.1,7.8,2,24,75.98,86.0555,1,1,1,1,0,0,0,0,1,0,0,1,0,0
S3414,49.86,77.27,67.8,38.2,66.52,97.24,26.8,4.1,8,20,82.83,68.423,1,0,1,0,0,1,0,0,0,1,0,0,0,1
S3415,41.23,84.05,59.14,21.9,86.67,55.62,14.8,6.3,7,23,43.41,62.6545,1,0,1,0,1,0,0,0,1,0,0,0,1,0
S3416,87.0,54.74,60.53,24.0,54.23,72.59,26.0,7.4,2,24,65.69,61.2055,1,1,1,0,0,0,1,0,1,0,0,0,0,1
S3417,44.78,81.58,75.73,80.0,56.42,59.62,25.9,6.0,8,23,54.31,61.0305,1,1,1,0,1,0,0,0,1,0,0,0,0,1
S3418,48.46,93.95,79.84,6.6000000000000005,83.97,94.71,24.3,5.5,1,21,85.55,76.254,1,0,0,0,0,1,0,0,0,0,1,1,0,0
S3419,74.49,58.91,51.64,56.4,92.17,98.23,5.9,4.9,10,21,92.36,78.735,1,1,0,0,1,0,0,1,0,0,0,0,1,0
S3420,76.21,86.89,70.68,30.7,60.07,73.94,8.7,8.9,7,21,56.88,65.309,0,1,0,1,0,0,0,0,1,0,0,1,0,0
S3421,81.21,51.27,91.52,26.5,70.92,55.2,12.9,6.9,6,24,45.71,63.0525,0,1,0,0,0,0,1,1,0,0,0,0,0,1
S3422,63.61,96.31,72.22,50.6,80.97,89.26,26.2,4.6,9,18,55.21,71.8335,0,1,1,0,0,0,1,1,0,0,0,0,1,0
S3423,86.43,99.15,58.46,89.80000000000001,89.81,84.86,26.8,4.2,3,22,46.24,76.67600000000002,0,1,1,1,0,0,0,0,1,0,0,0,0,1
S3424,98.46,67.71,97.74,61.8,81.41,67.73,6.0,5.2,9,24,59.35,77.05,1,0,1,1,0,0,0,0,0,0,1,0,1,0
S3425,56.27,55.35,63.31,78.89999999999999,54.77,94.37,13.1,6.7,5,19,72.29,61.52250000000001,0,0,0,0,0,0,1,1,0,0,0,0,1,0
S3426,82.18,82.93,89.92,60.1,77.14,98.79,26.3,7.8,5,23,98.42,84.51050000000001,0,1,0,0,0,0,1,0,1,0,0,1,0,0
S3427,95.71,51.49,59.69,69.80000000000001,94.23,77.89,11.2,8.9,6,23,63.96,75.798,0,0,1,0,0,0,1,0,1,0,0,1,0,0
S3428,81.18,74.12,71.16,43.2,93.4,78.29,29.4,8.2,3,24,53.2,73.891,1,1,1,0,0,1,0,1,0,0,0,1,0,0
S3429,80.87,63.59,74.52,92.6,79.25,64.88,17.2,7.1,4,24,50.01,70.02850000000001,0,1,0,0,0,1,0,0,1,0,0,0,0,1
S3430,53.43,73.67,75.03,50.2,99.78,79.23,28.4,7.3,10,22,50.38,71.607,0,0,1,0,0,1,0,0,1,0,0,0,1,0
S3431,72.11,50.91,75.82,55.2,55.26,71.98,15.7,6.6,6,18,51.56,58.26299999999999,1,0,1,0,1,0,0,0,1,0,0,1,0,0
S3432,73.75,52.58,61.25,52.5,73.93,65.11,13.1,6.2,5,24,85.74,71.3135,0,0,0,0,0,1,0,0,1,0,0,1,0,0
S3433,82.01,50.8,75.8,31.6,88.76,53.36,14.1,7.9,10,21,43.66,66.6245,1,0,1,0,0,0,1,0,0,1,0,1,0,0
S3434,99.81,80.96,74.09,23.1,57.05,62.64,27.1,4.9,8,22,99.84,77.7545,0,0,1,0,0,1,0,1,0,0,0,1,0,0
S3435,42.02,78.0,60.44,7.4,98.64,59.89,13.3,5.7,7,19,71.36,71.84899999999999,1,1,1,0,0,0,1,0,1,0,0,0,1,0
S3436,43.91,61.66,99.41,71.8,67.7,77.1,21.7,8.9,1,21,72.66,67.84150000000001,0,0,1,1,0,0,0,0,0,1,0,0,1,0
S3437,44.68,82.33,93.28,28.9,67.51,80.08,16.7,6.9,6,19,61.45,65.44,0,0,1,0,1,0,0,0,1,0,0,0,0,1
S3438,84.58,94.21,94.38,38.9,60.66,80.43,28.5,6.5,5,20,81.42,76.75450000000001,0,0,1,0,1,0,0,0,0,0,1,1,0,0
S3439,48.18,63.87,84.28,92.0,64.4,69.41,9.0,8.3,10,19,68.29,66.22800000000001,1,0,1,1,0,0,0,0,1,0,0,0,1,0
S3440,77.35,91.6,57.99,56.6,78.88,71.06,15.7,7.8,9,21,59.74,72.5705,0,0,0,0,0,0,1,0,0,0,1,0,1,0
S3441,59.48,83.13,78.4,9.7,71.47,91.71,8.1,5.6,3,20,55.91,65.13499999999999,1,1,0,0,1,0,0,0,0,0,1,0,0,1
S3442,67.44,51.69,91.07,80.0,59.67,73.81,19.5,7.1,4,21,95.54,72.7625,1,1,0,0,0,1,0,0,1,0,0,1,0,0
S3443,52.94,68.76,51.94,25.6,90.46,99.39,15.1,4.9,4,23,57.46,66.232,1,0,0,0,0,0,1,0,0,1,0,0,0,1
S3444,91.97,75.39,74.79,55.3,53.11,71.98,6.5,4.3,4,21,66.18,67.826,1,1,0,0,1,0,0,0,0,1,0,1,0,0
S3445,75.17,86.58,69.81,51.0,91.73,82.48,26.2,8.9,9,20,61.02,76.5675,0,1,0,1,0,0,0,0,1,0,0,0,1,0
S3446,96.67,64.36,60.61,23.8,63.75,52.52,14.4,7.7,8,19,45.17,61.823,0,1,1,0,0,0,1,1,0,0,0,0,1,0
S3447,74.48,99.14,68.91,11.6,74.8,82.67,17.3,8.7,9,23,51.16,68.744,0,1,0,0,1,0,0,0,0,0,1,1,0,0
S3448,47.43,84.23,99.17,21.1,69.05,92.57,15.2,8.2,4,18,51.37,64.27850000000001,1,0,1,1,0,0,0,0,0,1,0,1,0,0
S3449,50.25,68.64,86.16,9.7,78.53,97.12,17.2,6.1,3,18,81.62,70.8985,0,0,0,0,0,0,1,0,1,0,0,0,1,0
S3450,99.34,54.85,64.98,27.6,89.8,99.87,5.4,8.3,5,18,64.4,74.04650000000001,1,1,1,0,0,1,0,0,1,0,0,0,1,0
S3451,83.53,59.07,80.27,99.7,99.47,64.11,25.4,7.9,2,18,86.92,85.973,1,1,1,0,0,0,1,0,1,0,0,0,1,0
S3452,42.96,74.38,62.33,40.2,65.3,78.77,13.3,5.3,5,22,82.54,66.06899999999999,1,1,0,0,0,1,0,0,1,0,0,0,0,1
S3453,82.23,74.73,80.54,86.4,77.69,72.54,23.1,7.1,2,18,51.52,72.105,0,0,0,0,0,0,1,1,0,0,0,0,0,1
S3454,64.73,88.39,94.81,54.900000000000006,73.3,78.19,6.6,5.5,10,20,73.78,75.62899999999999,0,1,1,1,0,0,0,0,1,0,0,0,0,1
S3455,58.43,86.31,77.84,66.7,99.95,57.87,18.1,5.2,2,24,84.57,83.9575,1,0,1,0,0,1,0,1,0,0,0,0,0,1
S3456,49.24,60.06,86.67,15.6,90.45,92.81,27.7,4.4,7,18,77.98,72.47200000000001,0,0,0,0,0,1,0,0,1,0,0,1,0,0
S3457,90.39,79.75,72.67,27.5,69.85,95.48,15.0,6.7,10,21,76.0,74.118,0,1,0,0,0,0,1,0,1,0,0,1,0,0
S3458,43.83,51.03,76.21,51.0,73.84,72.48,9.9,6.0,4,24,84.38,67.64699999999999,1,0,1,0,1,0,0,0,0,0,1,0,1,0
S3459,57.39,69.93,84.75,88.10000000000001,62.3,64.02,7.5,4.4,6,18,43.41,61.5205,1,0,0,0,0,1,0,0,1,0,0,1,0,0
S3460,58.38,88.21,90.62,4.3,87.76,57.04,26.5,7.6,9,24,83.89,78.566,0,1,0,0,0,0,1,1,0,0,0,1,0,0
S3461,49.65,69.98,82.97,50.7,92.26,84.19,11.0,7.6,10,19,56.36,70.5445,1,1,1,1,0,0,0,0,0,1,0,1,0,0
S3462,70.49,91.78,98.87,5.1,98.25,65.61,29.4,5.2,3,20,74.31,82.535,1,1,1,0,0,0,1,0,1,0,0,0,0,1
S3463,40.7,98.81,90.99,45.7,78.29,95.48,11.2,8.8,1,20,54.54,69.4325,0,0,0,0,0,0,1,0,1,0,0,1,0,0
S3464,58.06,80.36,88.86,62.9,83.53,83.55,17.0,7.9,3,24,90.33,80.4355,0,1,0,0,0,1,0,0,0,0,1,1,0,0
S3465,96.02,57.25,92.26,74.5,72.3,82.28,16.4,8.0,3,23,68.83,74.839,1,0,0,0,1,0,0,0,0,1,0,0,1,0
S3466,58.63,68.98,64.06,13.9,80.46,77.97,6.6,4.0,3,22,78.58,70.0255,0,0,0,1,0,0,0,1,0,0,0,0,0,1
S3467,61.63,50.47,71.6,16.7,67.44,52.29,18.3,8.9,4,21,87.64,66.952,1,1,0,0,0,1,0,1,0,0,0,0,1,0
S3468,68.39,80.14,78.22,47.0,86.88,96.6,21.8,9.0,3,24,93.72,81.9455,1,0,0,0,0,1,0,0,0,0,1,0,1,0
S3469,73.7,91.08,73.12,99.8,51.14,81.4,23.6,6.5,5,20,83.92,73.34100000000001,0,0,1,0,0,1,0,0,1,0,0,0,0,1
S3470,88.52,81.5,92.37,35.6,51.42,99.7,18.1,8.9,8,19,48.93,64.1785,1,0,0,1,0,0,0,0,0,1,0,0,0,1
S3471,51.42,89.3,51.35,42.8,85.81,76.87,25.3,7.1,3,18,91.27,76.9435,1,0,1,0,1,0,0,0,1,0,0,0,0,1
S3472,92.3,90.0,60.46,43.2,96.53,85.51,23.8,4.7,10,20,77.11,83.78750000000001,1,0,0,1,0,0,0,0,0,1,0,0,1,0
S3473,85.45,92.55,94.09,8.100000000000001,81.61,52.81,9.8,8.1,6,19,76.57,80.1395,0,0,1,1,0,0,0,0,0,0,1,0,1,0
S3474,83.36,63.33,52.96,77.4,86.33,81.59,15.0,6.8,1,18,95.28,80.8885,0,0,1,0,1,0,0,0,1,0,0,0,0,1
S3475,45.21,93.56,61.35,25.3,91.2,88.23,8.6,5.7,4,22,54.93,69.30799999999999,0,0,0,1,0,0,0,0,0,1,0,0,1,0
S3476,41.3,82.7,67.56,70.4,68.08,88.93,8.3,5.2,1,20,54.38,62.895,1,1,0,0,0,0,1,0,1,0,0,1,0,0
S3477,75.64,64.49,87.54,47.5,55.41,88.51,22.8,6.6,2,20,70.79,66.469,1,1,0,1,0,0,0,0,0,1,0,0,1,0
S3478,91.79,99.36,78.01,61.2,96.65,61.31,18.3,7.5,3,24,85.05,89.79100000000001,0,1,1,0,0,1,0,0,1,0,0,0,0,1
S3479,75.07,97.51,97.73,5.4,96.93,98.77,20.0,8.4,5,24,66.83,81.7165,0,0,0,1,0,0,0,1,0,0,0,0,1,0
S3480,52.79,78.72,61.39,89.0,72.09,99.76,23.3,7.0,9,19,78.03,71.45,0,1,1,0,0,1,0,0,0,1,0,0,1,0
S3481,45.43,92.16,93.61,24.4,60.86,53.78,11.9,6.1,9,23,67.15,66.265,1,1,1,1,0,0,0,1,0,0,0,0,0,1
S3482,81.98,63.07,64.15,67.0,94.62,96.82,15.0,7.2,3,24,76.62,79.0635,0,0,1,0,0,1,0,1,0,0,0,1,0,0
S3483,83.31,70.8,62.27,79.80000000000001,85.42,64.47,20.2,6.5,8,21,89.34,81.2945,1,1,1,0,0,1,0,1,0,0,0,0,0,1
S3484,50.35,59.2,74.92,54.0,50.41,84.46,7.4,7.3,2,22,50.83,54.455000000000005,0,1,0,0,0,1,0,0,0,0,1,0,1,0
S3485,41.69,76.01,53.56,33.7,55.39,66.91,25.8,7.0,9,21,81.72,61.74300000000001,1,1,1,0,1,0,0,0,1,0,0,1,0,0
S3486,64.5,74.8,69.22,97.8,99.16,98.39,13.6,8.9,4,20,87.25,84.26749999999998,1,0,1,1,0,0,0,1,0,0,0,1,0,0
S3487,74.96,60.64,67.78,27.8,51.91,55.08,21.5,7.1,2,21,66.83,60.7885,0,0,0,1,0,0,0,0,1,0,0,0,1,0
S3488,82.36,83.64,58.01,94.9,64.13,74.89,29.9,7.5,5,18,59.39,69.5325,1,0,1,0,0,0,1,0,0,1,0,0,0,1
S3489,88.6,55.89,93.04,15.6,77.42,71.4,16.9,8.5,7,22,40.81,65.186,0,0,0,0,0,0,1,0,1,0,0,1,0,0
S3490,76.63,53.08,69.29,38.9,59.22,66.3,10.4,8.6,6,21,87.83,68.054,1,0,1,0,0,0,1,0,1,0,0,0,0,1
S3491,46.65,69.25,99.1,13.8,61.6,82.28,10.4,4.7,9,18,59.68,61.385000000000005,1,0,1,1,0,0,0,1,0,0,0,0,1,0
S3492,80.95,70.49,94.99,0.2,67.65,56.55,6.5,6.3,7,19,61.44,67.88,0,0,1,0,1,0,0,0,0,1,0,0,0,1
S3493,99.05,65.99,59.74,26.0,63.48,85.83,24.2,8.7,6,21,60.16,66.11399999999999,1,0,0,0,0,1,0,1,0,0,0,0,0,1
S3494,94.34,62.9,75.26,8.7,90.17,99.03,12.3,8.8,8,22,69.92,76.078,0,1,0,1,0,0,0,1,0,0,0,0,0,1
S3495,92.3,66.94,80.09,98.6,75.01,90.23,9.3,5.0,7,18,82.15,79.8655,0,1,0,0,1,0,0,0,0,1,0,1,0,0
S3496,58.13,58.17,90.95,76.2,63.93,93.0,22.8,6.2,7,21,86.31,71.1065,0,1,0,0,1,0,0,0,0,1,0,0,1,0
S3497,85.05,70.17,94.28,0.4,65.65,67.98,12.7,5.4,8,19,63.55,68.3135,1,1,0,1,0,0,0,0,0,0,1,1,0,0
S3498,91.07,95.23,81.2,22.4,51.99,66.24,20.0,8.0,6,21,79.79,72.7295,1,1,1,0,0,1,0,0,0,0,1,1,0,0
S3499,80.7,61.22,51.76,67.0,52.47,75.85,15.4,8.3,10,18,83.24,66.36500000000001,1,1,1,0,1,0,0,0,0,0,1,0,1,0
S3500,55.03,84.22,74.06,39.900000000000006,85.9,52.29,13.4,6.3,5,21,57.82,70.5135,0,0,0,1,0,0,0,0,1,0,0,1,0,0
S3501,97.23,57.09,94.24,83.2,55.65,97.27,17.2,7.4,4,22,45.8,64.87700000000001,0,1,1,0,0,1,0,0,1,0,0,1,0,0
S3502,67.05,67.7,85.7,50.5,73.79,57.19,12.8,8.3,8,20,93.68,76.86449999999999,1,0,0,0,0,0,1,0,1,0,0,0,0,1
S3503,47.79,66.06,93.51,65.4,92.12,95.15,26.8,7.5,9,18,80.63,77.492,1,1,1,0,1,0,0,0,1,0,0,1,0,0
S3504,46.59,96.85,83.7,59.7,68.42,54.18,6.8,4.8,9,18,78.89,73.11949999999999,0,1,1,0,1,0,0,0,0,0,1,0,1,0
S3505,78.85,71.4,52.2,63.8,67.29,91.13,5.8,7.6,4,18,43.53,62.017,1,0,0,1,0,0,0,0,1,0,0,0,1,0
S3506,66.26,84.52,98.4,23.0,93.65,57.6,15.2,4.8,9,18,89.07,83.9695,0,1,1,1,0,0,0,0,0,0,1,1,0,0
S3507,45.67,80.12,95.9,37.3,93.24,51.91,9.3,7.3,2,21,73.96,76.7855,1,1,0,0,0,1,0,0,0,1,0,1,0,0
S3508,84.42,57.05,56.33,5.1,94.01,85.97,23.6,5.7,7,22,90.87,78.029,0,0,1,0,0,0,1,0,1,0,0,0,0,1
S3509,87.96,96.98,55.63,58.8,78.6,64.01,13.8,4.3,4,19,98.47,84.44149999999999,1,0,0,0,0,0,1,0,0,0,1,1,0,0
S3510,83.52,67.29,76.95,45.9,97.62,85.72,11.5,5.1,4,22,97.43,86.255,1,0,1,1,0,0,0,0,1,0,0,0,0,1
S3511,52.14,52.24,87.85,76.10000000000001,90.95,77.75,14.0,6.3,8,18,91.37,78.3745,0,0,0,1,0,0,0,1,0,0,0,0,0,1
S3512,81.39,65.02,69.11,20.6,70.78,55.44,10.5,9.0,3,23,40.66,61.3015,0,1,1,0,0,1,0,0,1,0,0,1,0,0
S3513,40.64,66.78,56.82,43.7,81.48,96.61,12.5,5.3,5,21,93.14,71.709,0,0,1,1,0,0,0,0,1,0,0,1,0,0
S3514,58.31,54.64,75.53,18.1,56.09,72.62,19.2,8.9,5,23,44.5,53.35249999999999,1,1,1,0,0,1,0,0,0,0,1,0,1,0
S3515,63.93,81.0,66.88,61.4,77.57,86.72,26.6,5.8,3,21,91.07,77.536,0,1,0,0,0,1,0,0,1,0,0,1,0,0
S3516,90.11,67.34,67.59,84.80000000000001,63.16,75.05,14.3,8.8,4,18,56.81,67.767,0,0,0,0,0,0,1,1,0,0,0,0,1,0
S3517,63.42,81.46,82.25,76.5,64.18,80.22,13.0,8.8,9,21,76.6,72.186,1,0,1,0,0,1,0,0,0,1,0,0,0,1
S3518,40.68,50.34,94.28,94.4,56.29,65.14,24.5,4.7,3,18,42.28,55.258,0,0,1,0,0,0,1,0,1,0,0,0,0,1
S3519,61.14,99.1,77.93,97.2,67.91,60.02,5.6,8.1,10,22,86.27,78.6295,0,0,1,0,0,0,1,0,0,1,0,1,0,0
S3520,69.94,58.53,84.38,77.2,74.07,77.13,12.6,6.6,9,24,46.7,65.4645,0,1,1,0,0,0,1,0,1,0,0,0,1,0
S3521,96.94,82.97,83.0,28.700000000000003,80.02,72.01,16.3,7.4,10,20,64.64,76.8875,1,1,0,1,0,0,0,1,0,0,0,0,1,0
S3522,96.46,85.79,77.56,21.9,65.24,69.51,20.0,7.9,1,21,89.05,78.023,1,1,0,0,0,0,1,1,0,0,0,0,1,0
S3523,50.85,58.58,65.54,44.8,89.61,83.63,8.9,4.6,5,18,81.72,72.5215,1,0,1,0,0,1,0,0,0,1,0,0,0,1
S3524,51.11,55.59,68.89,99.4,76.05,84.53,15.8,8.0,5,23,40.36,60.769,0,0,1,1,0,0,0,0,0,0,1,0,1,0
S3525,49.8,57.63,65.79,41.3,81.9,52.3,19.2,5.5,9,18,64.18,65.3735,1,1,1,0,0,1,0,0,1,0,0,0,0,1
S3526,87.34,62.34,95.87,19.9,63.91,66.94,17.8,7.7,8,23,42.52,62.837,0,1,0,1,0,0,0,0,1,0,0,0,0,1
S3527,40.36,58.41,91.33,94.4,90.71,70.59,19.4,6.9,7,21,80.41,75.984,0,0,0,0,0,1,0,0,1,0,0,1,0,0
S3528,47.63,83.7,78.97,38.6,81.21,54.84,21.6,7.4,1,19,98.14,78.4245,0,1,0,0,1,0,0,0,0,1,0,1,0,0
S3529,72.28,71.04,95.61,69.1,93.12,61.8,14.5,7.1,7,23,79.32,82.28,1,0,1,0,1,0,0,1,0,0,0,0,0,1
S3530,54.85,76.89,94.32,78.8,58.0,52.58,6.6,8.1,2,18,53.46,63.898,1,0,1,0,1,0,0,1,0,0,0,1,0,0
S3531,45.54,52.37,96.38,84.3,69.03,99.81,6.4,8.5,9,21,61.31,64.57600000000001,0,0,1,0,0,1,0,0,0,0,1,1,0,0
S3532,61.59,93.06,61.09,82.10000000000001,55.65,86.83,26.5,6.2,3,18,98.6,74.75649999999999,0,0,0,1,0,0,0,0,1,0,0,0,0,1
S3533,56.45,58.53,85.88,83.6,60.78,54.37,21.9,6.0,9,19,53.44,61.609,1,1,0,0,0,0,1,0,1,0,0,0,0,1
S3534,70.67,68.01,80.46,66.8,69.73,51.01,24.1,5.2,5,20,73.69,71.5295,1,0,0,0,0,0,1,0,0,1,0,0,1,0
S3535,98.75,53.6,86.69,40.4,94.73,85.96,28.2,8.1,4,24,64.03,77.968,1,1,0,0,0,1,0,0,0,0,1,0,1,0
S3536,47.46,56.84,63.17,66.7,77.85,71.96,23.8,8.8,5,24,86.1,70.17699999999999,0,1,0,0,0,1,0,0,1,0,0,1,0,0
S3537,62.36,83.29,84.74,83.69999999999999,66.52,89.34,22.3,5.0,2,19,92.04,77.47250000000001,1,1,0,0,0,1,0,0,1,0,0,1,0,0
S3538,95.92,84.63,70.49,35.099999999999994,87.34,96.17,21.4,6.3,8,22,60.45,77.20100000000001,1,1,0,0,0,1,0,0,1,0,0,0,0,1
S3539,92.61,83.85,91.7,29.700000000000003,50.98,79.97,11.5,7.9,8,21,79.62,72.32300000000001,1,1,0,0,0,0,1,0,1,0,0,0,1,0
S3540,63.66,77.61,89.77,34.4,68.5,59.36,28.9,7.2,8,19,72.94,70.6725,0,0,1,1,0,0,0,0,1,0,0,0,1,0
S3541,81.94,97.63,60.57,55.1,80.04,89.11,18.6,8.1,8,20,56.71,73.93700000000001,1,1,1,0,0,0,1,0,1,0,0,0,0,1
S3542,45.27,75.36,59.19,5.2,79.16,97.79,10.6,4.1,7,18,56.32,62.1015,0,1,0,0,0,1,0,0,0,1,0,0,0,1
S3543,82.75,72.47,85.89,77.9,80.38,79.01,10.2,8.6,2,21,72.32,77.961,0,1,0,0,1,0,0,0,0,0,1,0,0,1
S3544,98.37,62.38,77.52,13.9,60.58,84.1,25.4,4.3,8,23,49.24,63.0435,0,1,0,0,0,0,1,1,0,0,0,0,1,0
S3545,72.25,54.94,77.86,13.3,66.85,66.87,11.3,6.2,6,19,88.65,69.747,1,0,0,0,1,0,0,0,1,0,0,0,0,1
S3546,69.91,77.41,87.63,19.8,96.58,69.08,6.0,5.4,5,20,44.14,71.85999999999999,1,1,1,0,1,0,0,0,0,1,0,1,0,0
S3547,51.24,65.74,92.75,57.7,98.7,86.73,15.7,8.6,2,19,45.67,70.7345,1,0,1,0,0,1,0,1,0,0,0,0,1,0
S3548,78.03,76.2,61.95,28.6,65.6,96.39,25.4,5.4,3,22,60.53,65.57199999999999,0,1,1,0,0,0,1,0,0,0,1,0,0,1
S3549,75.43,60.31,77.78,36.8,82.23,81.45,15.4,5.9,4,24,47.09,66.4205,1,0,0,1,0,0,0,0,0,0,1,1,0,0
S3550,79.12,91.91,91.45,93.2,62.06,89.49,25.1,8.4,4,24,68.54,75.21249999999999,0,1,0,0,0,0,1,0,1,0,0,0,1,0
S3551,41.56,99.98,93.64,84.7,68.43,58.58,25.7,6.7,5,21,63.98,71.354,1,1,0,1,0,0,0,0,1,0,0,0,0,1
S3552,72.92,66.12,64.37,85.19999999999999,89.62,60.6,26.4,8.5,2,18,83.31,79.26650000000001,1,0,1,1,0,0,0,0,0,0,1,1,0,0
S3553,75.7,92.12,55.21,57.8,75.06,76.6,19.7,7.3,9,20,97.18,80.397,1,0,1,0,0,1,0,0,0,1,0,0,0,1
S3554,52.45,93.65,61.64,86.6,92.48,58.83,22.5,4.4,9,19,85.21,81.4555,1,0,1,1,0,0,0,0,1,0,0,1,0,0
S3555,52.5,99.8,97.27,77.9,81.44,81.75,11.5,6.2,9,21,50.77,73.5915,0,0,0,0,0,0,1,0,0,0,1,0,1,0
S3556,56.57,67.14,73.12,95.3,81.45,64.58,7.5,4.9,5,19,96.13,79.101,0,1,0,0,0,0,1,0,1,0,0,0,1,0
S3557,82.7,87.8,70.93,6.4,51.69,89.58,18.3,4.3,4,21,63.53,64.3775,0,1,1,0,1,0,0,0,1,0,0,0,1,0
S3558,76.38,61.44,50.65,2.9,87.48,90.41,5.3,5.9,9,24,68.45,69.23949999999999,0,1,1,1,0,0,0,0,0,0,1,0,0,1
S3559,90.75,81.24,52.55,17.5,98.89,73.19,16.6,8.5,8,22,65.29,77.918,1,0,1,0,0,1,0,0,1,0,0,0,1,0
S3560,57.74,85.24,83.43,92.9,73.65,59.04,7.6,4.6,7,19,56.83,70.73750000000001,0,1,0,0,0,1,0,0,0,1,0,1,0,0
S3561,94.72,87.06,79.49,60.6,57.93,82.34,7.7,4.0,5,22,93.7,79.05,0,0,0,0,0,0,1,0,0,0,1,0,0,1
S3562,84.62,60.36,78.78,42.6,98.85,99.64,26.8,8.7,8,23,59.93,76.3925,0,0,1,1,0,0,0,0,1,0,0,1,0,0
S3563,63.7,92.44,55.52,51.3,64.51,81.13,21.0,6.7,5,23,74.72,69.571,1,1,1,0,0,1,0,1,0,0,0,1,0,0
S3564,45.72,71.05,67.6,83.0,70.46,51.79,21.1,6.8,2,24,54.4,63.16349999999999,0,1,0,1,0,0,0,1,0,0,0,1,0,0
S3565,55.42,60.82,90.62,92.9,53.87,50.86,15.1,8.6,6,20,87.84,69.264,0,0,1,1,0,0,0,0,1,0,0,0,0,1
S3566,97.41,77.13,58.75,73.0,55.54,66.02,15.3,7.5,2,22,86.45,73.9805,1,1,0,0,1,0,0,0,0,0,1,1,0,0
S3567,58.62,93.17,94.13,76.0,60.83,59.79,12.6,8.1,10,21,57.78,68.67549999999999,1,0,0,0,0,1,0,0,0,0,1,1,0,0
S3568,59.79,98.35,56.07,32.0,77.42,90.65,15.9,7.9,9,20,80.89,74.3765,0,0,1,0,1,0,0,0,1,0,0,0,1,0
S3569,51.38,87.41,58.46,46.7,77.89,92.24,19.7,7.1,7,19,82.23,72.924,0,1,0,0,0,1,0,1,0,0,0,0,0,1
S3570,88.41,50.28,73.89,88.5,80.31,62.93,9.7,7.4,3,19,73.75,75.148,1,0,1,1,0,0,0,0,0,1,0,0,1,0
S3571,56.54,56.74,97.26,78.60000000000001,79.19,66.28,11.5,6.8,10,21,76.04,73.41499999999999,0,0,0,0,0,1,0,1,0,0,0,1,0,0
S3572,59.82,53.81,66.48,68.4,74.76,61.81,17.4,5.8,8,18,74.47,68.158,1,1,0,0,0,0,1,0,0,0,1,1,0,0
S3573,64.86,55.06,82.91,6.5,90.1,95.42,14.6,5.4,1,18,44.91,64.8615,0,1,0,1,0,0,0,0,0,1,0,0,0,1
S3574,66.02,69.15,79.43,4.0,96.69,75.13,25.5,4.9,9,19,80.22,77.4805,0,1,0,0,0,1,0,0,0,1,0,1,0,0
S3575,64.68,66.92,57.48,13.0,63.49,82.81,25.5,5.8,7,24,68.19,62.23249999999999,0,0,0,0,1,0,0,0,1,0,0,0,0,1
S3576,70.22,55.68,62.41,58.1,56.51,70.77,13.4,6.9,10,24,66.31,61.56150000000001,0,0,0,0,1,0,0,0,1,0,0,1,0,0
S3577,88.87,94.11,96.51,53.6,71.25,81.55,16.3,6.9,2,21,91.6,84.053,0,0,0,1,0,0,0,0,1,0,0,1,0,0
S3578,89.16,80.77,59.24,94.3,51.32,69.29,29.4,7.4,8,18,41.39,61.872,1,0,0,0,1,0,0,0,1,0,0,0,1,0
S3579,87.9,89.82,84.75,69.5,94.17,66.98,25.7,8.4,6,22,55.08,80.629,1,0,0,1,0,0,0,0,0,0,1,1,0,0
S3580,46.07,68.58,98.23,29.4,61.99,81.72,10.4,7.3,6,19,47.28,58.9075,0,0,0,1,0,0,0,0,0,0,1,0,1,0
S3581,87.98,70.51,55.98,16.1,77.46,79.55,12.0,4.9,4,23,42.12,63.94449999999999,0,0,1,1,0,0,0,0,1,0,0,0,1,0
S3582,47.22,65.88,69.96,85.0,55.75,64.68,7.1,4.1,5,22,56.54,59.071,0,1,0,0,0,1,0,1,0,0,0,1,0,0
S3583,47.48,71.92,61.2,46.0,77.66,57.47,21.9,5.0,9,21,99.31,74.4555,1,1,0,1,0,0,0,0,1,0,0,0,1,0
S3584,96.87,80.52,61.08,65.3,51.95,68.43,12.9,8.5,7,23,56.21,65.619,1,0,1,0,1,0,0,1,0,0,0,0,0,1
S3585,89.16,74.65,55.95,56.5,88.44,70.76,18.4,6.8,1,22,79.82,79.4785,1,1,1,0,0,0,1,0,1,0,0,0,1,0
S3586,73.14,91.9,82.48,10.7,97.77,81.43,24.2,8.2,2,18,47.1,74.64500000000001,1,1,1,0,0,1,0,0,1,0,0,0,0,1
S3587,92.5,95.01,87.32,5.699999999999999,65.35,95.73,25.9,5.2,1,24,76.11,75.776,1,0,1,0,1,0,0,0,1,0,0,0,1,0
S3588,99.36,73.48,83.84,37.7,62.91,51.81,13.1,7.5,9,18,99.07,79.8355,1,0,1,1,0,0,0,0,1,0,0,0,1,0
S3589,76.64,61.99,96.23,36.2,72.4,62.18,10.9,7.7,10,23,57.51,68.325,1,1,1,1,0,0,0,1,0,0,0,0,1,0
S3590,76.77,97.26,57.28,67.4,81.0,59.69,26.2,8.0,1,20,90.88,82.2225,1,0,0,0,0,0,1,0,0,0,1,1,0,0
S3591,85.27,86.75,65.99,63.2,59.45,75.11,14.5,6.7,3,24,99.85,78.3595,0,0,0,0,1,0,0,0,0,1,0,1,0,0
S3592,53.93,82.01,67.23,96.9,90.17,71.49,25.5,8.0,6,19,75.31,77.8375,1,0,1,0,0,1,0,1,0,0,0,1,0,0
S3593,50.03,87.27,61.6,85.8,59.93,86.45,8.7,8.7,6,23,58.56,63.664,1,1,1,0,1,0,0,0,1,0,0,1,0,0
S3594,85.57,53.8,57.11,49.7,50.27,62.12,27.8,8.8,9,21,80.41,64.285,1,1,1,1,0,0,0,0,0,1,0,0,0,1
S3595,60.69,53.38,74.34,50.0,76.21,79.72,17.1,4.6,9,19,90.69,72.58,1,0,1,0,0,1,0,0,0,1,0,0,1,0
S3596,48.1,57.66,91.72,67.4,55.76,94.19,9.3,7.1,4,22,50.28,57.70399999999999,0,1,1,1,0,0,0,0,0,1,0,1,0,0
S3597,58.89,57.37,97.73,11.4,84.91,95.53,18.4,4.6,1,24,67.15,70.0425,1,1,0,1,0,0,0,0,0,1,0,0,1,0
S3598,61.52,71.03,56.47,100.0,58.37,97.94,26.8,8.6,10,21,59.15,62.828,0,1,0,0,1,0,0,0,0,1,0,1,0,0
S3599,97.91,57.87,91.16,51.900000000000006,90.87,88.66,14.7,8.8,9,21,57.0,76.589,0,0,1,0,0,0,1,1,0,0,0,0,0,1
S3600,81.88,92.73,91.23,91.0,73.52,95.3,9.5,6.5,2,18,91.65,84.833,0,0,1,1,0,0,0,0,1,0,0,0,1,0
S3601,71.85,78.9,69.45,96.7,78.31,61.73,19.4,8.8,10,22,65.3,74.2105,1,0,1,0,1,0,0,0,1,0,0,0,0,1
S3602,98.13,68.41,55.5,58.2,59.33,59.88,25.9,7.8,10,18,60.34,66.32499999999999,1,0,1,0,0,1,0,0,1,0,0,1,0,0
S3603,94.19,53.48,99.5,10.3,57.33,50.32,8.0,7.5,4,18,76.21,68.86699999999999,1,0,0,0,0,0,1,0,0,0,1,0,1,0
S3604,70.72,79.55,82.78,57.3,81.56,85.34,6.0,6.9,7,24,53.16,71.44149999999999,0,0,1,1,0,0,0,1,0,0,0,1,0,0
S3605,94.34,55.83,99.11,59.8,62.77,96.87,6.4,6.0,2,20,53.79,67.705,0,0,0,1,0,0,0,0,0,1,0,1,0,0
S3606,64.26,87.16,74.18,78.89999999999999,69.3,59.35,10.8,8.8,9,18,71.22,72.67099999999999,0,0,0,0,0,1,0,0,1,0,0,0,0,1
S3607,53.83,90.14,69.76,4.8,73.97,81.85,5.2,5.0,5,19,64.56,67.1425,0,1,0,0,1,0,0,0,1,0,0,0,0,1
S3608,53.96,77.2,62.36,46.6,61.48,87.32,15.7,8.0,10,21,57.7,61.109,1,0,0,1,0,0,0,0,0,1,0,0,1,0
S3609,79.74,57.48,99.18,92.3,89.77,96.38,22.4,5.8,9,24,43.24,72.857,1,1,0,0,0,1,0,0,1,0,0,1,0,0
S3610,70.06,89.34,62.66,99.1,96.97,82.34,22.8,7.8,9,18,71.25,82.0345,1,1,0,1,0,0,0,0,0,1,0,0,1,0
S3611,79.54,65.39,51.19,19.1,71.59,98.51,20.9,4.8,8,23,89.0,71.5405,0,0,0,0,1,0,0,0,0,1,0,0,1,0
S3612,81.16,61.13,75.62,87.10000000000001,95.88,67.23,12.4,5.9,3,19,91.08,84.7945,0,1,0,0,0,0,1,0,1,0,0,1,0,0
S3613,41.34,73.53,68.85,14.6,94.13,67.5,23.4,8.7,9,22,54.13,66.61699999999999,1,0,0,0,1,0,0,0,1,0,0,0,0,1
S3614,43.24,96.13,63.07,84.1,58.3,77.15,19.4,6.8,3,21,75.98,67.9025,1,0,0,0,1,0,0,0,0,1,0,0,1,0
S3615,71.96,64.87,81.73,27.7,58.67,69.18,26.5,6.5,9,24,91.35,70.52099999999999,0,1,1,0,1,0,0,0,1,0,0,0,1,0
S3616,51.46,95.28,68.21,96.0,73.87,50.07,17.0,7.8,2,23,64.52,71.923,1,0,1,0,0,1,0,1,0,0,0,0,1,0
S3617,77.95,52.68,70.11,69.5,76.29,86.59,9.5,6.1,7,24,95.93,76.95000000000002,1,1,0,1,0,0,0,0,0,1,0,1,0,0
S3618,73.13,54.18,51.15,39.900000000000006,67.06,87.59,20.9,6.5,2,24,94.18,69.86949999999999,0,1,1,0,0,0,1,0,1,0,0,0,1,0
S3619,75.15,84.93,79.45,28.1,65.65,87.35,8.8,6.8,5,23,52.49,66.1795,0,1,1,0,0,1,0,0,1,0,0,0,0,1
S3620,58.15,59.53,56.1,23.5,71.57,67.25,29.1,8.9,2,22,55.54,59.79299999999999,0,1,1,0,1,0,0,0,1,0,0,0,0,1
S3621,78.39,65.83,60.69,68.1,84.52,76.11,22.6,8.0,8,23,50.83,69.1705,1,0,1,0,0,0,1,0,1,0,0,1,0,0
S3622,89.77,56.82,85.86,89.60000000000001,54.22,68.0,23.9,4.2,2,19,51.76,64.26050000000001,0,0,0,0,1,0,0,0,0,0,1,1,0,0
S3623,99.88,66.61,65.66,75.5,85.53,50.8,22.0,7.9,9,24,94.47,84.59100000000001,1,0,0,0,1,0,0,0,1,0,0,1,0,0
S3624,90.31,64.02,58.16,83.5,96.31,78.12,7.4,6.5,2,22,95.87,86.001,1,0,0,0,1,0,0,0,1,0,0,1,0,0
S3625,73.45,86.82,78.87,78.1,88.18,56.19,16.6,5.2,4,24,43.11,73.064,0,1,1,0,0,0,1,1,0,0,0,0,0,1
S3626,51.61,85.1,60.75,97.9,59.58,54.0,21.3,8.3,7,23,75.62,68.2555,1,1,1,1,0,0,0,1,0,0,0,1,0,0
S3627,80.89,97.75,63.55,75.8,54.37,87.77,10.7,5.4,9,22,73.85,71.7145,0,1,1,0,1,0,0,0,0,0,1,0,1,0
S3628,96.26,86.22,81.07,21.0,74.52,50.48,22.0,5.6,3,22,63.43,74.74249999999999,0,0,0,1,0,0,0,1,0,0,0,0,0,1
S3629,52.71,84.74,86.99,79.2,97.82,97.95,25.5,4.3,2,18,77.9,82.0975,1,0,0,0,0,0,1,0,1,0,0,1,0,0
S3630,55.36,84.71,86.98,32.2,90.95,75.76,11.9,8.9,6,18,96.84,82.8135,1,1,1,0,0,0,1,0,1,0,0,1,0,0
S3631,48.94,94.15,74.11,99.6,78.14,99.15,10.0,8.0,1,18,50.22,69.85150000000002,0,0,0,0,1,0,0,0,1,0,0,0,1,0
S3632,84.2,64.81,72.71,37.7,57.15,52.9,27.1,4.7,5,23,47.22,60.4575,0,0,0,1,0,0,0,0,0,0,1,0,0,1
S3633,64.39,65.0,89.38,29.3,85.69,79.18,5.1,6.4,8,21,42.0,66.0185,0,1,1,1,0,0,0,0,1,0,0,0,0,1
S3634,43.76,87.06,59.65,23.9,90.65,67.47,11.4,5.7,3,19,61.83,69.4355,0,0,1,0,1,0,0,0,1,0,0,0,1,0
S3635,92.5,61.44,57.61,65.9,96.75,92.17,15.2,4.2,5,23,60.26,76.237,0,1,0,0,0,1,0,0,1,0,0,0,1,0
S3636,73.46,95.6,83.23,10.9,80.61,68.06,21.8,8.6,9,24,65.85,74.8725,0,0,1,0,0,1,0,1,0,0,0,1,0,0
S3637,59.87,76.74,70.48,95.4,75.72,63.02,29.9,8.2,1,18,70.2,72.5755,1,1,0,0,0,0,1,0,1,0,0,0,1,0
S3638,60.64,65.01,85.5,29.4,80.96,92.88,14.3,8.9,9,22,85.47,74.523,1,0,0,0,0,0,1,0,1,0,0,0,1,0
S3639,57.42,88.8,62.83,29.5,97.16,68.73,28.7,5.2,1,23,63.53,74.72149999999999,1,0,0,0,0,1,0,0,0,1,0,0,1,0
S3640,67.33,65.62,66.24,4.6000000000000005,81.41,50.84,14.2,7.5,4,22,59.84,66.1795,1,1,1,0,0,1,0,0,1,0,0,0,0,1
S3641,60.22,98.16,94.83,24.6,62.88,69.51,22.4,4.6,1,24,89.61,75.73649999999999,0,1,1,0,0,1,0,0,1,0,0,0,0,1
S3642,72.88,99.15,71.08,41.900000000000006,81.81,82.73,9.1,6.2,8,22,90.99,82.298,1,0,1,0,1,0,0,0,0,1,0,0,1,0
S3643,86.41,83.34,79.55,37.0,93.99,62.72,16.5,8.2,7,22,53.97,76.957,1,0,0,0,1,0,0,0,0,0,1,0,1,0
S3644,80.47,55.68,55.33,27.3,78.35,71.6,26.8,4.0,3,20,58.88,65.5455,0,1,1,0,1,0,0,0,0,0,1,0,0,1
S3645,57.67,63.16,58.94,4.1,75.13,52.84,13.0,6.4,5,21,89.51,69.13999999999999,1,0,1,0,1,0,0,0,1,0,0,0,1,0
S3646,71.72,75.77,51.79,30.1,86.67,79.4,7.6,6.2,2,19,44.76,65.9985,0,0,1,0,1,0,0,1,0,0,0,0,1,0
S3647,90.41,92.57,71.22,77.8,83.05,87.81,18.1,7.5,10,19,59.55,78.2615,0,1,0,0,1,0,0,0,0,0,1,0,0,1
S3648,44.09,59.24,99.45,43.9,52.83,70.67,16.0,5.2,5,18,66.9,60.2135,0,1,0,0,0,0,1,0,0,0,1,0,1,0
S3649,44.7,55.22,93.69,29.1,86.27,71.01,10.7,4.9,5,20,51.22,64.49799999999999,0,0,1,1,0,0,0,0,1,0,0,0,1,0
S3650,73.37,53.72,81.65,30.5,70.38,54.41,27.6,7.3,9,23,50.79,62.565,0,1,1,0,0,0,1,0,1,0,0,0,0,1
S3651,78.35,75.35,93.05,55.4,97.04,60.1,20.0,7.2,5,23,65.49,80.61449999999999,1,1,0,1,0,0,0,0,0,0,1,1,0,0
S3652,52.68,94.24,79.71,30.2,98.54,57.73,13.7,7.8,2,19,85.27,82.3985,1,1,1,0,0,0,1,1,0,0,0,0,1,0
S3653,84.71,52.12,68.44,63.1,72.44,74.08,29.9,5.2,3,21,90.41,74.858,1,0,0,0,0,0,1,0,1,0,0,0,1,0
S3654,78.78,60.62,58.68,98.9,98.44,76.46,8.4,4.1,6,22,98.75,85.9425,0,0,0,0,1,0,0,1,0,0,0,0,1,0
S3655,95.4,84.66,82.65,4.1,65.54,97.45,26.2,8.4,1,24,44.44,66.251,1,0,1,0,1,0,0,0,1,0,0,1,0,0
S3656,50.14,91.29,59.65,16.9,84.13,53.66,10.8,5.0,6,18,53.0,66.5135,1,1,1,1,0,0,0,1,0,0,0,0,0,1
S3657,85.08,90.37,70.87,17.9,53.75,79.99,11.0,6.1,5,21,85.4,71.77450000000002,1,1,1,1,0,0,0,0,1,0,0,0,0,1
S3658,45.02,89.25,91.29,44.7,57.25,76.32,17.5,6.3,2,19,72.44,66.7895,1,1,0,0,1,0,0,0,0,1,0,0,0,1
S3659,73.92,56.49,56.46,4.1,93.23,75.81,21.5,4.9,2,20,59.66,68.29650000000001,0,0,0,0,0,0,1,1,0,0,0,0,0,1
S3660,73.11,69.86,56.45,47.8,94.69,93.66,22.3,6.6,2,18,52.34,70.97250000000001,1,1,1,1,0,0,0,0,0,0,1,0,1,0
S3661,63.3,99.24,61.22,92.9,76.63,60.28,5.6,8.6,3,19,56.83,72.3445,0,1,0,0,0,1,0,1,0,0,0,1,0,0
S3662,90.67,99.44,77.6,1.2,66.99,52.04,12.2,5.4,10,23,65.76,72.87349999999999,0,1,1,0,0,1,0,1,0,0,0,1,0,0
S3663,40.26,80.12,62.59,36.5,72.55,83.61,21.5,6.6,2,18,50.63,60.563500000000005,1,0,0,0,0,1,0,1,0,0,0,0,0,1
S3664,71.21,85.46,75.16,76.10000000000001,93.48,67.26,27.2,5.5,3,19,97.85,87.32799999999999,0,1,1,1,0,0,0,0,0,0,1,0,0,1
S3665,53.03,97.56,65.1,15.4,60.55,50.88,21.7,8.9,9,23,46.46,59.6485,0,0,1,0,1,0,0,1,0,0,0,0,1,0
S3666,84.61,72.5,75.31,7.800000000000001,64.74,62.57,11.6,5.1,3,24,99.13,75.692,0,0,0,0,1,0,0,0,0,1,0,0,0,1
S3667,42.58,56.84,63.88,63.1,89.27,65.47,17.7,4.5,7,23,90.51,73.86449999999999,0,1,1,0,1,0,0,0,0,0,1,0,0,1
S3668,89.89,83.45,99.0,1.0,96.76,80.84,21.2,4.7,3,22,65.39,81.3265,0,0,1,1,0,0,0,0,0,1,0,0,0,1
S3669,90.29,98.01,74.64,80.19999999999999,54.65,58.63,8.4,5.8,6,20,84.39,77.2115,0,0,1,1,0,0,0,0,0,1,0,0,0,1
S3670,89.97,84.86,87.18,6.7,90.19,70.65,18.6,6.8,9,22,80.29,82.407,0,0,1,0,0,1,0,0,0,1,0,1,0,0
S3671,49.15,90.17,85.03,52.400000000000006,82.25,74.12,16.8,7.3,6,19,52.8,69.896,1,0,0,1,0,0,0,0,0,0,1,0,0,1
S3672,77.82,71.14,74.53,74.0,61.54,72.96,13.4,6.8,4,24,60.34,67.04400000000001,1,0,1,0,0,1,0,0,1,0,0,0,0,1
S3673,40.86,54.82,61.94,24.2,87.79,98.7,20.6,8.5,5,21,70.79,65.79050000000001,0,0,0,0,0,1,0,0,0,0,1,0,1,0
S3674,90.88,58.44,75.54,10.4,86.4,52.28,20.9,5.8,8,24,78.27,75.9595,0,0,1,0,1,0,0,1,0,0,0,0,0,1
S3675,83.38,99.13,84.05,17.6,57.1,97.55,29.3,7.6,8,24,72.57,71.934,1,1,1,1,0,0,0,0,0,1,0,0,0,1
S3676,71.87,74.66,73.0,85.5,75.11,79.1,15.7,5.3,7,24,68.38,73.18249999999999,1,0,1,0,1,0,0,1,0,0,0,0,1,0
S3677,83.84,50.6,54.1,70.6,87.91,89.79,18.3,7.4,5,22,66.59,72.1265,1,1,1,0,1,0,0,0,0,1,0,0,1,0
S3678,45.66,97.77,50.9,19.8,59.58,71.52,8.9,8.6,9,21,69.9,62.9435,1,0,1,1,0,0,0,0,0,1,0,0,0,1
S3679,71.72,74.89,66.39,71.6,73.14,72.69,18.7,8.9,1,23,66.06,70.6675,0,0,0,1,0,0,0,1,0,0,0,0,1,0
S3680,57.48,91.81,57.51,70.9,56.04,93.97,5.9,7.6,4,19,72.48,66.6215,0,1,1,0,0,0,1,0,1,0,0,0,1,0
S3681,98.36,77.42,95.31,99.8,65.34,94.8,8.7,8.7,10,20,93.28,83.81,1,1,0,0,0,1,0,0,0,1,0,0,0,1
S3682,91.43,55.09,58.79,39.2,60.9,61.93,9.3,7.4,7,21,77.97,67.5795,1,0,1,0,0,0,1,0,1,0,0,1,0,0
S3683,84.0,80.78,69.71,86.5,75.25,59.96,20.8,8.8,5,19,83.36,79.428,1,1,0,0,0,1,0,0,0,0,1,0,1,0
S3684,96.02,99.87,85.6,44.6,57.06,74.81,19.2,8.5,4,21,75.85,76.25399999999999,1,0,0,0,0,1,0,0,0,1,0,0,0,1
S3685,60.81,51.74,90.77,89.80000000000001,69.16,95.01,25.0,4.5,5,22,78.58,70.8425,0,0,1,0,0,1,0,0,0,1,0,0,1,0
S3686,94.05,92.09,73.89,9.2,63.76,66.12,16.6,6.4,1,19,74.7,73.57300000000001,1,0,1,0,1,0,0,0,0,0,1,1,0,0
S3687,59.51,61.77,59.06,17.5,87.3,82.6,16.9,5.7,4,22,41.61,61.5655,1,1,1,0,1,0,0,1,0,0,0,1,0,0
S3688,83.97,69.69,63.54,85.0,84.98,85.41,9.0,4.1,1,18,99.98,84.142,1,0,1,1,0,0,0,1,0,0,0,0,0,1
S3689,84.19,68.64,70.95,81.89999999999999,54.75,88.93,23.6,6.3,2,19,42.02,61.0445,0,0,0,0,0,1,0,0,1,0,0,1,0,0
S3690,41.1,94.94,68.23,30.5,97.67,78.2,5.1,4.7,9,21,63.71,73.9825,0,1,1,0,0,1,0,0,0,0,1,0,0,1
S3691,61.66,75.22,67.43,59.7,87.23,70.12,15.6,4.2,5,18,46.31,68.0065,0,0,1,0,0,1,0,0,0,1,0,0,0,1
S3692,41.17,72.36,56.59,38.3,80.8,98.35,9.7,6.2,9,22,45.82,60.2985,1,0,0,0,1,0,0,0,1,0,0,0,1,0
S3693,99.83,90.9,95.67,1.0,73.89,80.57,24.3,5.2,9,22,87.61,82.29599999999999,1,1,0,1,0,0,0,1,0,0,0,0,0,1
S3694,47.33,52.45,51.49,2.6,58.9,86.43,21.8,8.7,10,21,65.56,54.306,1,1,0,0,1,0,0,0,0,1,0,0,1,0
S3695,72.57,54.32,72.0,5.4,98.1,67.25,22.7,8.1,5,18,88.07,77.95100000000001,0,0,0,0,0,0,1,1,0,0,0,0,1,0
S3696,87.43,51.08,99.02,59.400000000000006,50.39,83.5,8.7,8.8,3,24,56.37,62.858,0,1,1,0,0,0,1,0,1,0,0,0,1,0
S3697,52.08,84.4,82.99,27.9,84.62,62.89,21.7,8.4,4,23,55.39,69.3995,1,0,0,0,0,0,1,1,0,0,0,0,1,0
S3698,69.1,76.28,67.77,14.4,75.37,62.25,22.3,7.6,5,20,55.07,65.6825,1,1,0,1,0,0,0,1,0,0,0,0,0,1
S3699,76.45,93.8,57.3,94.1,95.13,85.74,5.1,7.0,6,21,76.97,83.754,0,1,0,0,0,0,1,0,0,0,1,1,0,0
S3700,49.61,74.93,98.19,12.1,69.03,76.07,12.9,4.3,6,22,88.9,72.039,1,0,0,1,0,0,0,0,1,0,0,0,0,1
S3701,86.71,61.09,50.7,67.4,75.93,84.16,7.2,5.3,8,19,67.14,70.17399999999999,1,0,0,0,1,0,0,0,0,1,0,1,0,0
S3702,57.96,90.26,84.07,89.39999999999999,87.12,63.47,22.0,7.6,8,18,62.75,76.9335,1,1,0,0,1,0,0,1,0,0,0,0,0,1
S3703,52.66,64.72,94.01,16.4,52.38,79.94,10.3,6.0,8,23,98.41,68.14450000000001,0,0,1,1,0,0,0,1,0,0,0,0,1,0
S3704,73.5,96.78,51.26,21.5,52.72,72.2,11.6,5.6,3,20,47.01,59.3115,1,0,0,0,1,0,0,0,1,0,0,0,1,0
S3705,64.62,62.52,86.26,57.400000000000006,60.58,79.85,7.0,4.5,4,19,69.2,66.041,1,1,1,0,1,0,0,0,1,0,0,0,0,1
S3706,95.22,58.39,99.94,50.8,57.32,64.54,17.1,4.4,4,18,64.51,68.899,1,1,1,1,0,0,0,0,1,0,0,1,0,0
S3707,92.8,74.67,81.98,52.1,50.32,85.77,5.8,5.0,7,23,45.89,62.492,1,0,0,0,0,0,1,0,0,1,0,0,0,1
S3708,69.0,52.53,70.73,55.5,81.15,90.3,26.1,8.2,5,21,56.09,66.44500000000001,0,1,0,1,0,0,0,0,0,0,1,0,0,1
S3709,61.56,51.82,93.72,95.0,89.8,63.0,5.7,7.3,4,23,41.71,68.4965,0,1,1,0,0,1,0,0,0,1,0,1,0,0
S3710,59.53,74.8,77.71,5.4,97.86,65.03,6.5,5.7,10,21,92.62,80.70349999999999,0,0,0,0,1,0,0,0,1,0,0,0,1,0
S3711,56.05,60.76,87.47,76.0,72.05,83.06,21.0,4.3,5,24,76.47,70.80099999999999,1,0,1,1,0,0,0,1,0,0,0,0,1,0
S3712,72.67,50.47,79.39,23.3,63.99,84.78,27.9,4.9,1,18,88.9,68.997,0,0,1,0,1,0,0,0,0,0,1,0,1,0
S3713,88.3,64.8,51.91,37.400000000000006,93.2,85.2,27.3,6.2,4,23,71.29,75.80850000000001,1,0,0,0,0,0,1,0,0,0,1,1,0,0
S3714,58.65,73.87,60.66,8.9,92.22,84.13,7.1,4.8,7,20,75.97,73.0475,0,1,1,0,1,0,0,0,1,0,0,0,1,0
S3715,51.41,69.71,53.94,44.6,81.24,69.64,12.2,7.8,3,23,82.05,70.67649999999999,1,0,1,1,0,0,0,0,1,0,0,0,1,0
S3716,68.53,56.77,55.33,80.39999999999999,63.66,69.74,18.0,7.9,7,18,94.48,71.066,0,1,0,0,0,0,1,0,0,1,0,0,1,0
S3717,44.14,78.98,50.77,9.9,95.43,62.74,5.7,4.7,5,19,45.51,64.0465,0,0,0,0,0,0,1,0,1,0,0,1,0,0
S3718,82.08,85.52,71.06,27.6,58.92,57.84,18.2,7.6,1,19,59.86,66.26700000000001,0,1,0,0,0,0,1,0,1,0,0,1,0,0
S3719,71.1,83.78,58.93,37.3,52.18,84.63,16.2,6.6,4,23,82.54,67.27900000000001,1,1,0,0,0,1,0,0,1,0,0,0,1,0
S3720,69.78,69.69,92.78,10.4,89.83,54.66,19.7,8.8,10,23,97.5,82.04249999999999,1,0,0,1,0,0,0,0,0,1,0,0,0,1
S3721,58.03,56.88,87.5,76.2,78.18,96.89,28.0,7.9,3,21,98.85,77.963,1,1,1,1,0,0,0,0,1,0,0,0,0,1
S3722,94.28,74.97,78.66,78.7,62.32,91.33,11.9,6.9,4,18,78.29,75.457,0,1,0,0,0,0,1,0,0,1,0,0,1,0
S3723,45.43,94.52,74.45,83.6,83.54,92.88,21.0,7.0,6,21,51.62,70.5845,1,0,0,0,1,0,0,0,1,0,0,1,0,0
S3724,92.19,73.44,62.79,58.4,88.34,95.33,15.7,4.9,10,20,47.15,72.333,1,0,0,0,0,0,1,1,0,0,0,0,1,0
S3725,62.6,59.78,73.75,50.7,92.23,70.43,15.9,8.5,4,24,96.76,80.12599999999999,1,0,1,0,0,1,0,0,1,0,0,0,1,0
S3726,92.84,54.65,82.06,26.3,64.11,92.34,21.2,6.8,7,19,66.04,67.3875,1,1,1,0,0,0,1,0,1,0,0,0,0,1
S3727,83.73,97.2,89.11,65.5,51.28,57.9,28.8,6.9,8,22,51.69,67.632,1,1,0,1,0,0,0,0,0,0,1,0,0,1
S3728,46.25,87.15,54.08,44.5,75.5,51.08,26.6,6.9,3,22,96.03,74.3005,1,1,1,0,0,0,1,0,0,1,0,0,1,0
S3729,89.89,65.65,85.42,97.1,92.8,89.24,21.0,5.4,3,18,46.27,76.13550000000001,0,1,1,0,1,0,0,0,1,0,0,0,1,0
S3730,80.93,64.77,87.14,96.8,60.39,53.74,16.5,8.1,2,18,83.77,74.4685,0,1,1,1,0,0,0,0,0,1,0,1,0,0
S3731,41.94,94.76,77.95,90.5,71.06,99.43,15.6,8.3,6,22,77.52,73.523,1,1,1,0,1,0,0,0,1,0,0,0,0,1
S3732,48.02,58.88,60.72,36.0,62.82,83.74,24.7,5.4,6,18,45.26,54.068,0,0,1,0,0,0,1,0,0,1,0,0,1,0
S3733,78.14,76.75,76.96,36.8,50.67,87.67,10.5,6.2,1,19,60.32,63.05050000000001,0,0,1,1,0,0,0,0,0,1,0,0,0,1
S3734,79.76,85.68,75.14,85.3,94.93,62.29,19.7,4.9,9,20,49.0,77.32400000000001,1,1,0,0,0,1,0,0,0,0,1,0,0,1
S3735,84.8,69.82,73.79,72.9,56.75,83.69,17.6,5.2,2,20,76.27,70.3095,1,0,0,1,0,0,0,0,1,0,0,0,1,0
S3736,83.21,52.0,73.03,70.4,88.34,52.16,21.2,5.7,4,21,68.63,74.764,0,0,0,0,1,0,0,0,0,1,0,0,0,1
S3737,79.57,61.39,55.54,28.0,67.33,91.89,9.7,8.5,9,19,40.26,58.362,1,0,1,1,0,0,0,0,0,1,0,0,1,0
S3738,85.97,95.09,59.14,83.3,63.88,58.48,22.4,7.1,7,24,98.54,81.037,0,1,0,0,0,1,0,0,0,0,1,0,1,0
S3739,74.51,76.16,54.87,57.9,97.05,84.87,20.7,6.9,3,18,60.98,75.3425,0,1,0,0,0,1,0,0,0,1,0,1,0,0
S3740,55.65,90.77,62.12,44.7,82.86,61.22,9.5,8.7,10,18,55.49,69.1405,0,1,0,0,0,1,0,0,0,1,0,0,0,1
S3741,94.74,77.78,63.17,86.5,84.35,53.42,16.2,8.0,2,24,53.35,75.1625,1,0,0,0,0,1,0,1,0,0,0,1,0,0
S3742,41.09,97.18,62.25,39.4,87.98,74.07,22.0,4.1,9,21,49.53,67.712,0,0,0,0,1,0,0,1,0,0,0,0,0,1
S3743,61.99,95.46,60.55,65.4,67.05,58.46,27.5,4.6,2,21,99.95,78.045,1,1,1,1,0,0,0,1,0,0,0,1,0,0
S3744,83.73,74.14,86.77,46.6,78.18,86.47,8.1,5.2,4,18,57.71,72.569,1,0,0,0,0,0,1,0,0,0,1,0,1,0
S3745,65.63,65.91,90.93,59.3,63.51,61.88,5.2,5.5,2,18,64.33,66.9245,1,1,0,0,0,1,0,0,0,1,0,0,0,1
S3746,41.49,80.08,66.36,4.1,91.73,67.12,9.1,8.2,7,24,92.28,75.66550000000001,1,1,1,0,0,0,1,0,0,0,1,1,0,0
S3747,43.96,83.74,65.26,46.1,79.97,78.37,29.7,7.8,6,19,78.51,71.6045,1,0,1,0,0,0,1,0,0,0,1,0,1,0
S3748,78.92,74.92,92.2,55.6,62.17,64.25,24.2,4.7,8,24,62.12,69.25699999999999,0,0,1,1,0,0,0,0,1,0,0,0,1,0
S3749,97.89,91.11,81.2,49.3,94.99,68.9,20.4,6.7,3,21,93.9,90.907,1,0,0,0,0,0,1,0,1,0,0,0,0,1
S3750,73.11,59.17,64.67,84.7,79.04,90.78,8.3,4.5,7,24,84.98,75.501,1,1,0,0,0,0,1,0,1,0,0,0,0,1
S3751,70.41,66.72,85.68,31.1,74.75,58.96,15.4,4.9,8,24,53.67,66.535,1,0,0,0,1,0,0,0,1,0,0,1,0,0
S3752,59.1,84.32,67.23,88.4,51.72,54.11,22.9,5.2,1,24,78.62,67.827,1,0,0,0,0,0,1,0,1,0,0,0,1,0
S3753,55.4,62.33,79.33,40.3,95.49,66.42,27.4,8.5,8,19,95.34,80.08949999999999,1,0,1,1,0,0,0,0,0,1,0,0,1,0
S3754,41.26,71.99,99.63,69.5,97.61,71.22,14.5,5.8,1,23,69.79,77.156,0,0,1,0,0,0,1,0,0,0,1,0,0,1
S3755,56.38,98.19,65.08,8.7,78.13,77.13,30.0,8.6,6,18,84.02,74.5725,1,1,1,1,0,0,0,0,1,0,0,0,1,0
S3756,66.95,81.29,96.53,20.0,72.13,68.62,8.5,7.8,2,22,98.27,79.0955,1,0,1,0,0,1,0,0,1,0,0,1,0,0
S3757,51.88,97.45,66.03,76.10000000000001,67.98,89.5,14.7,7.7,9,24,81.42,73.5565,0,1,0,0,0,0,1,0,0,1,0,0,1,0
S3758,45.24,86.12,77.01,1.2,63.4,51.97,26.9,8.0,10,22,46.15,58.02250000000001,1,1,0,0,0,0,1,0,0,0,1,0,1,0
S3759,83.06,86.23,73.0,96.9,78.73,71.59,21.2,4.5,10,23,54.67,74.825,0,0,1,0,0,0,1,0,1,0,0,0,1,0
S3760,93.68,79.59,89.16,19.1,56.4,69.11,25.3,8.1,10,18,75.71,71.709,0,0,1,0,0,1,0,0,1,0,0,1,0,0
S3761,96.21,57.11,53.05,90.1,95.96,82.38,27.7,5.3,3,21,56.53,75.7285,0,1,1,0,1,0,0,0,1,0,0,0,0,1
S3762,77.08,75.99,81.36,51.6,58.8,98.31,17.7,8.9,4,22,97.45,75.679,0,1,1,0,0,0,1,1,0,0,0,0,0,1
S3763,43.17,62.63,88.03,56.5,87.28,75.52,10.9,8.2,10,21,64.32,69.762,1,0,1,1,0,0,0,0,1,0,0,0,1,0
S3764,84.45,99.93,73.61,8.4,65.34,99.34,22.3,9.0,5,22,67.43,71.89750000000001,1,0,0,0,1,0,0,0,0,0,1,0,1,0
S3765,46.61,63.35,55.26,36.5,61.3,65.11,19.1,8.7,3,21,82.1,62.760000000000005,0,1,1,0,1,0,0,1,0,0,0,1,0,0
S3766,80.18,61.53,62.24,15.6,77.89,51.54,24.3,5.8,7,24,71.45,69.49000000000001,0,0,1,0,1,0,0,1,0,0,0,1,0,0
S3767,86.76,81.19,83.98,52.6,88.26,58.28,17.8,8.7,2,22,62.93,78.43100000000001,1,1,0,0,0,0,1,0,1,0,0,1,0,0
S3768,83.55,75.55,94.77,55.1,86.34,69.76,25.3,5.7,7,21,44.6,73.149,0,0,0,0,0,1,0,0,1,0,0,0,1,0
S3769,97.11,51.07,71.08,71.0,61.69,65.82,27.6,7.3,5,23,75.79,70.33949999999999,0,0,1,0,0,1,0,1,0,0,0,0,0,1
S3770,84.29,56.48,78.02,87.8,66.53,54.85,23.7,8.1,9,19,92.05,76.279,0,1,0,0,0,0,1,0,1,0,0,0,0,1
S3771,81.59,90.55,61.42,46.8,93.44,71.63,23.6,5.9,2,21,81.15,82.6225,1,1,0,1,0,0,0,0,0,0,1,0,1,0
S3772,55.7,74.18,70.61,23.3,86.16,66.91,19.7,5.0,9,19,62.89,69.27850000000001,0,1,0,1,0,0,0,0,0,0,1,0,1,0
S3773,95.49,57.3,66.84,33.4,85.63,56.13,16.8,8.5,9,19,47.66,68.8765,1,1,1,1,0,0,0,1,0,0,0,1,0,0
S3774,50.77,73.26,82.78,84.7,63.45,64.81,29.3,4.5,8,18,88.98,72.39750000000001,1,1,0,0,0,0,1,0,1,0,0,0,0,1
S3775,94.29,62.66,99.23,14.6,89.6,94.32,21.1,5.8,5,24,96.5,85.2005,1,1,1,0,0,1,0,1,0,0,0,0,0,1
S3776,58.76,61.18,90.67,62.7,67.92,65.1,26.0,6.7,3,23,63.3,66.394,0,0,0,0,0,0,1,0,0,0,1,0,1,0
S3777,47.81,97.89,59.61,1.3,70.07,85.7,17.6,8.0,10,19,83.72,69.832,0,0,1,0,0,1,0,0,1,0,0,0,1,0
S3778,89.6,68.1,78.88,24.6,64.38,80.6,18.9,8.3,1,20,64.65,68.24949999999998,1,0,1,0,1,0,0,0,0,0,1,0,1,0
S3779,40.15,52.32,53.32,59.1,56.07,71.36,21.6,6.6,10,24,70.14,56.51349999999999,1,0,0,0,0,0,1,0,1,0,0,1,0,0
S3780,89.93,98.52,62.35,45.6,71.02,61.95,23.2,6.9,3,19,90.19,80.636,1,1,0,0,0,1,0,0,0,1,0,0,0,1
S3781,55.74,89.74,58.61,49.400000000000006,50.85,68.45,16.2,8.3,6,21,45.01,56.6605,0,1,0,0,1,0,0,0,0,0,1,0,0,1
S3782,93.08,62.72,66.78,66.10000000000001,72.8,79.61,13.9,6.3,4,19,71.82,73.148,0,1,1,0,1,0,0,0,1,0,0,0,1,0
S3783,81.49,70.44,83.94,23.5,86.25,67.54,11.0,6.8,6,21,52.88,71.45349999999999,1,1,1,0,0,0,1,0,1,0,0,1,0,0
S3784,79.97,93.11,74.97,28.1,98.04,60.74,15.6,4.1,4,21,60.39,79.3735,1,0,0,0,0,1,0,0,0,1,0,0,0,1
S3785,61.92,67.87,96.65,68.4,53.93,55.82,10.3,8.8,9,20,78.67,68.4,0,0,0,0,1,0,0,0,0,1,0,0,1,0
S3786,43.56,78.37,60.64,53.8,64.06,93.99,15.4,6.8,8,19,41.63,56.669,1,0,0,0,0,0,1,0,0,1,0,0,1,0
S3787,89.8,76.74,68.21,1.5,74.71,72.02,26.9,7.6,10,19,75.63,73.19749999999999,0,0,1,0,1,0,0,0,0,0,1,0,1,0
S3788,50.25,70.06,66.49,67.0,58.52,81.26,29.4,5.2,6,22,57.01,59.854,0,1,1,1,0,0,0,0,1,0,0,0,0,1
S3789,62.34,81.98,61.8,62.0,55.84,74.52,19.4,7.3,10,24,80.17,67.7225,1,0,0,0,0,0,1,0,0,1,0,1,0,0
S3790,76.02,73.66,99.66,7.9,72.62,93.63,8.7,6.3,8,22,48.49,66.7215,1,1,1,0,1,0,0,1,0,0,0,1,0,0
S3791,68.94,51.06,69.36,74.80000000000001,79.04,77.35,15.7,4.6,7,18,84.15,73.4255,0,0,0,0,0,0,1,0,1,0,0,0,1,0
S3792,51.92,90.72,97.03,52.2,91.01,74.04,20.1,8.2,5,21,78.74,80.697,0,0,0,0,0,0,1,0,1,0,0,1,0,0
S3793,48.44,55.66,69.52,20.5,99.89,96.23,14.3,8.2,9,20,98.27,78.1265,0,1,1,0,0,1,0,0,1,0,0,1,0,0
S3794,47.39,73.2,60.2,55.9,88.71,85.98,10.1,4.3,4,22,94.67,77.184,0,0,0,0,0,1,0,0,1,0,0,0,1,0
S3795,91.78,79.0,55.96,59.5,61.07,55.58,10.7,6.0,4,19,57.0,66.75899999999999,0,1,0,0,1,0,0,0,0,0,1,0,0,1
S3796,41.89,85.28,92.78,92.0,87.4,58.89,16.8,5.4,10,18,41.64,69.5835,1,0,0,0,0,0,1,1,0,0,0,1,0,0
S3797,98.62,70.54,51.6,74.2,76.86,89.36,10.4,6.6,9,20,79.32,77.132,0,1,0,0,0,0,1,0,1,0,0,0,0,1
S3798,51.91,86.78,98.22,30.2,72.54,91.79,11.2,6.4,4,23,76.17,72.94,0,0,0,1,0,0,0,0,0,1,0,1,0,0
S3799,46.62,56.57,70.91,11.8,96.79,77.26,26.8,7.3,4,19,41.65,62.609,0,1,1,0,0,0,1,0,0,1,0,0,1,0
S3800,74.62,82.67,62.37,85.3,85.1,77.72,24.5,5.2,8,19,47.36,71.4655,1,0,0,0,0,1,0,0,1,0,0,0,0,1
S3801,44.8,91.32,80.87,84.60000000000001,84.08,81.6,6.4,5.1,6,23,75.08,76.729,1,0,0,0,0,0,1,1,0,0,0,0,0,1
S3802,76.15,94.47,56.65,17.5,50.59,71.96,13.0,7.6,7,21,94.71,70.9875,0,1,1,0,0,1,0,1,0,0,0,1,0,0
S3803,91.04,78.98,53.61,6.2,93.25,84.01,18.3,8.9,4,21,94.39,82.7465,0,0,0,1,0,0,0,0,0,1,0,0,0,1
S3804,42.87,65.64,91.39,71.2,89.67,55.42,6.5,8.7,1,22,49.09,68.149,1,1,1,0,1,0,0,0,1,0,0,1,0,0
S3805,87.99,58.17,71.23,72.30000000000001,64.95,98.06,22.1,8.0,4,22,63.07,67.9145,1,0,0,0,0,1,0,0,0,1,0,0,0,1
S3806,63.67,67.28,75.91,17.7,64.61,87.51,14.6,4.3,4,19,42.59,58.149,1,1,1,0,1,0,0,0,0,0,1,1,0,0
S3807,49.57,77.0,58.83,66.8,52.67,81.56,14.9,5.2,2,24,68.16,61.0495,1,1,1,0,1,0,0,0,1,0,0,1,0,0
S3808,50.57,59.82,53.07,27.9,52.54,65.82,11.6,7.4,8,19,85.19,60.32,0,0,1,0,1,0,0,1,0,0,0,0,1,0
S3809,95.13,97.63,68.39,26.1,83.43,58.05,13.3,5.5,5,22,87.4,83.937,1,0,0,0,1,0,0,0,0,1,0,0,1,0
S3810,46.64,94.86,75.31,32.5,59.31,70.47,26.5,6.0,9,23,69.94,65.65899999999999,0,0,1,0,0,1,0,0,1,0,0,1,0,0
S3811,92.01,51.65,88.27,52.0,96.18,83.08,24.7,8.8,5,22,45.75,73.2675,0,0,1,1,0,0,0,0,1,0,0,1,0,0
S3812,72.65,78.1,75.05,80.39999999999999,92.12,81.69,28.4,4.4,4,19,62.88,77.4935,1,0,1,0,0,0,1,0,0,0,1,1,0,0
S3813,42.34,89.47,89.13,49.900000000000006,67.44,69.13,22.5,8.3,3,20,95.93,75.394,1,1,1,0,0,1,0,0,1,0,0,0,1,0
S3814,67.87,62.27,55.77,29.8,69.0,80.66,19.4,4.3,10,19,53.78,60.733,1,0,1,1,0,0,0,0,0,0,1,0,1,0
S3815,89.05,76.19,53.2,88.4,66.36,90.69,11.5,5.7,10,20,59.19,69.2315,1,0,0,0,0,0,1,0,0,0,1,0,0,1
S3816,83.57,70.3,57.94,5.5,54.62,51.31,21.7,6.8,1,20,84.81,66.738,0,1,1,0,1,0,0,1,0,0,0,1,0,0
S3817,69.33,59.83,88.6,79.7,51.57,72.53,27.7,5.8,7,19,84.01,68.6925,0,1,0,0,0,0,1,1,0,0,0,0,0,1
S3818,91.6,80.74,87.97,78.4,72.61,87.93,6.7,8.8,9,24,94.73,84.0335,0,0,1,0,0,0,1,0,1,0,0,0,1,0
S3819,47.22,99.68,57.07,25.4,97.15,77.31,16.1,6.5,2,24,63.29,73.9795,1,1,1,1,0,0,0,0,0,1,0,1,0,0
S3820,94.6,68.26,51.55,19.8,95.86,82.57,8.7,7.7,4,18,70.88,77.052,0,1,0,0,0,0,1,0,1,0,0,0,0,1
S3821,90.79,77.62,84.26,87.5,90.49,75.83,25.3,7.5,8,22,68.04,82.21950000000001,1,1,0,0,1,0,0,0,0,1,0,0,0,1
S3822,82.5,66.39,92.76,55.9,81.43,99.59,20.4,8.2,9,24,95.67,82.751,0,0,0,0,0,1,0,0,0,1,0,1,0,0
S3823,89.07,93.85,87.71,4.6000000000000005,92.81,52.73,27.0,8.3,9,21,86.16,85.82199999999999,1,0,0,0,0,1,0,0,0,0,1,0,0,1
S3824,72.63,93.23,60.14,89.1,75.75,74.55,6.6,6.3,6,19,89.89,80.5455,0,0,0,1,0,0,0,0,1,0,0,0,0,1
S3825,80.51,58.94,79.19,34.900000000000006,59.01,54.57,27.6,8.3,2,20,47.99,60.282,0,0,0,0,1,0,0,1,0,0,0,0,1,0
S3826,73.64,95.0,87.87,34.2,84.21,57.99,6.7,7.3,1,19,87.51,82.93350000000001,1,1,1,0,1,0,0,0,0,1,0,0,1,0
S3827,61.33,57.58,62.79,64.3,96.03,69.15,12.2,7.4,4,22,65.98,72.6345,0,1,0,0,0,0,1,0,0,0,1,0,0,1
S3828,74.13,54.77,76.39,66.10000000000001,50.98,57.78,8.9,4.9,6,23,41.4,55.923,0,1,0,1,0,0,0,1,0,0,0,0,0,1
S3829,55.45,82.65,65.72,35.3,62.57,98.18,8.6,5.2,2,24,43.61,58.7255,1,1,0,0,1,0,0,0,0,0,1,1,0,0
S3830,66.42,69.3,61.28,14.3,63.27,97.34,9.3,7.4,6,24,80.67,66.3495,1,0,1,0,1,0,0,0,0,1,0,0,1,0
S3831,56.85,76.54,98.48,55.2,54.95,66.81,17.0,5.3,1,24,62.32,64.6815,1,0,0,0,1,0,0,0,0,1,0,1,0,0
S3832,47.37,82.63,95.63,62.5,61.27,81.99,24.6,6.5,6,20,92.09,73.5915,1,1,1,0,0,1,0,0,0,1,0,1,0,0
S3833,59.31,52.64,72.28,86.0,69.2,76.69,27.5,6.4,5,21,84.06,70.0955,1,1,1,0,0,1,0,0,1,0,0,0,1,0
S3834,91.12,64.65,56.84,48.4,96.99,90.78,19.2,5.2,2,21,41.3,70.8915,0,0,0,0,0,1,0,0,1,0,0,0,0,1
S3835,62.86,73.05,86.4,64.6,93.01,81.37,8.9,6.8,4,24,81.21,80.46199999999999,1,1,0,0,0,0,1,0,0,1,0,0,0,1
S3836,84.88,63.33,62.79,5.4,97.3,50.01,7.0,6.8,9,21,51.54,70.8555,0,1,0,0,0,0,1,0,1,0,0,1,0,0
S3837,50.51,52.45,58.43,89.5,56.03,88.16,17.4,4.6,2,23,65.35,58.9085,0,1,1,0,0,0,1,0,0,0,1,1,0,0
S3838,65.47,54.33,69.08,32.7,51.4,87.34,24.1,5.9,5,24,77.48,61.303,1,1,0,0,1,0,0,0,0,0,1,0,0,1
S3839,46.89,90.09,76.49,63.2,55.49,75.49,20.5,5.8,3,18,92.36,71.09299999999999,0,1,0,0,0,1,0,0,1,0,0,1,0,0
S3840,48.32,95.57,54.87,91.6,95.71,95.15,19.6,6.8,2,20,67.37,77.20599999999999,0,0,1,0,1,0,0,1,0,0,0,0,0,1
S3841,77.05,57.61,78.59,81.1,57.87,95.42,6.2,7.7,10,23,88.51,71.6015,1,0,1,0,1,0,0,0,0,0,1,0,1,0
S3842,76.45,62.46,50.77,63.8,78.63,76.2,15.3,4.1,8,20,86.98,74.4375,0,0,0,1,0,0,0,1,0,0,0,0,1,0
S3843,52.8,82.61,94.59,70.4,61.38,80.4,18.8,4.7,10,24,64.87,67.922,1,1,0,0,1,0,0,0,1,0,0,0,0,1
S3844,68.47,97.71,96.04,92.1,51.03,99.83,20.0,5.5,9,23,70.06,71.96,1,0,1,0,0,0,1,0,1,0,0,1,0,0
S3845,91.8,64.98,86.65,81.19999999999999,54.23,64.94,5.1,8.1,6,24,82.03,73.0185,1,1,1,0,0,1,0,1,0,0,0,0,1,0
S3846,50.45,92.76,73.33,61.0,85.49,66.23,10.0,6.4,5,23,41.87,67.97899999999998,0,1,0,0,0,1,0,0,0,1,0,0,0,1
S3847,41.15,75.3,62.74,65.9,59.12,59.14,28.7,6.6,7,24,93.45,68.13499999999999,0,0,1,0,1,0,0,1,0,0,0,0,0,1
S3848,79.12,97.83,87.21,14.7,61.46,94.79,17.7,6.0,3,18,86.19,75.98400000000001,0,1,1,0,0,0,1,0,0,0,1,1,0,0
S3849,43.21,56.81,96.59,47.0,68.86,87.22,22.6,6.1,6,20,54.96,61.41,0,0,1,0,0,0,1,1,0,0,0,1,0,0
S3850,98.8,98.68,57.93,30.1,82.86,55.28,12.7,8.9,7,23,98.87,86.4955,1,0,0,0,0,0,1,0,0,0,1,1,0,0
S3851,76.58,72.05,73.29,43.2,73.47,99.09,19.6,8.5,1,18,50.76,66.5145,0,1,0,0,0,1,0,0,0,0,1,0,1,0
S3852,68.22,97.65,65.76,66.2,97.23,86.55,13.9,7.6,4,19,94.85,87.648,1,0,0,0,0,0,1,0,0,0,1,0,1,0
S3853,65.8,72.93,67.84,14.9,71.71,92.53,12.4,5.6,7,24,59.47,64.719,0,0,0,0,0,0,1,0,0,1,0,0,1,0
S3854,74.38,76.5,70.29,1.7000000000000002,59.96,52.41,15.3,6.6,10,22,85.79,69.1815,0,1,0,0,1,0,0,0,0,1,0,0,0,1
S3855,45.44,90.24,97.59,39.7,76.81,75.25,16.5,7.4,6,23,67.38,71.984,0,1,0,1,0,0,0,0,1,0,0,0,0,1
S3856,95.8,86.13,62.93,32.2,72.54,84.93,13.3,6.0,10,21,84.19,78.002,0,1,1,0,0,0,1,0,1,0,0,0,0,1
S3857,77.54,80.98,74.63,42.0,89.36,77.15,11.4,6.6,2,18,49.35,72.4865,0,0,0,0,1,0,0,0,0,1,0,0,1,0
S3858,51.04,70.85,97.57,93.1,96.76,83.33,20.6,4.7,8,18,56.17,75.76599999999999,1,0,1,0,1,0,0,0,0,1,0,0,0,1
S3859,73.75,89.62,73.8,70.7,91.81,90.89,14.5,4.5,7,23,45.99,74.46100000000001,0,0,1,0,0,0,1,0,1,0,0,0,0,1
S3860,48.0,97.41,93.18,32.7,69.45,68.72,10.0,4.8,2,18,91.91,76.577,0,0,0,1,0,0,0,0,1,0,0,0,1,0
S3861,41.05,50.49,52.94,17.9,60.81,92.43,24.0,7.8,9,19,57.78,52.608,0,1,1,0,0,1,0,0,1,0,0,0,0,1
S3862,77.83,79.39,97.65,61.8,95.72,58.15,23.1,4.9,6,18,81.67,85.5715,0,1,1,1,0,0,0,1,0,0,0,0,1,0
S3863,78.91,93.3,59.38,65.8,69.3,63.54,27.2,8.6,2,22,89.21,78.15199999999999,1,0,1,0,0,0,1,0,0,0,1,0,0,1
S3864,75.02,82.66,99.0,48.4,88.51,52.17,18.9,5.8,5,22,94.09,86.0475,0,0,1,1,0,0,0,0,0,1,0,1,0,0
S3865,51.01,90.04,58.78,21.3,99.48,68.22,12.0,4.8,1,24,46.38,69.5395,1,1,0,0,1,0,0,0,0,0,1,0,1,0
S3866,76.21,94.75,72.22,2.9,78.87,69.0,26.6,8.1,2,24,93.58,80.06700000000001,0,0,1,0,1,0,0,0,1,0,0,0,0,1
S3867,43.39,87.55,65.43,26.6,73.99,90.26,12.0,6.3,9,21,51.84,62.67099999999999,1,1,0,1,0,0,0,0,1,0,0,0,0,1
S3868,76.55,85.85,71.66,45.7,84.99,82.66,21.4,5.9,10,19,84.21,80.36049999999999,1,1,1,0,0,1,0,0,1,0,0,1,0,0
S3869,73.24,98.24,62.53,78.8,59.7,71.84,9.8,5.6,1,22,83.73,74.7575,1,1,0,1,0,0,0,0,1,0,0,1,0,0
S3870,79.32,93.18,98.27,85.39999999999999,74.41,82.61,20.7,5.7,4,23,40.51,72.42249999999999,1,0,0,0,0,0,1,0,1,0,0,0,0,1
S3871,93.73,90.77,65.29,41.3,65.62,52.64,26.0,7.3,9,20,53.24,69.265,1,1,0,0,0,1,0,0,1,0,0,1,0,0
S3872,91.02,54.32,82.66,79.6,58.21,59.01,18.5,6.7,4,20,69.51,68.88749999999999,0,0,0,1,0,0,0,0,0,0,1,1,0,0
S3873,98.84,61.95,56.87,99.3,80.51,81.35,16.8,6.3,10,20,65.2,75.2235,1,1,1,1,0,0,0,0,1,0,0,1,0,0
S3874,98.57,77.84,91.22,71.7,78.79,82.07,29.8,6.2,1,24,95.11,86.583,0,0,1,0,0,1,0,1,0,0,0,1,0,0
S3875,86.34,85.48,77.13,72.9,88.06,88.71,5.6,4.7,5,23,61.58,78.944,1,1,1,1,0,0,0,0,0,1,0,0,0,1
S3876,97.39,65.16,98.97,91.0,93.65,70.15,13.3,8.1,6,18,96.22,90.9795,1,0,1,0,0,0,1,0,0,1,0,1,0,0
S3877,92.04,54.67,71.17,33.8,61.02,86.13,28.0,8.6,1,23,67.57,66.012,0,0,1,0,1,0,0,0,0,0,1,1,0,0
S3878,83.65,65.55,59.77,1.1,88.99,84.2,21.1,8.0,8,18,97.86,79.574,1,1,1,0,0,0,1,0,0,0,1,0,1,0
S3879,44.52,88.55,67.3,98.7,68.37,98.17,18.6,6.3,1,20,84.24,73.1965,1,1,0,1,0,0,0,0,0,0,1,1,0,0
S3880,42.94,93.87,86.85,49.0,81.44,60.76,20.9,8.9,6,21,89.76,78.52850000000001,1,1,0,0,1,0,0,0,1,0,0,0,0,1
S3881,90.26,95.65,82.96,78.60000000000001,92.51,77.58,13.0,7.1,9,21,46.29,79.438,1,1,1,0,0,1,0,0,1,0,0,0,1,0
S3882,69.38,68.94,88.92,81.19999999999999,62.81,80.09,6.8,7.9,3,18,75.17,71.33550000000001,0,1,1,0,0,0,1,0,1,0,0,1,0,0
S3883,88.88,68.63,53.67,39.8,80.05,99.93,11.9,7.7,5,20,48.56,67.1385,1,0,1,0,0,1,0,0,1,0,0,0,1,0
S3884,58.78,70.34,79.02,54.1,74.02,60.06,13.4,7.5,1,23,57.86,66.646,1,0,0,0,1,0,0,0,1,0,0,0,1,0
S3885,63.86,68.79,96.61,54.0,89.53,76.16,17.0,7.2,1,21,77.41,78.47,0,0,1,1,0,0,0,0,0,1,0,0,0,1
S3886,82.01,83.31,55.4,22.0,84.86,67.31,14.8,5.1,2,18,83.57,77.7885,0,0,1,0,1,0,0,0,0,1,0,0,0,1
S3887,94.92,67.92,54.72,11.8,88.48,76.29,18.0,5.5,6,23,42.35,67.6195,1,1,1,0,1,0,0,0,1,0,0,1,0,0
S3888,45.27,51.02,85.83,54.400000000000006,64.4,61.61,9.9,8.4,7,20,71.86,63.0315,1,1,1,0,0,1,0,0,1,0,0,0,1,0
S3889,91.69,71.95,65.76,12.0,85.22,52.38,9.6,4.9,5,19,73.92,75.768,0,1,1,0,0,0,1,0,1,0,0,0,1,0
S3890,87.58,61.21,82.93,34.6,80.29,78.63,13.8,4.8,1,20,44.73,67.61099999999999,1,1,1,0,1,0,0,1,0,0,0,0,1,0
S3891,58.93,51.44,77.27,18.6,72.83,66.79,16.8,5.4,1,24,70.04,64.5715,0,1,1,1,0,0,0,1,0,0,0,0,0,1
S3892,61.31,73.54,99.3,70.7,68.92,59.1,13.5,5.8,1,20,82.83,75.07600000000001,1,0,0,0,1,0,0,0,0,1,0,0,0,1
S3893,42.79,60.3,94.45,87.2,66.58,66.2,19.4,6.8,3,23,43.19,60.040000000000006,0,1,1,0,0,1,0,0,0,0,1,0,0,1
S3894,40.94,72.64,83.9,57.8,50.48,52.46,12.8,7.0,4,23,85.62,64.866,0,0,0,0,0,0,1,0,0,1,0,0,0,1
S3895,68.62,63.89,63.08,41.0,58.48,97.52,9.4,8.0,8,22,74.59,64.42599999999999,0,0,1,1,0,0,0,0,1,0,0,1,0,0
S3896,45.73,80.19,63.1,99.7,52.95,79.06,26.6,4.4,9,22,89.99,68.5655,1,1,1,0,0,1,0,0,1,0,0,1,0,0
S3897,51.64,99.54,94.11,2.1,92.42,90.74,10.0,5.0,5,23,53.08,73.189,1,1,0,0,1,0,0,1,0,0,0,0,1,0
S3898,90.81,77.36,79.27,30.4,93.0,71.16,29.2,6.5,4,23,90.0,85.07249999999999,1,0,0,0,1,0,0,0,0,1,0,1,0,0
S3899,74.26,82.34,89.46,27.9,92.31,95.17,29.7,5.3,10,19,45.67,72.9415,1,0,1,0,0,0,1,0,1,0,0,0,1,0
S3900,78.02,95.96,72.49,35.6,90.9,74.17,22.4,8.4,9,19,64.23,78.4535,0,0,0,0,0,1,0,0,0,0,1,0,1,0
S3901,51.25,68.7,55.15,23.1,61.07,78.7,17.6,7.2,6,20,51.97,55.976,0,1,0,0,0,1,0,0,0,1,0,0,0,1
S3902,89.72,58.33,66.63,26.4,74.59,74.59,24.9,6.5,3,24,92.56,75.7075,0,1,1,0,0,0,1,0,1,0,0,0,0,1
S3903,92.08,64.14,58.06,25.8,95.39,86.66,26.8,4.0,7,21,82.3,79.721,1,1,0,1,0,0,0,0,1,0,0,1,0,0
S3904,71.4,70.14,89.09,50.6,87.99,78.33,22.7,8.3,9,24,41.52,69.447,1,0,0,0,0,1,0,1,0,0,0,1,0,0
S3905,94.75,82.25,85.03,39.1,50.09,63.58,7.6,6.3,10,19,40.57,62.1775,1,0,1,0,0,0,1,0,1,0,0,1,0,0
S3906,90.69,50.23,54.42,63.9,72.97,57.28,5.1,6.7,2,20,57.47,66.0335,0,0,1,0,0,1,0,0,0,0,1,0,1,0
S3907,83.88,92.67,81.07,51.4,50.53,80.31,9.8,7.5,9,24,48.6,64.4685,1,1,1,0,0,0,1,0,0,0,1,0,1,0
S3908,84.04,53.8,93.71,18.3,64.03,74.46,9.7,8.7,2,18,77.82,69.626,1,0,0,0,1,0,0,0,1,0,0,0,0,1
S3909,46.32,95.03,84.87,81.0,71.79,54.8,9.6,4.8,5,22,79.83,75.234,0,1,1,0,1,0,0,1,0,0,0,1,0,0
S3910,56.25,97.47,75.56,47.2,94.64,69.78,17.7,4.4,1,24,96.52,85.496,0,1,1,0,0,1,0,0,1,0,0,0,0,1
S3911,44.01,99.51,65.59,15.3,82.72,75.74,18.0,4.6,2,21,97.12,77.94800000000001,1,1,0,0,0,1,0,0,0,0,1,1,0,0
S3912,40.52,90.48,94.35,16.7,68.12,91.34,23.1,7.7,7,20,79.53,70.2385,0,1,1,0,1,0,0,0,1,0,0,1,0,0
S3913,49.5,57.09,71.14,79.7,74.53,53.81,10.0,4.6,4,24,40.34,59.5315,1,1,0,1,0,0,0,1,0,0,0,0,0,1
S3914,92.83,85.31,92.77,70.3,90.87,67.42,7.3,6.5,7,23,61.54,82.159,0,0,0,0,0,0,1,0,1,0,0,0,1,0
S3915,54.39,60.17,89.15,50.7,64.98,91.13,21.7,7.5,4,18,70.79,65.8255,0,1,0,1,0,0,0,0,1,0,0,1,0,0
S3916,98.21,94.86,90.81,30.6,80.75,82.42,17.1,7.6,1,22,69.95,81.284,0,1,0,1,0,0,0,1,0,0,0,0,0,1
S3917,75.84,65.83,99.49,46.1,63.11,64.5,21.7,6.0,6,18,76.2,71.4875,1,0,0,1,0,0,0,0,0,1,0,1,0,0
S3918,54.24,66.34,87.44,63.6,74.0,92.27,14.5,7.5,9,20,97.63,76.6185,1,0,0,0,1,0,0,0,1,0,0,0,1,0
S3919,69.83,95.88,51.7,87.89999999999999,51.23,74.66,23.8,8.8,6,19,93.11,73.068,1,0,0,0,0,1,0,0,0,0,1,0,0,1
S3920,53.15,50.66,60.27,55.6,92.61,74.92,22.1,4.1,7,22,46.53,63.794,0,1,1,1,0,0,0,0,1,0,0,0,1,0
S3921,99.04,59.7,51.76,27.7,52.42,98.83,21.3,7.4,7,18,55.96,60.088,0,1,0,0,1,0,0,0,1,0,0,1,0,0
S3922,90.84,71.1,59.5,4.3,61.22,97.36,5.7,6.6,1,19,89.99,71.3195,0,1,1,0,0,0,1,0,1,0,0,0,1,0
S3923,41.57,85.04,53.07,17.5,66.68,67.93,26.5,5.1,2,21,89.46,67.5425,0,0,0,0,0,1,0,0,1,0,0,1,0,0
S3924,96.87,82.38,75.08,65.0,81.26,57.03,14.4,5.5,1,20,56.52,76.15350000000001,1,1,1,0,0,0,1,1,0,0,0,1,0,0
S3925,83.26,83.47,51.41,16.0,86.0,66.28,8.4,8.2,1,20,83.84,77.7105,1,0,0,1,0,0,0,0,0,1,0,1,0,0
S3926,44.94,94.0,73.63,48.2,54.02,51.52,23.9,6.9,8,22,80.32,66.9,1,0,1,0,0,1,0,0,1,0,0,0,0,1
S3927,80.24,56.05,94.94,69.9,52.17,51.04,17.2,4.1,4,18,68.41,66.18599999999999,0,1,1,1,0,0,0,1,0,0,0,0,1,0
S3928,78.82,76.11,87.43,30.8,89.95,69.78,5.8,8.8,10,21,52.09,73.53,0,0,0,0,0,1,0,1,0,0,0,0,1,0
S3929,53.13,86.27,97.2,66.9,85.61,97.05,24.5,7.3,8,23,93.32,82.988,1,0,1,1,0,0,0,0,0,1,0,0,0,1
S3930,85.51,81.81,61.33,58.1,91.58,93.57,15.9,6.2,5,22,80.67,81.7775,0,1,0,0,0,0,1,0,0,0,1,0,0,1
S3931,45.22,72.42,76.55,43.9,83.83,75.57,23.9,7.6,1,23,50.14,65.17999999999999,1,1,0,0,0,0,1,0,0,0,1,0,1,0
S3932,69.37,50.86,65.93,89.7,87.55,78.26,23.9,5.0,9,22,82.29,75.95,0,1,0,1,0,0,0,0,1,0,0,1,0,0
S3933,40.6,53.02,74.69,69.2,68.95,50.3,7.5,5.3,3,18,84.49,66.7795,0,1,1,0,0,1,0,0,0,0,1,0,1,0
S3934,98.12,55.95,77.85,36.1,79.51,60.78,20.3,4.8,7,21,93.21,79.856,1,1,1,0,0,0,1,0,1,0,0,1,0,0
S3935,85.09,67.16,51.81,80.39999999999999,90.27,51.24,14.0,6.0,7,18,53.37,72.462,1,1,0,0,0,1,0,0,1,0,0,1,0,0
S3936,49.53,55.88,61.66,73.8,58.61,87.73,18.7,8.5,10,20,99.33,68.083,0,1,1,0,0,1,0,0,1,0,0,0,1,0
S3937,60.5,71.3,85.24,79.2,71.14,57.28,7.2,5.9,10,23,49.2,65.896,1,0,0,0,0,0,1,0,1,0,0,0,0,1
S3938,49.63,58.93,88.65,64.1,87.02,93.45,19.7,5.4,4,19,76.04,73.47,1,0,1,0,1,0,0,0,0,1,0,0,0,1
S3939,86.0,88.96,78.47,37.9,76.63,82.17,24.4,7.5,8,24,79.43,78.83250000000001,0,0,0,0,1,0,0,0,0,1,0,1,0,0
S3940,43.53,93.57,63.54,34.900000000000006,84.08,61.47,29.7,8.3,8,20,65.14,70.17299999999999,0,1,0,0,0,1,0,0,0,0,1,0,1,0
S3941,90.42,69.48,70.25,65.4,64.64,57.89,13.0,5.2,2,20,68.5,70.797,0,1,0,0,0,0,1,0,1,0,0,0,1,0
S3942,96.53,75.57,54.8,13.1,51.62,81.38,8.9,8.0,8,23,93.45,70.7985,1,0,1,0,1,0,0,0,1,0,0,0,0,1
S3943,80.6,97.67,97.66,82.0,51.46,95.04,14.1,5.5,5,22,78.72,75.72449999999999,0,1,1,1,0,0,0,0,0,1,0,0,1,0
S3944,52.78,76.78,93.43,37.0,97.14,85.92,5.5,5.2,2,20,69.82,77.224,0,0,1,0,0,1,0,1,0,0,0,0,0,1
S3945,61.61,99.75,53.28,63.0,97.23,67.43,15.2,6.4,6,24,47.7,73.776,0,1,0,0,1,0,0,0,0,1,0,1,0,0
S3946,68.63,57.11,58.32,49.900000000000006,60.56,79.37,27.9,4.3,8,21,40.44,55.466,0,1,1,0,0,0,1,0,0,1,0,0,1,0
S3947,76.28,93.11,79.05,51.900000000000006,57.37,65.54,9.9,8.3,4,20,47.5,64.9945,0,1,1,0,0,0,1,1,0,0,0,0,1,0
S3948,80.12,74.86,61.62,73.8,50.91,99.96,16.9,8.4,10,21,97.37,72.7145,1,1,1,0,0,1,0,0,0,0,1,0,0,1
S3949,73.25,51.14,96.72,62.7,61.56,87.44,19.3,7.4,9,18,85.85,71.39599999999999,0,1,1,0,0,0,1,0,1,0,0,1,0,0
S3950,61.08,98.61,87.78,25.0,66.72,80.72,9.5,5.5,8,22,98.03,78.505,0,0,1,1,0,0,0,0,0,0,1,1,0,0
S3951,93.46,98.25,63.66,7.4,62.06,71.16,13.3,4.8,7,21,42.14,64.6455,1,0,0,1,0,0,0,1,0,0,0,0,0,1
S3952,44.88,69.16,50.31,84.0,89.87,80.91,27.8,7.5,7,20,80.81,73.5005,0,0,1,0,1,0,0,1,0,0,0,1,0,0
S3953,67.98,97.71,89.97,88.5,87.47,67.08,12.4,4.5,8,22,42.66,75.1815,0,0,1,0,0,0,1,0,0,0,1,0,1,0
S3954,86.53,57.05,71.2,16.4,54.05,51.44,20.9,6.1,7,24,86.92,67.422,1,0,0,1,0,0,0,0,1,0,0,0,1,0
S3955,43.65,84.01,82.12,30.9,84.87,69.75,8.4,4.4,1,22,62.86,70.08200000000001,0,0,0,0,0,1,0,0,0,0,1,0,0,1
S3956,82.32,59.6,64.35,28.2,76.03,96.52,21.7,6.1,5,21,45.75,63.37949999999999,1,1,0,0,0,0,1,0,1,0,0,1,0,0
S3957,89.18,62.33,57.14,93.7,56.61,81.32,12.0,4.7,2,21,74.08,68.6285,0,1,1,0,1,0,0,0,1,0,0,1,0,0
S3958,79.65,88.97,83.77,20.5,86.98,54.2,10.8,4.2,5,19,56.81,74.9915,1,1,0,0,0,1,0,0,1,0,0,0,1,0
S3959,40.78,68.87,72.52,16.7,54.3,94.25,8.1,6.2,5,19,79.57,60.717000000000006,1,1,1,0,0,1,0,0,1,0,0,0,0,1
S3960,50.81,50.36,61.76,18.2,58.86,63.44,6.2,6.8,6,22,79.49,59.792,0,0,0,0,0,1,0,0,1,0,0,0,0,1
S3961,60.53,70.71,56.88,73.0,57.46,62.19,29.2,6.2,6,23,82.3,66.83699999999999,1,1,1,1,0,0,0,1,0,0,0,0,1,0
S3962,54.02,61.4,79.02,88.80000000000001,96.95,64.85,15.3,4.9,6,23,99.55,83.6275,1,1,0,0,0,1,0,0,0,1,0,0,1,0
S3963,97.76,84.17,86.28,39.3,84.91,78.86,24.4,4.4,7,19,63.2,79.1555,0,1,1,1,0,0,0,0,1,0,0,1,0,0
S3964,79.1,59.72,64.19,13.6,70.56,77.23,28.0,4.6,2,20,67.92,66.07,0,0,0,0,0,1,0,0,0,1,0,0,0,1
S3965,57.82,92.11,86.76,58.6,91.11,74.57,10.1,7.6,4,18,88.28,83.4985,1,0,0,1,0,0,0,0,1,0,0,0,1,0
S3966,95.78,63.35,59.16,21.0,60.8,85.88,26.7,4.1,5,22,74.7,67.75049999999999,0,1,1,0,0,0,1,0,1,0,0,0,0,1
S3967,84.44,69.65,66.92,6.4,96.55,65.83,22.7,8.3,10,18,42.24,69.6505,1,0,1,1,0,0,0,0,0,1,0,0,0,1
S3968,57.08,64.9,87.24,88.6,84.85,89.1,19.4,8.2,7,19,90.58,79.55099999999999,1,0,1,1,0,0,0,0,0,0,1,1,0,0
S3969,62.73,82.2,83.01,87.10000000000001,77.98,58.77,25.2,8.4,2,21,43.09,68.56200000000001,0,0,0,0,0,0,1,1,0,0,0,0,1,0
S3970,51.97,55.06,63.53,97.6,89.73,89.13,7.8,8.4,8,24,50.25,66.769,0,1,1,0,0,1,0,1,0,0,0,1,0,0
S3971,98.26,73.9,56.11,47.400000000000006,82.24,83.19,11.6,7.3,2,22,46.12,70.007,1,0,0,0,0,0,1,0,0,0,1,0,1,0
S3972,71.04,66.72,52.12,29.4,94.36,84.16,8.3,8.2,5,19,44.68,66.824,0,1,1,0,0,1,0,0,0,1,0,0,1,0
S3973,93.76,94.21,91.9,77.0,91.46,74.08,27.4,7.7,9,20,41.54,79.0585,0,0,1,1,0,0,0,0,0,1,0,0,0,1
S3974,60.79,53.67,53.76,18.0,59.89,83.35,7.5,5.5,2,24,43.3,52.237,1,0,0,0,0,1,0,0,1,0,0,0,1,0
S3975,91.65,91.48,55.74,24.3,61.98,53.99,29.5,7.8,2,22,66.55,69.49,1,0,1,1,0,0,0,0,1,0,0,0,0,1
S3976,43.23,58.38,61.89,25.6,53.25,92.58,7.7,7.1,2,22,55.17,52.478,1,1,0,0,0,1,0,0,1,0,0,0,1,0
S3977,98.93,54.43,72.28,95.2,61.01,52.78,21.5,4.1,7,23,47.59,65.1925,1,0,1,1,0,0,0,0,0,1,0,0,1,0
S3978,94.72,60.12,89.49,73.0,67.17,57.44,21.5,7.9,5,21,79.52,75.856,1,1,1,1,0,0,0,0,1,0,0,0,0,1
S3979,61.79,55.13,62.37,13.4,51.44,78.84,28.3,8.4,9,22,53.57,53.26950000000001,1,1,1,0,1,0,0,0,1,0,0,1,0,0
S3980,86.48,76.05,77.18,9.3,65.75,86.97,13.1,6.6,4,21,41.14,62.572500000000005,0,0,0,0,0,1,0,1,0,0,0,0,0,1
S3981,85.14,99.41,54.52,84.3,88.58,53.81,13.3,6.4,1,19,65.11,80.201,1,1,1,0,0,1,0,1,0,0,0,0,1,0
S3982,94.08,51.72,73.23,80.19999999999999,92.02,96.04,26.2,6.1,8,20,58.63,75.4665,0,1,1,0,1,0,0,0,0,1,0,1,0,0
S3983,58.44,73.06,58.88,67.1,50.44,98.68,29.5,7.6,6,24,59.12,58.87999999999999,0,1,0,1,0,0,0,1,0,0,0,0,1,0
S3984,67.93,69.3,60.56,19.6,50.36,80.3,5.8,5.1,9,24,66.72,59.40849999999999,1,1,1,1,0,0,0,0,1,0,0,1,0,0
S3985,91.9,66.98,68.34,48.0,57.32,74.06,20.9,7.9,3,20,80.13,70.2945,0,0,1,0,1,0,0,0,0,0,1,1,0,0
S3986,86.71,66.59,88.07,60.3,93.63,87.07,11.1,5.5,10,22,76.99,82.15350000000001,1,1,0,0,1,0,0,0,1,0,0,0,1,0
S3987,63.61,94.75,87.2,93.2,73.46,66.42,23.2,5.3,7,22,96.24,83.232,0,0,0,0,0,0,1,0,0,1,0,0,1,0
S3988,90.74,50.95,70.75,16.9,99.15,74.66,24.3,8.0,1,19,71.06,76.6835,1,1,1,1,0,0,0,1,0,0,0,1,0,0
S3989,42.82,88.75,55.93,51.5,94.37,95.81,24.1,4.9,2,23,68.35,73.30199999999999,1,1,0,0,0,0,1,1,0,0,0,1,0,0
S3990,86.92,62.65,64.03,15.8,94.51,97.78,15.9,8.3,5,23,52.8,71.1815,1,0,0,0,0,1,0,0,1,0,0,0,1,0
S3991,52.41,69.16,75.27,44.400000000000006,56.42,96.35,8.9,8.9,10,23,85.32,66.2385,1,1,0,0,0,0,1,1,0,0,0,0,1,0
S3992,57.17,71.01,93.47,20.0,73.76,63.12,19.6,5.6,2,21,48.45,63.8145,0,0,1,0,1,0,0,0,1,0,0,0,0,1
S3993,69.59,65.24,98.41,83.6,99.68,61.62,24.7,8.6,8,23,69.47,81.517,0,1,1,0,1,0,0,0,0,1,0,0,1,0
S3994,66.98,54.68,81.87,25.5,57.45,64.88,27.8,6.8,5,20,65.28,61.266,0,0,0,0,1,0,0,1,0,0,0,0,0,1
S3995,71.23,55.72,67.53,41.7,78.71,72.07,16.3,5.3,9,24,79.5,71.3685,0,0,1,0,1,0,0,0,0,0,1,0,1,0
S3996,72.69,64.91,84.67,40.8,67.21,65.71,11.1,6.3,3,24,95.06,75.07499999999999,0,1,0,0,0,0,1,0,0,0,1,0,0,1
S3997,59.89,91.09,66.81,86.6,69.39,68.71,8.0,8.0,6,21,96.8,78.67499999999998,1,1,0,0,0,0,1,0,0,1,0,0,1,0
S3998,50.51,56.73,81.27,75.8,94.54,81.03,24.9,7.3,4,19,50.07,68.8825,1,0,0,0,0,0,1,0,0,0,1,1,0,0
S3999,86.11,87.13,62.19,5.8,79.4,88.13,18.4,6.5,7,20,55.71,70.2425,1,1,1,0,1,0,0,0,0,0,1,0,0,1
S4000,64.0,64.44,63.35,6.7,87.94,86.78,21.9,5.3,7,24,88.7,74.493,1,0,0,0,1,0,0,1,0,0,0,0,1,0
S4001,70.35,94.17,53.76,55.1,83.66,90.72,9.0,7.6,5,20,71.1,75.68199999999999,1,1,0,1,0,0,0,0,0,0,1,0,0,1
S4002,78.68,71.42,71.01,42.8,76.45,51.61,5.2,5.6,10,24,67.18,71.486,0,1,0,1,0,0,0,1,0,0,0,0,0,1
S4003,94.58,58.59,80.91,27.6,89.59,52.39,29.2,5.7,5,18,82.64,79.9835,1,1,0,0,1,0,0,0,1,0,0,0,0,1
S4004,82.45,99.29,89.44,79.3,98.54,89.47,25.3,7.7,4,19,76.12,88.762,1,0,0,1,0,0,0,0,1,0,0,0,0,1
S4005,42.73,58.83,90.52,12.9,98.34,76.65,15.0,6.8,9,19,98.24,78.993,0,0,0,0,0,1,0,1,0,0,0,0,1,0
S4006,90.31,78.38,99.62,97.4,89.47,78.91,16.4,4.9,7,18,75.04,85.73649999999999,0,1,0,0,0,1,0,0,1,0,0,0,0,1
S4007,99.36,78.46,54.39,2.4,74.37,52.63,28.2,7.4,6,21,67.96,71.53299999999999,1,1,1,0,1,0,0,1,0,0,0,0,1,0
S4008,68.35,68.64,74.66,11.8,58.16,62.77,10.2,5.3,3,24,72.57,64.195,1,1,1,0,0,0,1,1,0,0,0,0,0,1
S4009,98.18,97.57,76.07,31.1,52.22,81.92,25.1,7.8,5,24,88.51,76.318,0,0,0,0,0,1,0,0,0,1,0,1,0,0
S4010,72.84,92.19,90.23,50.9,61.57,92.96,5.4,6.4,4,24,76.76,73.9835,1,0,0,0,0,1,0,1,0,0,0,0,1,0
S4011,67.58,91.49,63.32,21.6,67.01,95.85,26.9,7.0,5,23,78.82,71.0805,1,0,0,0,0,0,1,0,0,0,1,0,1,0
S4012,59.88,98.71,53.47,73.60000000000001,56.49,75.02,19.7,7.0,2,23,98.29,74.33500000000001,1,0,0,1,0,0,0,0,0,0,1,0,1,0
S4013,79.45,72.86,65.69,35.8,61.24,77.27,16.9,4.7,5,23,77.1,68.85249999999999,0,0,1,0,0,0,1,1,0,0,0,0,1,0
S4014,53.79,54.86,99.2,3.9,54.18,91.65,22.7,7.3,7,23,62.82,58.3715,1,0,0,1,0,0,0,0,1,0,0,0,0,1
S4015,46.3,88.27,94.97,87.8,76.18,76.88,6.7,8.3,10,23,81.48,77.29650000000001,1,1,1,1,0,0,0,0,0,0,1,1,0,0
S4016,41.63,69.04,69.76,94.4,56.32,75.84,9.9,8.5,10,18,79.57,65.08500000000001,0,0,1,0,0,0,1,0,1,0,0,1,0,0
S4017,57.54,59.52,93.81,61.900000000000006,87.14,95.25,15.2,7.4,3,19,40.83,66.3845,0,0,0,1,0,0,0,0,1,0,0,1,0,0
S4018,63.75,74.16,51.64,80.7,66.63,89.5,20.4,8.8,4,21,68.04,66.8845,0,0,0,0,0,1,0,0,1,0,0,1,0,0
S4019,73.12,96.29,65.71,12.1,83.6,95.45,8.6,7.0,1,20,84.57,78.81,1,1,0,0,1,0,0,1,0,0,0,0,1,0
S4020,57.56,58.57,86.34,26.9,94.13,60.91,14.5,5.3,9,23,69.94,73.1225,0,1,1,1,0,0,0,1,0,0,0,1,0,0
S4021,99.04,92.43,61.07,32.5,54.3,76.22,11.5,7.3,3,18,86.78,74.4375,1,1,1,0,0,1,0,1,0,0,0,1,0,0
S4022,57.5,70.91,59.92,96.1,99.45,92.12,21.1,8.5,10,24,67.05,76.656,0,1,1,0,0,0,1,0,0,0,1,1,0,0
S4023,66.46,56.84,93.09,51.2,82.26,55.56,28.0,5.8,6,21,99.0,79.792,1,1,1,1,0,0,0,0,1,0,0,0,1,0
S4024,46.2,92.42,80.8,0.7000000000000001,52.67,89.73,9.1,5.3,1,21,57.57,59.1015,0,1,0,0,0,1,0,0,1,0,0,0,1,0
S4025,55.64,98.48,99.45,38.0,65.7,59.15,9.7,8.8,5,21,45.53,66.0555,1,1,0,1,0,0,0,0,0,1,0,0,0,1
S4026,42.9,64.56,56.73,0.8,94.31,90.41,20.0,7.8,10,18,65.8,66.57499999999999,1,1,0,0,0,0,1,0,1,0,0,0,0,1
S4027,73.57,65.18,67.81,23.8,79.81,80.6,16.3,4.2,5,20,72.5,70.8515,0,0,0,0,1,0,0,0,1,0,0,1,0,0
S4028,85.06,69.53,65.56,45.5,64.36,59.66,23.0,6.8,5,23,60.95,66.565,0,1,1,1,0,0,0,0,0,1,0,0,1,0
S4029,51.74,90.71,94.01,32.3,97.02,73.67,12.2,5.2,1,21,54.54,75.1245,1,0,0,0,1,0,0,0,1,0,0,0,1,0
S4030,62.07,50.52,62.76,3.3000000000000003,89.36,84.1,18.6,5.4,7,18,80.32,70.2175,0,1,1,1,0,0,0,0,1,0,0,0,0,1
S4031,41.0,61.2,67.67,11.6,86.78,81.69,14.7,4.4,5,24,62.63,64.3685,1,0,0,1,0,0,0,1,0,0,0,1,0,0
S4032,90.37,85.29,57.14,55.1,94.42,71.36,12.0,5.2,1,19,77.88,82.614,0,0,0,0,0,0,1,0,1,0,0,0,1,0
S4033,86.8,70.28,88.77,69.6,88.49,94.97,23.2,6.5,8,24,86.74,84.151,0,0,1,1,0,0,0,0,1,0,0,0,0,1
S4034,43.8,66.51,61.89,40.5,64.34,75.96,24.9,4.4,6,18,85.66,65.47749999999999,1,0,1,0,0,1,0,1,0,0,0,0,0,1
S4035,61.89,93.61,53.42,73.1,79.19,75.29,13.2,8.4,7,18,62.52,71.709,0,1,1,0,0,1,0,0,1,0,0,1,0,0
S4036,97.32,95.87,71.76,16.299999999999997,92.11,53.11,20.6,7.9,4,18,74.07,83.11999999999999,0,1,0,0,1,0,0,1,0,0,0,1,0,0
S4037,63.52,97.4,69.57,12.2,59.04,96.11,9.5,5.9,1,21,66.98,66.162,1,0,1,0,1,0,0,0,0,1,0,0,1,0
S4038,71.57,63.63,58.88,83.9,58.15,58.86,24.8,4.7,8,18,92.25,70.87049999999999,1,0,0,0,0,1,0,0,1,0,0,0,1,0
S4039,61.31,95.63,56.68,33.9,57.95,76.42,12.0,9.0,1,19,92.73,71.4715,0,1,0,0,1,0,0,0,0,1,0,0,0,1
S4040,75.77,86.85,94.83,43.2,59.71,90.18,9.3,6.8,9,21,60.62,69.10399999999998,1,0,0,0,1,0,0,0,1,0,0,0,1,0
S4041,98.69,57.71,53.39,94.8,55.16,60.77,28.5,6.1,6,24,45.5,61.462,0,0,0,0,0,1,0,0,0,0,1,1,0,0
S4042,99.85,80.51,54.97,42.400000000000006,91.88,76.37,15.6,5.0,5,19,50.05,74.74749999999999,0,1,1,0,0,1,0,0,0,1,0,0,1,0
S4043,86.48,51.32,62.25,0.3,90.92,62.03,21.1,5.0,2,22,62.02,69.691,1,1,1,0,0,1,0,0,0,0,1,0,1,0
S4044,64.26,85.42,97.64,93.8,57.57,87.98,25.2,8.0,8,24,73.85,72.6395,1,1,1,0,0,0,1,1,0,0,0,0,1,0
S4045,69.67,86.68,54.27,1.4,85.28,78.22,22.2,6.6,9,18,79.41,74.386,1,0,0,0,0,0,1,0,0,1,0,1,0,0
S4046,61.4,89.47,90.8,66.2,81.35,92.8,19.1,8.9,3,23,59.88,74.3955,1,0,0,0,0,1,0,0,1,0,0,0,1,0
S4047,99.13,58.63,94.6,32.3,63.81,94.73,14.3,8.8,10,23,80.05,73.8945,1,0,1,1,0,0,0,0,1,0,0,0,1,0
S4048,82.47,81.41,68.89,47.0,61.37,82.44,28.0,5.0,8,21,96.26,76.29700000000001,1,1,0,0,0,1,0,0,1,0,0,1,0,0
S4049,66.94,58.94,64.69,54.7,62.53,86.27,8.3,9.0,10,23,79.12,66.625,0,1,0,0,0,0,1,0,1,0,0,1,0,0
S4050,40.73,97.33,83.87,40.8,86.53,77.46,27.1,8.9,5,24,49.51,69.4725,0,0,1,0,1,0,0,1,0,0,0,0,1,0
S4051,71.23,83.75,85.13,77.4,65.97,69.22,22.7,8.0,10,21,74.78,74.116,1,1,0,1,0,0,0,1,0,0,0,0,1,0
S4052,99.04,54.77,89.0,93.1,63.9,82.41,19.3,6.0,4,24,72.51,73.92399999999999,0,1,1,1,0,0,0,0,1,0,0,1,0,0
S4053,71.38,59.35,91.53,8.6,51.12,95.41,13.1,5.1,10,18,92.24,67.5885,0,1,0,0,1,0,0,0,1,0,0,0,0,1
S4054,50.95,83.17,63.42,80.0,95.41,70.83,8.7,4.5,9,20,61.02,74.338,0,0,1,1,0,0,0,0,1,0,0,0,0,1
S4055,41.33,73.83,84.35,12.9,87.64,65.72,16.1,4.3,7,20,65.38,68.991,0,0,1,0,1,0,0,0,1,0,0,1,0,0
S4056,61.28,86.81,56.75,8.0,73.64,69.42,24.6,8.1,4,19,75.92,69.3605,1,1,1,0,0,0,1,1,0,0,0,0,0,1
S4057,95.09,64.04,75.54,95.6,97.15,71.77,23.6,8.7,5,18,71.47,83.21600000000001,0,0,0,1,0,0,0,0,0,1,0,0,0,1
S4058,99.79,82.9,80.64,48.9,64.68,53.68,21.1,7.9,5,23,83.14,78.1015,0,1,1,1,0,0,0,1,0,0,0,1,0,0
S4059,96.72,58.85,58.09,15.3,83.74,74.92,29.8,7.8,2,18,42.42,65.6365,1,1,0,0,1,0,0,0,1,0,0,0,0,1
S4060,83.77,77.19,53.83,57.0,65.26,74.72,29.3,6.1,5,22,73.81,70.4075,1,0,0,0,1,0,0,0,0,1,0,1,0,0
S4061,73.49,97.89,59.74,26.3,65.73,79.42,15.0,7.2,3,20,47.3,64.53999999999999,1,1,1,0,0,0,1,0,0,1,0,0,0,1
S4062,75.44,81.41,71.03,46.4,92.24,68.14,9.8,7.4,5,23,58.91,75.35,1,0,1,0,1,0,0,0,0,1,0,0,1,0
S4063,72.34,52.5,94.39,62.5,89.35,80.66,16.6,5.3,1,24,79.7,78.02,0,0,0,0,1,0,0,1,0,0,0,0,1,0
S4064,82.42,99.44,76.6,86.89999999999999,64.71,93.91,26.1,7.7,8,24,49.44,71.05699999999999,1,0,1,0,0,0,1,0,1,0,0,1,0,0
S4065,65.13,57.84,87.42,0.3,54.07,97.77,16.5,4.7,9,20,58.53,58.05600000000001,0,0,1,0,0,1,0,0,1,0,0,1,0,0
S4066,80.15,85.9,58.71,21.4,67.88,79.18,13.4,5.5,9,18,82.18,72.7575,0,0,1,0,0,1,0,0,0,0,1,0,0,1
S4067,47.3,76.63,55.3,9.6,88.0,52.13,23.5,6.9,8,23,79.05,70.762,1,0,0,0,1,0,0,0,1,0,0,1,0,0
S4068,55.94,64.72,61.98,9.7,55.03,98.46,21.3,6.7,2,19,45.46,52.656,1,1,0,0,0,0,1,1,0,0,0,0,0,1
S4069,90.16,58.87,65.69,94.6,83.61,85.29,29.2,7.5,2,24,74.64,77.3965,1,0,1,0,0,1,0,0,0,0,1,1,0,0
S4070,94.22,58.89,77.41,93.6,94.49,66.8,18.7,6.9,10,18,48.84,75.94449999999999,1,0,0,0,0,0,1,0,0,0,1,1,0,0
S4071,72.34,92.92,94.06,74.9,58.96,57.36,29.2,4.2,5,19,55.14,69.413,1,0,1,0,1,0,0,0,0,0,1,1,0,0
S4072,41.9,93.65,71.3,64.3,93.11,57.17,12.3,8.9,6,23,67.55,75.49799999999999,1,1,1,0,1,0,0,1,0,0,0,0,1,0
S4073,95.62,73.26,75.94,84.80000000000001,52.57,58.39,26.6,7.8,5,20,46.56,64.577,0,1,1,0,0,0,1,0,1,0,0,0,1,0
S4074,82.12,55.18,50.23,5.8,83.34,52.28,13.8,8.4,1,22,99.62,75.815,0,1,1,1,0,0,0,0,0,1,0,0,0,1
S4075,64.84,94.21,51.67,11.9,89.55,95.11,25.2,8.0,1,21,49.92,68.9645,0,1,0,0,1,0,0,0,1,0,0,1,0,0
S4076,75.9,74.35,54.19,31.7,72.24,77.04,28.1,5.1,8,20,86.88,72.93349999999998,0,1,1,0,1,0,0,0,1,0,0,1,0,0
S4077,65.79,71.94,84.95,83.2,60.19,85.0,20.6,8.7,5,19,89.79,73.819,1,1,0,0,1,0,0,0,1,0,0,0,1,0
S4078,67.92,70.37,74.31,47.2,96.24,91.41,23.2,8.9,8,18,99.67,84.324,1,1,1,0,1,0,0,0,0,0,1,0,1,0
S4079,93.21,68.25,59.65,50.4,51.0,89.58,29.0,4.4,3,24,65.72,64.434,0,0,0,0,0,0,1,0,0,0,1,0,1,0
S4080,49.67,76.3,79.63,22.9,77.75,94.13,14.4,4.8,5,23,92.45,74.441,0,1,1,0,0,0,1,0,0,1,0,0,0,1
S4081,46.22,80.23,77.23,64.80000000000001,68.64,98.36,17.8,9.0,2,20,97.45,74.88499999999999,0,1,0,0,0,0,1,0,1,0,0,1,0,0
S4082,40.16,73.32,54.44,88.80000000000001,73.05,71.95,27.5,5.5,8,24,50.37,61.4135,1,0,0,0,0,0,1,0,0,1,0,0,0,1
S4083,58.84,94.83,82.02,33.0,76.83,97.52,21.8,8.1,1,24,68.77,73.14399999999999,1,0,1,1,0,0,0,1,0,0,0,0,1,0
S4084,48.84,65.88,88.36,61.900000000000006,76.74,86.16,26.8,4.4,5,22,43.6,63.06099999999999,1,0,1,0,0,0,1,0,1,0,0,0,1,0
S4085,53.2,78.92,64.33,33.2,60.18,53.53,20.5,7.7,7,23,77.24,65.275,0,1,0,0,0,0,1,0,0,0,1,0,0,1
S4086,40.67,65.0,84.37,79.3,83.99,84.09,23.5,7.5,10,19,74.88,72.1695,0,0,1,0,1,0,0,0,0,1,0,0,1,0
S4087,53.63,87.67,59.99,47.5,50.96,84.34,5.3,8.7,5,23,52.25,57.9195,1,1,0,1,0,0,0,0,1,0,0,1,0,0
S4088,59.96,55.11,87.84,33.9,51.06,95.29,13.5,7.6,3,23,87.87,65.025,1,0,1,0,1,0,0,0,1,0,0,1,0,0
S4089,41.89,59.43,95.59,42.0,73.92,68.65,24.3,4.2,4,18,42.24,59.593,0,0,1,1,0,0,0,0,1,0,0,1,0,0
S4090,76.47,90.06,72.09,9.1,77.1,79.25,15.1,6.3,9,21,88.37,77.866,0,1,1,0,0,1,0,0,1,0,0,0,1,0
S4091,74.13,59.16,62.23,86.6,63.74,50.61,14.1,5.7,5,24,41.6,60.0685,1,0,1,1,0,0,0,0,1,0,0,0,1,0
S4092,45.82,81.29,69.96,95.8,77.58,66.6,28.8,6.9,3,19,79.41,73.979,0,0,1,1,0,0,0,0,0,0,1,0,0,1
S4093,75.7,98.51,62.5,47.7,75.81,53.11,18.8,6.1,7,18,44.73,68.692,1,1,1,0,1,0,0,1,0,0,0,0,1,0
S4094,99.92,76.14,50.06,22.1,67.46,76.09,9.8,5.4,6,24,55.07,66.5255,1,0,0,1,0,0,0,0,0,1,0,0,1,0
S4095,96.67,59.37,82.52,66.5,82.59,90.87,16.8,7.3,3,21,83.31,80.5875,0,0,0,1,0,0,0,1,0,0,0,1,0,0
S4096,40.16,66.03,52.13,45.2,97.9,60.32,18.0,5.6,10,18,56.82,66.9765,0,0,0,0,1,0,0,0,1,0,0,0,1,0
S4097,87.72,91.17,60.52,25.2,74.54,76.37,29.7,8.3,3,21,70.67,74.175,0,0,0,0,0,1,0,0,0,0,1,0,1,0
S4098,61.22,67.58,86.12,3.8,89.3,60.2,23.0,5.6,4,21,94.91,78.6395,1,1,0,0,0,1,0,0,0,0,1,1,0,0
S4099,43.82,86.18,83.29,89.0,62.38,56.03,18.0,6.6,10,21,42.98,61.738,0,0,1,0,0,1,0,0,0,0,1,0,0,1
S4100,57.76,88.87,53.67,79.7,88.1,75.55,15.8,8.1,3,18,88.66,79.94149999999999,0,1,1,1,0,0,0,0,0,0,1,1,0,0
S4101,59.3,75.06,83.0,82.89999999999999,82.45,53.96,27.9,8.1,6,23,43.92,68.314,1,1,0,0,1,0,0,0,1,0,0,0,1,0
S4102,71.39,89.16,96.53,44.0,81.98,79.37,21.1,6.9,1,21,47.61,72.432,1,1,1,0,0,1,0,0,1,0,0,0,1,0
S4103,79.67,65.85,53.73,75.3,94.65,51.57,13.9,5.9,1,23,47.16,71.151,0,0,0,0,0,1,0,0,1,0,0,0,0,1
S4104,84.94,75.81,70.78,58.1,61.67,55.34,16.6,6.8,7,24,99.65,77.509,1,0,1,0,0,1,0,0,1,0,0,0,0,1
S4105,54.75,84.33,86.47,37.5,68.42,77.5,12.0,8.2,8,24,50.81,64.6125,1,0,0,0,0,1,0,0,1,0,0,1,0,0
S4106,59.31,58.4,83.39,84.3,54.15,79.57,29.0,5.1,4,19,93.81,69.90799999999999,1,1,0,0,1,0,0,0,0,0,1,1,0,0
S4107,58.5,63.68,61.33,99.9,86.31,51.45,22.5,4.6,7,22,99.46,80.21300000000001,0,0,0,0,0,1,0,0,0,1,0,0,0,1
S4108,61.76,82.6,58.15,89.9,92.19,78.67,14.8,6.9,2,23,63.03,75.37849999999999,0,1,1,1,0,0,0,0,0,0,1,1,0,0
S4109,99.98,82.77,89.21,77.6,70.29,91.93,9.6,6.9,9,24,77.86,80.7655,1,1,1,1,0,0,0,0,0,0,1,1,0,0
S4110,86.68,74.67,97.81,74.80000000000001,67.84,86.12,9.4,5.5,9,22,86.75,79.763,1,0,0,0,1,0,0,0,1,0,0,0,1,0
S4111,98.5,89.78,88.38,65.0,82.93,56.56,16.9,6.2,7,21,63.56,81.099,1,1,0,0,0,0,1,1,0,0,0,0,0,1
S4112,81.59,74.1,98.16,85.39999999999999,53.78,79.62,16.7,4.4,5,22,49.71,66.001,0,0,1,0,0,1,0,0,0,0,1,1,0,0
S4113,64.38,94.07,80.25,49.3,64.69,83.61,15.4,4.7,7,22,66.03,70.17199999999998,1,0,1,0,0,1,0,0,1,0,0,0,0,1
S4114,63.38,86.8,96.45,18.2,68.31,51.86,26.3,8.1,7,21,86.31,75.1525,1,0,0,1,0,0,0,0,1,0,0,0,0,1
S4115,69.31,65.73,84.52,76.8,75.93,92.77,29.5,6.3,3,23,86.85,77.03949999999999,0,0,1,0,1,0,0,0,1,0,0,0,1,0
S4116,65.01,69.76,95.44,92.0,73.83,95.31,13.9,4.5,7,21,53.83,69.966,1,0,1,0,0,0,1,0,1,0,0,0,0,1
S4117,89.7,83.38,58.08,34.1,60.43,92.52,12.4,8.8,3,19,50.5,64.22899999999998,0,0,0,1,0,0,0,0,0,1,0,0,0,1
S4118,67.9,94.72,90.78,78.3,77.04,91.23,24.3,5.0,3,20,95.23,84.3055,0,0,1,0,0,0,1,0,0,1,0,0,0,1
S4119,57.74,58.94,59.84,27.4,96.29,87.25,16.2,5.6,7,18,42.64,64.40299999999999,0,1,0,0,1,0,0,0,0,1,0,0,0,1
S4120,86.49,75.73,51.37,94.3,51.35,81.67,10.4,8.9,7,21,84.08,70.61,1,1,0,0,1,0,0,0,0,0,1,0,0,1
S4121,91.27,55.94,75.88,68.3,84.02,83.93,9.5,4.9,6,21,42.79,68.988,1,1,1,0,1,0,0,0,0,0,1,0,1,0
S4122,65.23,63.97,65.91,56.900000000000006,81.24,90.32,12.0,8.8,7,22,90.27,75.7555,0,1,0,1,0,0,0,1,0,0,0,0,0,1
S4123,80.07,84.3,52.18,78.0,96.22,83.12,5.0,7.6,10,19,94.32,86.21950000000001,1,1,1,0,1,0,0,1,0,0,0,0,1,0
S4124,43.53,53.89,99.02,81.30000000000001,82.27,66.39,28.5,6.1,10,24,57.85,67.7235,0,1,1,1,0,0,0,1,0,0,0,0,1,0
S4125,71.77,83.12,83.32,89.2,81.24,68.8,15.8,7.0,5,24,44.44,71.5075,1,0,1,1,0,0,0,0,1,0,0,0,0,1
S4126,42.7,95.04,95.09,90.1,88.49,94.85,7.1,6.5,9,22,68.84,78.432,0,0,1,0,0,1,0,0,0,1,0,0,1,0
S4127,41.75,98.47,99.95,5.300000000000001,63.39,50.86,9.1,8.0,1,23,57.91,64.7875,0,0,1,1,0,0,0,0,0,0,1,1,0,0
S4128,76.78,60.83,69.6,12.3,79.79,84.94,13.1,4.3,5,21,65.03,68.411,1,1,0,1,0,0,0,1,0,0,0,0,1,0
S4129,58.2,87.44,62.74,82.6,75.97,97.74,18.8,8.1,3,21,79.9,75.016,1,0,1,0,0,1,0,0,1,0,0,0,0,1
S4130,84.55,96.32,59.19,94.6,71.92,85.31,22.6,8.9,8,22,52.59,72.503,1,0,0,0,0,0,1,1,0,0,0,1,0,0
S4131,93.76,54.57,75.76,30.8,53.97,99.7,12.7,6.1,7,21,61.42,62.9115,1,1,0,0,0,1,0,0,0,0,1,0,1,0
S4132,48.36,70.7,80.3,0.8999999999999999,64.63,84.38,28.9,5.0,1,23,86.95,67.0605,0,1,0,0,0,1,0,1,0,0,0,0,0,1
S4133,83.47,95.97,73.62,32.3,64.0,51.72,24.0,4.5,9,20,78.63,74.7505,0,0,0,0,1,0,0,0,1,0,0,1,0,0
S4134,70.87,60.14,69.36,38.3,86.21,91.35,25.6,5.7,5,18,59.58,69.2605,1,0,1,0,1,0,0,0,1,0,0,0,0,1
S4135,46.73,96.69,58.41,76.10000000000001,96.03,64.23,13.1,4.7,1,18,79.86,79.93299999999999,1,1,0,0,0,1,0,1,0,0,0,0,0,1
S4136,79.1,76.36,72.09,4.8,61.54,72.3,14.5,5.1,1,18,85.92,70.71000000000001,0,0,1,0,1,0,0,0,0,0,1,0,0,1
S4137,76.57,54.99,54.26,21.3,53.73,65.6,18.5,7.3,8,20,75.55,61.2315,1,0,0,0,0,1,0,0,1,0,0,1,0,0
S4138,70.94,72.49,93.25,89.39999999999999,100.0,63.43,16.3,6.1,3,21,54.37,78.902,1,1,0,0,1,0,0,0,0,1,0,1,0,0
S4139,95.59,66.31,52.35,15.5,84.56,71.57,11.5,8.5,9,22,40.01,65.6655,1,1,1,1,0,0,0,0,1,0,0,1,0,0
S4140,71.26,64.11,69.03,75.9,94.32,68.94,29.9,6.3,8,24,88.17,81.342,1,1,1,0,1,0,0,0,1,0,0,0,0,1
S4141,99.43,77.07,55.01,36.1,57.19,81.67,26.2,4.8,6,19,89.36,73.27799999999999,0,1,1,0,1,0,0,1,0,0,0,1,0,0
S4142,70.55,74.18,88.75,66.3,90.04,90.66,10.9,4.7,6,21,81.86,81.3765,0,1,0,1,0,0,0,0,0,1,0,0,1,0
S4143,46.95,74.1,65.64,7.4,90.67,64.85,27.3,7.5,5,20,44.59,63.44,1,1,1,0,0,1,0,0,0,0,1,0,1,0
S4144,68.23,54.41,55.66,28.700000000000003,57.57,60.69,19.7,7.2,2,23,75.11,61.4455,0,0,1,0,1,0,0,0,0,1,0,0,0,1
S4145,50.94,90.12,76.57,42.5,58.07,83.34,5.3,7.5,6,20,89.26,70.67699999999999,1,0,1,0,1,0,0,0,1,0,0,1,0,0
S4146,75.83,74.07,95.81,85.7,64.77,83.52,13.7,5.7,8,24,63.38,71.627,1,0,0,1,0,0,0,0,1,0,0,0,0,1
S4147,81.59,91.05,95.43,56.3,60.84,95.06,5.6,8.6,6,18,51.88,69.476,1,0,0,1,0,0,0,0,1,0,0,0,0,1
S4148,68.11,91.23,62.48,4.5,98.77,50.8,7.2,4.6,7,21,75.26,78.82,0,1,0,1,0,0,0,0,0,1,0,1,0,0
S4149,45.86,65.86,85.98,80.19999999999999,68.15,92.65,9.5,4.2,2,24,89.58,72.20599999999999,0,0,1,0,0,0,1,0,1,0,0,0,0,1
S4150,68.12,50.22,51.51,5.5,88.07,76.05,17.1,7.7,2,18,42.93,60.3305,0,1,0,1,0,0,0,0,0,0,1,1,0,0
S4151,44.89,95.56,56.59,93.4,90.25,81.07,14.5,7.4,3,19,75.82,77.42649999999999,0,1,0,0,0,1,0,0,0,0,1,0,0,1
S4152,80.93,88.03,74.97,21.200000000000003,69.3,54.57,8.7,6.5,10,23,78.59,74.33850000000001,0,1,1,0,1,0,0,0,0,1,0,1,0,0
S4153,87.42,55.36,61.44,48.8,84.13,71.63,14.9,4.2,7,18,76.14,74.27499999999999,1,0,1,0,1,0,0,0,0,1,0,0,0,1
S4154,97.74,85.09,89.91,7.199999999999999,55.39,61.37,12.6,4.6,8,19,79.0,73.1425,1,0,1,0,0,0,1,0,1,0,0,0,1,0
S4155,48.93,51.0,96.55,56.2,69.85,62.71,15.3,5.0,4,20,77.88,67.87950000000001,0,1,1,0,1,0,0,0,0,1,0,0,1,0
S4156,71.95,51.39,50.22,49.7,98.37,75.2,9.3,7.2,10,18,47.82,67.474,0,1,0,0,1,0,0,0,0,0,1,0,0,1
S4157,74.05,76.29,61.65,41.0,58.43,90.62,20.2,7.3,6,18,54.1,61.81999999999999,0,0,1,0,0,1,0,0,0,1,0,0,0,1
S4158,95.35,54.8,71.98,3.6,69.29,87.19,6.1,7.4,9,22,77.14,69.9725,1,0,1,0,1,0,0,0,1,0,0,0,1,0
S4159,77.64,98.22,78.15,87.89999999999999,89.53,79.55,14.7,8.0,7,23,41.06,75.713,0,1,1,0,0,1,0,0,1,0,0,0,1,0
S4160,48.73,94.69,95.8,80.3,83.27,76.97,27.4,4.1,4,23,78.08,79.609,1,0,0,0,0,0,1,0,0,1,0,0,1,0
S4161,66.18,82.49,94.59,63.3,81.58,71.37,15.5,7.2,8,24,79.92,79.3785,1,1,0,0,0,1,0,1,0,0,0,0,0,1
S4162,79.29,53.19,81.86,57.2,92.66,98.64,16.0,5.3,8,20,54.35,72.3035,0,1,1,1,0,0,0,0,0,1,0,0,1,0
S4163,82.02,66.24,62.87,69.5,51.45,78.01,6.7,6.9,7,22,75.89,66.4085,1,1,1,1,0,0,0,0,1,0,0,0,0,1
S4164,91.78,68.59,89.16,14.4,88.56,62.7,20.1,7.7,5,24,72.05,78.27199999999999,1,0,0,0,0,0,1,0,0,0,1,1,0,0
S4165,50.83,74.04,60.13,93.3,94.13,61.5,28.4,7.6,10,19,55.64,71.5575,0,0,1,0,1,0,0,0,0,0,1,0,0,1
S4166,97.09,58.45,98.26,28.5,50.81,80.57,12.3,5.4,10,24,67.78,66.77,1,1,1,0,0,1,0,0,0,1,0,0,0,1
S4167,43.55,78.88,50.29,65.6,77.95,76.14,14.8,5.8,6,19,94.58,73.7035,0,0,1,1,0,0,0,1,0,0,0,0,0,1
S4168,99.03,71.79,78.49,60.7,67.43,50.38,19.7,8.6,10,20,65.6,73.136,1,1,1,0,0,1,0,0,0,0,1,0,1,0
S4169,91.47,97.36,54.42,63.7,52.54,91.5,7.3,8.2,3,23,77.79,72.161,0,0,1,1,0,0,0,1,0,0,0,0,0,1
S4170,79.62,96.81,70.38,87.89999999999999,70.89,85.21,28.8,5.3,3,19,42.12,69.69449999999999,0,1,0,0,0,1,0,0,0,0,1,1,0,0
S4171,84.1,78.27,81.75,29.6,82.2,83.09,16.7,6.9,4,20,44.67,69.838,1,1,0,0,1,0,0,0,1,0,0,0,0,1
S4172,44.36,82.22,84.48,74.9,95.95,53.44,7.9,4.5,2,24,44.88,71.185,0,0,0,0,0,0,1,0,1,0,0,1,0,0
S4173,42.49,56.89,89.28,59.8,81.03,68.1,13.4,7.3,6,19,86.69,72.8065,1,1,0,0,1,0,0,0,0,0,1,0,0,1
S4174,46.11,61.17,79.67,7.6,92.84,96.77,14.3,7.1,3,21,61.02,67.546,1,1,1,0,0,1,0,0,0,1,0,1,0,0
S4175,45.24,95.04,62.57,41.4,56.08,93.13,13.6,5.3,2,18,53.66,59.608,0,1,0,1,0,0,0,0,1,0,0,1,0,0
S4176,72.84,84.96,94.46,83.80000000000001,60.53,64.28,22.3,6.1,9,24,84.84,76.675,1,0,0,1,0,0,0,1,0,0,0,0,1,0
S4177,52.93,59.47,90.56,31.5,98.51,57.85,13.6,7.9,1,23,50.2,69.594,0,1,0,0,0,0,1,0,1,0,0,1,0,0
S4178,91.61,78.51,58.0,48.2,94.37,72.45,13.1,5.3,4,24,54.79,75.7365,1,0,1,0,1,0,0,1,0,0,0,0,0,1
S4179,66.74,96.74,91.33,48.9,61.76,67.79,13.1,7.8,9,21,65.86,71.09299999999999,1,1,0,0,1,0,0,1,0,0,0,1,0,0
S4180,81.73,67.26,98.63,61.8,81.05,84.11,24.4,5.6,5,20,59.89,74.589,0,1,1,0,1,0,0,0,0,0,1,1,0,0
S4181,79.17,59.29,81.86,88.4,68.13,98.32,12.7,8.2,6,20,75.12,72.59400000000001,1,0,1,1,0,0,0,0,1,0,0,1,0,0
S4182,59.19,97.1,64.09,17.4,73.43,68.15,5.3,4.2,4,24,60.27,67.81899999999999,1,0,0,0,0,0,1,0,1,0,0,0,1,0
S4183,54.59,73.06,80.33,50.5,93.04,53.11,14.1,5.3,10,21,63.58,73.5125,1,1,0,1,0,0,0,0,1,0,0,0,0,1
S4184,60.55,70.86,67.13,42.400000000000006,86.79,94.88,12.0,4.9,6,24,91.77,77.524,1,1,1,0,1,0,0,0,1,0,0,1,0,0
S4185,87.8,63.38,83.8,29.6,61.92,51.9,27.7,8.5,7,18,93.07,74.3805,1,1,0,0,0,1,0,0,0,0,1,0,0,1
S4186,75.18,94.58,77.24,92.0,65.8,97.64,16.9,6.1,6,18,89.66,79.943,1,1,0,1,0,0,0,1,0,0,0,0,0,1
S4187,55.21,92.28,96.47,0.8,64.49,83.23,10.9,6.7,6,22,91.89,74.13,1,0,1,0,0,0,1,0,1,0,0,1,0,0
S4188,89.07,70.15,80.9,12.2,89.03,97.08,29.5,5.2,3,19,74.18,77.837,1,0,0,0,1,0,0,1,0,0,0,0,1,0
S4189,43.29,51.53,60.7,73.3,74.5,59.98,11.2,4.6,8,22,78.77,66.0005,0,0,0,0,0,1,0,0,1,0,0,0,1,0
S4190,81.95,72.33,86.26,26.3,97.54,52.03,24.1,7.0,8,18,73.43,80.7025,1,1,1,1,0,0,0,0,1,0,0,0,0,1
S4191,66.35,59.04,65.04,72.30000000000001,90.83,74.41,21.2,5.4,4,21,87.14,77.9615,1,1,0,0,0,1,0,0,0,1,0,0,1,0
S4192,83.88,57.14,63.62,83.2,60.56,72.53,16.6,8.6,8,19,73.06,68.108,0,1,0,0,0,1,0,0,0,1,0,0,1,0
S4193,95.65,69.65,69.59,25.5,89.3,66.57,15.1,6.4,9,21,46.66,71.48400000000001,0,1,0,0,0,0,1,0,0,1,0,1,0,0
S4194,85.0,54.95,50.6,19.2,75.3,97.88,26.8,4.7,5,22,88.57,71.745,0,0,0,1,0,0,0,0,0,0,1,0,1,0
S4195,66.52,97.87,98.46,14.5,62.69,91.13,16.9,4.1,3,20,85.64,75.4465,1,1,1,0,0,0,1,0,0,0,1,1,0,0
S4196,49.06,52.38,76.62,20.0,68.17,83.08,14.4,5.2,7,21,89.22,66.634,0,0,1,0,1,0,0,1,0,0,0,0,1,0
S4197,88.38,70.07,88.67,26.7,98.61,58.14,13.9,5.6,4,22,51.43,76.41,0,1,0,0,0,1,0,0,0,0,1,1,0,0
S4198,67.64,58.14,62.89,86.89999999999999,74.2,86.72,11.9,5.0,8,22,56.3,65.836,1,0,0,0,0,0,1,0,0,1,0,0,0,1
S4199,44.52,84.44,87.33,77.0,85.98,86.35,15.2,5.8,3,22,57.75,72.1585,1,0,1,0,0,0,1,0,0,0,1,0,0,1
S4200,83.14,53.94,78.36,0.2,73.85,71.25,8.0,8.4,1,20,70.48,68.18299999999999,0,1,0,0,1,0,0,0,0,1,0,1,0,0
S4201,57.51,77.34,71.21,87.4,68.58,96.24,6.6,4.2,5,20,48.03,64.3,0,1,0,1,0,0,0,0,1,0,0,0,1,0
S4202,42.93,88.66,98.53,7.9,89.82,58.35,18.5,8.0,6,24,63.12,72.7125,1,1,0,0,0,0,1,0,0,1,0,1,0,0
S4203,94.17,97.5,74.69,65.5,92.42,63.37,16.4,6.1,9,20,50.93,79.953,1,0,0,0,0,1,0,0,0,1,0,0,1,0
S4204,68.99,84.93,82.87,15.1,53.59,53.16,9.3,8.5,3,19,55.89,62.1795,1,0,0,0,0,1,0,0,1,0,0,0,1,0
S4205,56.86,54.97,50.77,6.2,63.95,89.77,7.7,7.3,6,20,82.38,61.941500000000005,1,0,0,0,0,1,0,0,1,0,0,0,0,1
S4206,82.98,54.43,65.07,76.0,75.39,81.09,8.6,4.8,8,20,91.29,76.35799999999999,1,1,1,0,0,1,0,0,1,0,0,0,0,1
S4207,93.15,86.58,94.43,46.7,65.82,65.75,12.9,8.8,10,20,41.37,68.82600000000001,0,1,0,0,0,0,1,0,1,0,0,0,1,0
S4208,40.02,60.77,87.95,59.900000000000006,89.18,58.19,16.3,4.8,4,21,73.95,72.15,1,1,1,0,0,1,0,0,0,1,0,1,0,0
S4209,81.27,72.36,76.84,42.5,55.74,52.01,9.8,5.7,10,20,42.16,60.1155,1,0,0,0,0,0,1,1,0,0,0,1,0,0
S4210,86.02,98.83,95.01,6.7,89.89,58.34,23.9,8.9,10,19,45.11,75.80799999999999,1,0,1,1,0,0,0,0,1,0,0,0,1,0
S4211,52.6,91.0,74.31,74.0,80.89,72.66,9.8,5.1,6,22,82.31,77.5155,1,0,0,0,0,1,0,0,0,0,1,1,0,0
S4212,69.38,92.33,78.33,82.0,64.47,62.36,8.1,7.2,3,21,84.14,76.5655,1,0,1,1,0,0,0,0,0,0,1,0,0,1
S4213,45.36,93.04,69.11,4.1,67.22,62.95,29.9,8.9,10,18,88.84,70.252,0,1,0,0,0,0,1,0,0,0,1,0,1,0
S4214,84.8,80.98,81.0,37.6,59.14,93.78,16.2,7.4,9,20,68.45,69.70150000000001,1,1,0,0,1,0,0,0,0,1,0,1,0,0
S4215,90.85,87.2,65.95,55.7,62.63,75.76,9.3,7.3,6,24,91.59,77.774,0,1,0,1,0,0,0,0,1,0,0,0,1,0
S4216,46.49,67.95,69.27,60.5,85.86,86.46,27.4,7.1,2,24,50.01,65.3785,1,1,0,0,0,1,0,0,1,0,0,0,1,0
S4217,88.99,99.92,98.32,57.8,68.79,51.79,10.8,6.8,7,22,54.98,75.4405,0,0,0,0,1,0,0,0,1,0,0,0,0,1
S4218,86.29,63.98,55.57,69.3,84.37,68.26,28.1,8.7,7,22,48.07,68.89099999999999,0,0,1,1,0,0,0,0,0,0,1,1,0,0
S4219,60.81,79.5,55.26,96.7,75.71,73.96,8.0,6.7,1,21,87.85,76.083,1,0,0,0,0,0,1,0,1,0,0,0,1,0
S4220,81.42,64.1,52.17,39.1,57.26,59.32,26.0,7.3,4,24,53.72,59.60799999999999,1,0,1,0,0,0,1,0,0,1,0,0,1,0
S4221,40.0,55.6,66.0,55.7,74.95,56.01,9.6,7.7,1,18,49.33,58.5425,1,0,0,0,0,0,1,0,0,0,1,1,0,0
S4222,95.91,78.38,69.91,69.9,87.82,93.52,28.5,6.6,6,23,77.39,82.323,1,0,0,1,0,0,0,0,1,0,0,1,0,0
S4223,73.02,67.67,54.73,59.2,64.88,96.97,19.4,8.4,5,24,44.62,60.1555,1,1,1,0,0,0,1,1,0,0,0,1,0,0
S4224,77.22,79.16,77.46,38.7,82.4,53.94,9.7,4.1,3,24,42.69,68.5305,0,1,0,1,0,0,0,0,0,1,0,1,0,0
S4225,79.88,77.93,79.17,62.400000000000006,59.95,67.45,26.1,6.0,9,19,46.4,64.2935,1,0,1,0,0,1,0,0,0,1,0,0,1,0
S4226,73.68,77.11,87.55,65.0,56.78,97.91,14.8,7.1,9,23,40.01,61.66,1,0,1,0,0,1,0,0,0,1,0,1,0,0
S4227,91.41,56.17,98.8,58.5,68.01,54.16,23.3,4.1,6,22,81.82,75.8,0,1,0,1,0,0,0,1,0,0,0,0,1,0
S4228,76.58,72.01,80.97,20.5,69.46,82.18,21.1,8.7,6,23,73.73,70.681,1,0,1,1,0,0,0,0,1,0,0,0,1,0
S4229,94.47,90.6,55.58,50.6,88.05,98.61,22.9,8.1,9,24,52.59,75.411,0,0,1,0,1,0,0,0,1,0,0,1,0,0
S4230,74.94,65.76,54.43,88.4,73.0,98.91,13.6,5.1,2,22,53.98,66.363,1,1,1,0,0,0,1,1,0,0,0,0,0,1
S4231,50.27,72.19,88.88,86.89999999999999,54.06,73.56,28.5,5.7,1,23,88.66,69.985,0,0,1,0,0,1,0,0,1,0,0,0,0,1
S4232,94.81,74.69,82.52,75.1,81.7,58.14,19.0,7.4,10,22,70.11,79.46950000000001,1,1,0,0,0,1,0,1,0,0,0,0,0,1
S4233,80.9,93.14,58.1,69.7,73.46,60.1,6.9,5.7,3,22,81.91,77.9165,0,1,0,0,1,0,0,0,1,0,0,0,1,0
S4234,81.95,82.78,62.67,15.3,66.58,94.48,6.7,8.3,8,21,67.17,68.50800000000001,0,0,0,1,0,0,0,1,0,0,0,0,1,0
S4235,99.13,55.01,87.51,45.9,90.11,95.58,23.5,5.2,2,18,54.26,74.765,1,1,1,1,0,0,0,0,1,0,0,0,0,1
S4236,44.51,93.26,78.31,11.1,57.72,80.39,26.2,8.1,8,22,98.22,70.9225,1,1,1,0,1,0,0,1,0,0,0,1,0,0
S4237,65.72,91.6,79.25,81.7,95.66,88.31,22.4,6.3,10,19,73.94,82.791,1,0,0,0,0,0,1,1,0,0,0,0,1,0
S4238,54.35,87.68,60.5,29.1,66.7,87.0,11.9,6.3,6,24,47.86,60.78450000000001,0,0,0,1,0,0,0,0,0,0,1,1,0,0
S4239,77.83,73.3,81.45,76.7,73.05,83.09,10.6,4.8,4,24,64.37,72.65700000000001,0,1,1,1,0,0,0,1,0,0,0,0,1,0
S4240,88.41,87.88,88.53,81.5,96.46,91.36,19.1,8.9,4,19,59.76,83.2495,0,1,0,0,0,0,1,0,1,0,0,0,0,1
S4241,97.98,73.94,94.26,89.2,88.06,84.27,9.9,5.7,7,20,52.85,79.3045,1,1,1,0,0,0,1,0,0,1,0,0,0,1
S4242,67.28,86.83,86.84,75.4,53.72,76.7,14.5,5.0,7,22,96.01,75.689,1,1,0,0,1,0,0,0,1,0,0,1,0,0
S4243,87.17,94.01,78.82,56.5,78.91,61.85,20.7,4.2,9,22,92.86,84.772,0,0,0,0,1,0,0,1,0,0,0,1,0,0
S4244,95.02,94.53,83.66,59.8,65.52,87.19,12.1,6.5,4,22,51.95,72.43199999999999,1,1,0,0,1,0,0,0,1,0,0,0,1,0
S4245,81.0,72.73,74.26,32.1,75.42,73.67,14.4,4.2,9,23,61.13,69.999,0,1,0,1,0,0,0,0,1,0,0,0,1,0
S4246,54.56,92.97,61.34,17.7,87.15,64.74,14.0,6.3,4,22,85.74,76.7285,1,1,1,0,1,0,0,0,0,0,1,0,1,0
S4247,76.47,55.07,94.11,13.1,74.81,90.1,16.5,8.5,2,22,52.51,65.3675,1,0,1,1,0,0,0,0,1,0,0,0,1,0
S4248,98.2,55.09,76.63,18.2,53.55,84.84,21.9,6.5,7,19,75.49,66.50399999999999,0,0,0,0,0,1,0,0,0,1,0,1,0,0
S4249,99.25,77.41,79.72,93.4,76.5,96.87,24.6,4.2,9,18,81.99,82.5885,1,1,1,0,0,0,1,0,1,0,0,0,0,1
S4250,78.54,82.59,99.51,16.4,51.21,58.27,21.6,5.3,10,18,79.24,70.1135,1,1,1,0,0,0,1,0,0,1,0,1,0,0
S4251,93.22,57.65,99.25,72.4,67.42,82.46,5.7,4.2,2,20,82.38,76.9965,1,0,1,0,0,1,0,0,1,0,0,1,0,0
S4252,52.02,73.61,79.32,18.5,73.9,62.21,27.4,8.4,6,19,82.4,70.4715,1,1,1,0,1,0,0,1,0,0,0,0,0,1
S4253,54.76,54.72,51.7,97.5,82.23,95.18,19.5,5.2,6,22,97.89,75.60849999999999,1,0,0,1,0,0,0,0,1,0,0,1,0,0
S4254,97.17,80.1,69.81,36.7,75.31,54.97,28.0,4.3,10,18,60.79,73.197,0,0,1,1,0,0,0,1,0,0,0,1,0,0
S4255,48.11,92.75,96.86,41.2,57.6,82.81,29.1,8.8,3,21,92.72,73.33500000000001,1,1,0,1,0,0,0,0,1,0,0,0,1,0
S4256,51.47,86.88,64.42,40.5,96.61,89.55,16.7,6.4,8,21,41.31,68.53,0,1,0,0,0,0,1,0,0,1,0,1,0,0
S4257,65.23,68.91,99.96,81.6,82.51,67.75,27.9,6.0,5,21,57.29,73.27250000000001,1,1,1,0,1,0,0,1,0,0,0,1,0,0
S4258,75.38,99.69,54.22,21.8,65.85,97.71,14.1,8.6,4,22,42.92,63.25749999999999,1,1,0,1,0,0,0,1,0,0,0,1,0,0
S4259,76.23,83.15,78.41,83.10000000000001,98.3,92.54,11.5,6.7,4,22,79.07,85.1605,0,1,0,1,0,0,0,0,1,0,0,1,0,0
S4260,57.52,90.76,75.77,65.7,94.13,64.73,6.8,5.4,5,20,46.05,72.8555,0,0,0,1,0,0,0,0,0,0,1,1,0,0
S4261,95.24,83.48,62.77,22.0,57.17,50.38,16.3,8.0,10,24,90.74,74.021,1,1,0,0,0,1,0,0,0,0,1,0,1,0
S4262,94.91,99.47,97.43,6.5,82.77,64.83,22.2,5.4,4,20,78.8,83.756,1,0,1,1,0,0,0,0,1,0,0,0,1,0
S4263,63.52,91.07,80.96,77.5,78.0,64.07,29.4,6.2,6,20,41.73,68.99199999999999,0,1,0,0,0,1,0,0,1,0,0,0,0,1
S4264,66.06,75.97,61.51,21.9,59.64,94.5,18.0,8.0,8,23,82.89,67.16499999999999,0,1,1,1,0,0,0,0,1,0,0,1,0,0
S4265,82.15,68.34,69.2,88.9,61.67,98.36,23.4,8.7,2,21,91.72,75.3695,0,1,1,1,0,0,0,0,0,1,0,1,0,0
S4266,79.78,84.11,86.06,13.0,78.19,53.52,27.4,7.0,7,22,79.67,77.214,0,0,0,1,0,0,0,0,0,1,0,0,1,0
S4267,62.94,79.51,64.88,61.6,66.06,73.56,18.6,6.5,6,21,41.83,61.211,1,0,0,0,0,1,0,0,1,0,0,0,0,1
S4268,64.85,81.47,93.98,69.2,91.74,77.42,9.2,4.4,4,20,91.48,85.19800000000001,1,0,1,1,0,0,0,0,0,0,1,1,0,0
S4269,60.88,67.15,58.28,65.8,54.89,54.65,26.2,7.1,2,22,83.95,65.777,1,1,1,0,1,0,0,0,0,1,0,0,1,0
S4270,54.12,71.44,63.23,31.6,95.7,68.87,19.4,5.6,1,19,62.71,71.1245,1,0,0,1,0,0,0,0,0,1,0,0,1,0
S4271,67.49,77.9,57.24,87.6,92.03,65.85,24.0,6.6,8,18,59.72,74.45150000000001,1,0,1,0,0,1,0,1,0,0,0,1,0,0
S4272,81.19,91.96,55.21,77.0,86.93,76.8,21.5,7.7,8,18,68.79,78.62,0,0,0,0,0,1,0,1,0,0,0,1,0,0
S4273,84.52,88.15,65.02,51.0,63.13,83.06,6.5,7.2,9,20,92.03,76.899,0,1,1,0,1,0,0,0,1,0,0,0,0,1
S4274,86.73,55.93,99.96,60.3,85.75,85.17,9.2,4.5,5,24,55.12,73.915,0,0,1,0,0,0,1,0,0,1,0,0,1,0
S4275,62.48,62.28,54.72,56.6,71.94,56.84,12.2,6.0,9,21,46.06,60.113,1,0,0,0,1,0,0,0,1,0,0,0,1,0
S4276,85.88,51.33,60.65,94.7,81.69,90.65,12.1,5.0,4,19,91.88,78.85849999999999,0,1,1,0,1,0,0,0,0,0,1,1,0,0
S4277,40.39,50.4,63.58,89.60000000000001,65.63,83.93,26.0,4.8,10,22,41.58,54.5405,1,0,1,0,0,1,0,0,1,0,0,1,0,0
S4278,68.62,61.22,80.96,23.5,91.79,94.45,20.0,5.1,4,24,94.66,79.949,1,1,1,1,0,0,0,0,1,0,0,0,1,0
S4279,87.63,89.97,87.27,26.3,52.03,72.47,7.1,8.6,5,21,58.34,66.87599999999999,1,0,0,1,0,0,0,0,1,0,0,0,0,1
S4280,77.8,95.24,87.6,98.1,84.57,94.69,14.7,7.6,3,20,70.49,82.61449999999999,0,0,0,0,0,0,1,0,1,0,0,0,1,0
S4281,68.44,69.59,50.43,23.700000000000003,91.43,93.29,18.9,8.5,5,21,47.94,66.34649999999999,1,1,1,0,0,0,1,0,1,0,0,0,0,1
S4282,78.68,78.16,82.59,95.3,82.32,71.92,11.3,6.5,5,20,94.14,84.781,1,0,1,0,0,0,1,0,0,1,0,0,0,1
S4283,94.42,85.3,81.54,65.0,59.6,69.06,6.0,4.0,10,23,84.99,77.4895,0,1,1,0,0,0,1,0,0,0,1,0,0,1
S4284,73.98,97.65,75.88,5.0,64.25,96.64,14.5,4.2,4,18,95.45,76.72,1,0,0,0,1,0,0,0,0,1,0,0,1,0
S4285,87.99,95.65,68.96,33.6,75.75,85.76,16.5,4.7,5,24,80.99,79.0945,0,1,1,0,1,0,0,0,1,0,0,1,0,0
S4286,98.84,52.86,89.87,47.6,66.47,96.41,27.6,7.9,5,18,51.08,66.833,1,0,0,1,0,0,0,0,0,1,0,1,0,0
S4287,82.33,62.41,67.19,83.3,50.25,89.85,27.7,5.0,9,21,58.5,62.295,0,0,1,0,1,0,0,0,0,1,0,0,1,0
S4288,74.4,52.46,61.5,32.9,52.03,80.46,17.5,4.5,1,19,69.21,59.7355,1,1,0,1,0,0,0,0,0,0,1,0,0,1
S4289,42.25,80.83,65.5,31.1,88.39,55.79,16.8,8.3,7,22,76.44,72.194,1,1,0,1,0,0,0,1,0,0,0,0,1,0
S4290,62.47,85.52,71.98,92.0,54.19,64.57,21.0,5.1,1,20,95.59,74.15100000000001,0,0,0,1,0,0,0,0,0,0,1,1,0,0
S4291,73.93,65.41,60.7,7.9,96.4,98.44,11.5,6.5,1,22,63.04,72.046,1,1,1,1,0,0,0,0,0,1,0,0,0,1
S4292,87.83,92.69,80.38,55.2,72.14,65.97,12.1,5.7,3,18,82.18,80.063,0,0,0,0,0,1,0,1,0,0,0,0,1,0
S4293,66.29,72.64,94.21,50.4,87.91,54.66,5.1,8.5,5,19,97.66,83.5685,1,1,1,1,0,0,0,0,1,0,0,0,1,0
S4294,97.6,99.92,79.77,5.699999999999999,56.28,85.38,7.0,7.5,9,19,49.14,67.059,0,1,1,0,1,0,0,0,0,0,1,0,1,0
S4295,56.31,50.02,72.33,8.8,96.33,86.7,9.5,6.3,9,22,91.76,75.4615,1,1,1,0,1,0,0,0,1,0,0,0,0,1
S4296,84.67,55.47,89.84,38.2,51.69,64.27,21.0,8.3,1,18,65.24,63.732000000000006,1,1,1,0,1,0,0,0,1,0,0,0,0,1
S4297,65.14,65.09,87.4,13.4,52.11,64.88,10.3,7.6,3,22,83.95,65.565,1,0,0,0,1,0,0,1,0,0,0,0,1,0
S4298,69.16,51.28,68.35,47.8,52.73,73.44,8.1,8.0,1,21,57.61,57.5125,0,1,0,0,0,1,0,0,1,0,0,1,0,0
S4299,88.15,89.12,80.21,60.9,55.17,51.09,20.4,8.9,1,19,60.04,69.2175,0,0,0,0,0,0,1,0,1,0,0,1,0,0
S4300,57.77,52.64,86.49,69.1,74.34,89.47,21.3,5.0,9,19,41.63,61.375,0,0,0,0,0,0,1,0,1,0,0,0,0,1
S4301,45.81,87.45,62.27,54.6,89.41,65.85,6.5,5.0,2,21,98.28,80.339,0,0,1,1,0,0,0,0,0,0,1,1,0,0
S4302,71.22,52.63,68.31,38.0,64.25,92.69,24.3,6.8,1,18,88.81,68.786,0,0,0,1,0,0,0,0,0,0,1,0,1,0
S4303,71.73,62.64,55.29,13.0,87.29,90.13,20.2,6.7,6,19,45.64,63.9315,1,0,0,0,1,0,0,0,0,1,0,0,0,1
S4304,87.83,92.06,99.38,24.700000000000003,88.7,83.07,14.9,8.3,2,24,99.97,89.759,1,0,1,0,1,0,0,0,0,1,0,0,1,0
S4305,98.1,97.55,54.29,41.900000000000006,95.41,66.24,29.6,4.8,5,23,76.3,84.5695,1,0,1,0,0,0,1,0,1,0,0,0,1,0
S4306,43.32,70.73,58.43,92.4,57.47,75.82,5.3,6.1,3,23,91.22,67.6165,1,1,1,0,0,0,1,0,1,0,0,0,0,1
S4307,75.5,98.5,73.99,20.3,56.78,72.24,18.6,6.6,10,23,44.0,62.548,1,0,1,0,1,0,0,0,1,0,0,0,1,0
S4308,80.88,81.34,93.26,41.3,56.1,66.94,9.0,6.3,5,20,63.37,68.3965,0,0,1,1,0,0,0,1,0,0,0,1,0,0
S4309,99.15,70.79,67.79,73.2,67.97,92.41,13.2,4.3,8,24,80.18,76.36600000000001,1,0,0,0,0,1,0,1,0,0,0,0,1,0
S4310,96.56,90.14,88.43,70.5,74.47,74.18,8.3,4.7,6,20,46.39,74.3115,0,0,1,0,0,1,0,0,0,1,0,0,1,0
S4311,82.75,64.77,83.8,96.6,73.08,91.64,21.7,4.8,8,18,69.33,74.5945,1,0,0,0,0,0,1,0,1,0,0,1,0,0
S4312,71.31,63.29,81.93,19.1,62.85,55.26,15.0,7.0,6,21,66.56,64.833,0,1,1,0,0,0,1,1,0,0,0,0,0,1
S4313,49.69,82.83,92.25,1.7000000000000002,81.1,57.05,29.7,6.1,4,22,52.96,66.75800000000001,0,1,0,0,0,0,1,0,0,1,0,0,0,1
S4314,63.05,69.52,50.71,32.2,66.91,98.87,21.3,4.9,4,24,58.02,61.1445,0,0,1,0,0,1,0,0,1,0,0,1,0,0
S4315,75.11,56.8,96.46,15.0,68.3,79.39,27.9,7.7,10,18,98.03,75.17999999999999,1,1,0,0,0,1,0,0,1,0,0,0,1,0
S4316,83.51,53.35,91.46,54.8,55.28,75.49,11.0,8.0,10,22,57.32,63.32900000000001,1,0,0,0,1,0,0,1,0,0,0,1,0,0
S4317,78.12,89.39,96.89,89.9,79.61,76.16,13.0,5.1,3,18,52.81,76.396,1,1,1,1,0,0,0,1,0,0,0,0,0,1
S4318,82.85,83.8,89.68,68.8,82.76,60.76,14.1,7.6,8,20,72.17,80.276,1,0,1,0,0,0,1,0,1,0,0,0,0,1
S4319,65.75,70.59,93.93,13.6,87.9,85.94,26.0,4.3,10,23,80.26,76.959,0,0,0,0,1,0,0,0,0,1,0,0,1,0
S4320,83.66,94.81,60.15,11.6,95.2,54.24,10.3,8.3,9,21,83.51,82.803,0,1,1,0,0,1,0,1,0,0,0,1,0,0
S4321,48.62,70.54,65.96,91.1,88.3,78.67,28.7,8.8,8,20,85.25,76.8275,0,0,1,0,1,0,0,0,1,0,0,0,1,0
S4322,49.76,85.51,65.76,48.8,61.79,78.54,6.1,4.8,9,21,42.21,58.396,0,1,0,0,0,1,0,0,0,1,0,0,0,1
S4323,49.77,95.46,55.46,92.4,61.78,95.71,27.2,7.9,10,24,63.63,66.392,1,1,0,1,0,0,0,0,0,0,1,0,0,1
S4324,93.45,92.04,86.48,73.60000000000001,95.75,76.31,16.3,4.5,9,22,86.44,90.4865,0,1,1,0,0,1,0,0,0,1,0,0,1,0
S4325,44.56,75.56,56.81,99.3,89.51,56.85,18.1,8.8,3,18,94.29,79.08950000000002,1,0,0,0,1,0,0,1,0,0,0,0,1,0
S4326,88.09,84.03,52.63,87.10000000000001,89.11,78.64,29.9,6.3,4,19,76.13,81.2015,0,0,0,1,0,0,0,0,0,1,0,0,0,1
S4327,54.01,70.68,88.77,41.4,85.99,54.57,26.8,6.7,3,19,43.14,66.23249999999999,0,0,1,0,0,1,0,1,0,0,0,1,0,0
S4328,68.11,82.36,95.23,75.8,63.36,60.19,27.6,7.8,5,21,63.8,70.8415,0,0,1,0,0,0,1,0,0,1,0,0,0,1
S4329,94.96,62.88,88.21,47.1,92.37,51.56,19.6,5.2,9,23,44.45,73.6755,1,1,1,0,0,1,0,0,0,0,1,0,1,0
S4330,75.16,71.74,91.27,23.3,57.14,75.66,28.9,6.0,3,23,84.91,70.6965,1,1,1,1,0,0,0,0,0,1,0,1,0,0
S4331,52.61,60.48,79.78,24.1,67.5,54.23,22.2,4.4,6,21,43.81,57.349,0,1,1,0,1,0,0,0,0,0,1,0,1,0
S4332,57.05,51.91,94.39,39.7,67.32,73.47,25.5,7.1,4,20,51.14,60.749,0,1,1,1,0,0,0,1,0,0,0,0,1,0
S4333,95.23,79.43,74.84,11.1,78.01,96.65,23.0,8.0,1,19,65.02,73.896,0,1,1,0,1,0,0,0,0,1,0,1,0,0
S4334,65.63,93.22,99.42,17.8,73.17,85.99,24.5,8.3,8,20,67.76,73.5505,1,1,1,0,0,1,0,0,1,0,0,0,0,1
S4335,75.22,51.28,55.17,50.1,72.99,53.87,20.9,6.7,3,22,64.39,64.9915,1,0,1,0,0,1,0,0,0,0,1,0,1,0
S4336,67.6,59.8,90.46,95.4,77.68,61.21,23.2,7.8,8,19,67.8,73.18,1,0,0,1,0,0,0,0,1,0,0,0,1,0
S4337,62.71,73.01,82.07,57.8,70.77,83.68,15.9,4.7,5,22,82.79,73.3835,0,1,0,0,0,0,1,0,0,0,1,0,0,1
S4338,53.4,83.29,79.03,40.8,62.5,94.74,22.7,7.7,8,18,62.16,64.73649999999999,1,0,0,0,0,1,0,0,0,1,0,0,0,1
S4339,81.17,58.56,86.29,24.3,83.21,51.65,11.9,4.0,1,20,72.87,73.984,0,1,1,0,0,0,1,0,0,0,1,1,0,0
S4340,83.09,52.83,92.01,19.6,89.53,90.62,20.9,5.0,6,21,58.2,71.978,1,1,0,0,0,0,1,0,0,1,0,0,0,1
S4341,56.49,75.95,93.14,65.8,73.95,78.09,18.1,7.2,3,19,61.22,69.96,0,0,0,1,0,0,0,1,0,0,0,0,0,1
S4342,87.34,90.94,58.77,84.80000000000001,82.47,77.3,27.5,5.6,5,20,76.83,80.8075,0,0,1,0,0,1,0,1,0,0,0,0,1,0
S4343,91.27,51.76,59.85,39.900000000000006,76.77,97.89,21.8,6.1,4,21,69.43,69.823,1,0,1,0,0,0,1,0,1,0,0,0,1,0
S4344,95.24,67.47,50.81,55.1,52.95,87.38,19.9,8.1,9,18,83.38,68.97250000000001,0,0,0,0,0,1,0,0,1,0,0,0,0,1
S4345,49.67,83.18,56.59,70.7,71.15,92.51,12.8,6.9,3,19,73.63,68.874,0,0,1,0,1,0,0,1,0,0,0,1,0,0
S4346,58.24,56.54,63.19,5.8,50.49,67.7,26.6,6.0,7,22,88.21,61.0255,0,0,1,0,0,0,1,0,1,0,0,1,0,0
S4347,91.62,61.8,86.05,35.099999999999994,83.09,77.72,6.4,6.3,4,18,66.6,74.95,1,0,0,1,0,0,0,0,1,0,0,0,1,0
S4348,51.91,76.77,73.79,73.0,75.41,80.77,27.5,8.2,3,23,69.46,70.319,0,0,1,1,0,0,0,0,1,0,0,1,0,0
S4349,40.21,97.66,87.9,68.5,56.34,66.08,21.3,6.4,10,21,80.2,69.8475,1,0,0,0,0,0,1,1,0,0,0,1,0,0
S4350,92.25,64.37,74.33,5.300000000000001,77.11,78.51,9.7,8.4,3,19,53.27,67.64150000000001,1,0,0,0,0,1,0,0,1,0,0,0,1,0
S4351,59.59,74.38,77.78,23.8,94.92,61.83,27.6,5.2,4,19,63.16,73.3295,0,1,1,0,1,0,0,1,0,0,0,0,0,1
S4352,64.87,70.0,55.55,68.0,67.02,57.17,13.2,6.7,7,24,77.49,68.664,1,0,1,0,1,0,0,0,0,1,0,0,0,1
S4353,66.78,94.87,88.83,27.1,99.12,68.7,9.2,5.8,9,24,41.73,74.654,0,0,0,1,0,0,0,0,1,0,0,0,1,0
S4354,90.9,53.59,87.91,81.4,97.97,86.96,13.0,7.0,6,18,66.22,80.48049999999999,1,1,0,1,0,0,0,0,1,0,0,0,1,0
S4355,60.27,78.31,65.38,3.0,89.27,95.81,29.0,6.9,1,19,75.93,73.2385,0,0,1,0,0,1,0,0,0,1,0,0,1,0
S4356,93.54,92.31,66.43,19.0,90.69,72.89,23.8,6.9,8,21,98.04,87.1875,1,0,0,1,0,0,0,0,1,0,0,0,0,1
S4357,77.02,99.41,60.98,28.1,70.53,82.14,27.9,6.6,2,18,92.62,78.2815,0,1,1,0,0,1,0,1,0,0,0,1,0,0
S4358,71.64,84.94,90.69,92.5,70.13,55.15,12.5,6.3,9,22,56.84,72.43,0,0,0,0,0,0,1,1,0,0,0,0,0,1
S4359,59.54,69.0,87.35,79.6,97.72,95.22,7.1,8.6,3,18,70.43,78.9195,0,1,1,0,1,0,0,0,0,1,0,0,0,1
S4360,54.62,70.59,80.46,88.4,68.31,78.43,19.1,5.3,10,18,43.38,62.5855,0,1,0,0,0,0,1,0,0,1,0,0,1,0
S4361,77.44,67.58,61.94,44.0,54.84,89.02,17.1,6.2,7,22,54.45,60.2115,1,1,1,1,0,0,0,0,1,0,0,1,0,0
S4362,66.81,80.18,58.59,82.30000000000001,57.64,89.72,23.0,5.1,6,23,86.49,70.937,1,1,1,0,1,0,0,0,1,0,0,0,0,1
S4363,94.63,86.97,52.51,85.3,85.52,62.82,18.6,5.7,9,24,47.4,74.262,0,0,1,0,1,0,0,0,0,0,1,1,0,0
S4364,69.5,90.97,52.28,40.0,69.15,76.46,14.9,5.2,3,21,55.46,65.9085,1,0,0,0,0,0,1,1,0,0,0,1,0,0
S4365,70.71,70.83,59.36,99.4,59.97,98.02,5.1,7.3,2,23,96.64,74.288,0,0,1,0,0,1,0,0,0,0,1,0,1,0
S4366,65.0,85.84,55.03,85.1,90.69,54.48,16.7,7.5,3,23,89.43,81.9485,0,0,0,0,1,0,0,0,0,0,1,1,0,0
S4367,87.36,95.81,77.81,97.4,74.43,84.15,8.0,5.4,4,23,86.91,84.18299999999999,1,1,0,0,0,1,0,0,0,1,0,0,0,1
S4368,65.49,96.04,67.9,86.6,78.38,98.11,28.1,8.9,5,24,91.87,81.83099999999999,1,1,1,0,0,0,1,0,1,0,0,1,0,0
S4369,56.16,85.2,72.25,77.6,57.7,65.03,28.0,5.4,6,20,84.98,70.864,0,1,1,0,0,0,1,0,0,0,1,0,1,0
S4370,91.72,81.85,79.7,94.4,59.64,93.07,25.1,8.1,7,24,47.24,68.4275,1,0,0,0,0,1,0,0,1,0,0,0,0,1
S4371,75.81,76.58,82.96,42.0,56.29,96.68,8.9,5.5,10,23,70.99,67.88900000000001,0,1,0,0,0,0,1,0,0,1,0,1,0,0
S4372,75.49,59.16,82.41,78.3,75.73,87.35,8.7,6.1,3,20,66.65,71.735,1,1,0,0,1,0,0,0,0,0,1,0,0,1
S4373,76.65,56.18,63.04,21.3,88.78,61.57,19.1,7.3,9,22,58.67,68.595,1,1,0,0,0,0,1,0,0,0,1,0,0,1
S4374,83.13,74.29,90.48,73.3,86.61,66.7,23.2,6.8,3,24,90.04,84.819,1,1,1,0,0,0,1,1,0,0,0,0,1,0
S4375,58.78,57.97,95.89,78.5,63.06,51.79,27.6,6.5,3,21,67.85,66.90699999999998,1,0,0,0,1,0,0,0,0,0,1,0,0,1
S4376,42.03,78.85,65.8,71.7,92.58,91.57,27.4,8.0,8,23,43.62,66.976,1,0,1,0,0,1,0,0,1,0,0,0,1,0
S4377,88.64,82.29,50.85,85.0,55.28,92.48,8.9,7.5,10,19,56.5,65.6835,0,0,1,0,0,0,1,0,0,1,0,0,1,0
S4378,47.73,76.28,94.96,41.3,55.7,81.64,29.9,8.6,3,22,53.72,60.3025,1,1,0,0,0,1,0,0,1,0,0,1,0,0
S4379,83.31,51.82,96.18,54.5,92.47,67.63,8.9,5.2,7,20,93.25,83.666,1,1,0,0,1,0,0,0,0,0,1,0,1,0
S4380,44.94,52.89,52.55,1.1,62.22,53.84,26.0,4.1,1,24,78.85,58.363,0,0,0,0,0,1,0,0,0,0,1,1,0,0
S4381,62.52,55.67,50.25,14.6,85.41,87.65,19.7,9.0,1,21,73.62,67.51149999999998,0,1,0,0,0,1,0,0,1,0,0,0,0,1
S4382,43.78,57.68,90.82,64.4,50.45,86.33,22.0,5.4,5,18,70.4,60.256,0,1,0,1,0,0,0,1,0,0,0,0,0,1
S4383,71.33,99.49,65.07,56.2,54.68,95.63,20.1,4.2,9,21,79.01,71.09649999999999,1,0,0,1,0,0,0,1,0,0,0,0,1,0
S4384,79.19,67.22,95.73,19.7,80.46,86.53,26.7,5.2,8,21,85.29,77.97999999999999,1,0,1,0,0,0,1,0,1,0,0,1,0,0
S4385,50.29,64.6,60.84,24.3,59.12,91.43,20.9,7.3,2,23,73.26,60.5835,0,0,1,1,0,0,0,0,1,0,0,0,0,1
S4386,62.3,52.61,93.06,34.4,51.41,87.3,26.2,6.9,8,23,96.3,67.76050000000001,0,0,0,1,0,0,0,0,0,1,0,1,0,0
S4387,95.81,81.77,53.43,71.6,73.35,81.53,8.9,5.0,10,24,98.61,82.2175,0,0,0,1,0,0,0,1,0,0,0,0,0,1
S4388,66.54,82.61,63.03,61.0,66.53,71.35,26.7,4.9,9,24,99.72,76.6145,0,1,0,0,0,1,0,0,1,0,0,1,0,0
S4389,88.15,58.77,98.66,7.0,90.11,95.11,29.8,6.2,4,20,80.16,79.327,1,0,0,0,0,1,0,0,0,0,1,0,1,0
S4390,95.63,95.96,61.56,76.0,90.94,82.55,21.5,4.1,9,24,95.96,89.9665,1,0,0,1,0,0,0,0,0,0,1,0,0,1
S4391,98.46,90.02,56.65,26.3,80.72,69.92,29.4,4.0,4,20,64.27,75.53549999999998,1,0,1,0,1,0,0,0,1,0,0,0,1,0
S4392,93.9,61.52,92.85,67.2,64.65,54.17,10.5,7.1,8,23,91.58,78.248,1,0,1,1,0,0,0,0,1,0,0,0,1,0
S4393,59.04,74.29,55.89,12.3,73.08,64.54,25.7,5.6,7,23,94.55,71.765,1,1,1,0,1,0,0,1,0,0,0,1,0,0
S4394,97.75,72.92,54.87,99.8,85.11,77.19,9.2,4.1,7,19,94.25,85.173,0,1,0,0,0,1,0,1,0,0,0,0,1,0
S4395,88.74,67.43,66.17,8.0,53.47,63.78,17.9,6.3,9,19,89.85,68.946,1,0,0,0,1,0,0,1,0,0,0,0,1,0
S4396,90.23,90.88,81.77,74.2,66.62,61.06,21.6,8.7,8,22,64.4,75.1395,0,1,0,0,0,1,0,0,1,0,0,0,1,0
S4397,40.91,55.46,85.54,54.1,91.12,76.37,21.5,5.3,10,23,49.53,65.43299999999999,0,1,1,0,1,0,0,0,1,0,0,0,1,0
S4398,97.25,70.77,94.06,8.6,70.3,58.49,21.8,5.3,10,18,60.04,71.139,0,0,0,0,0,1,0,0,0,0,1,1,0,0
S4399,86.69,71.4,77.05,2.7,81.23,90.02,13.0,6.3,6,19,86.04,77.4325,1,1,0,0,0,1,0,0,0,0,1,1,0,0
S4400,86.08,73.44,69.67,36.3,54.82,74.22,29.3,4.7,4,20,53.97,62.64849999999999,0,0,1,1,0,0,0,1,0,0,0,0,1,0
S4401,44.89,93.07,67.94,80.19999999999999,88.85,78.69,5.2,7.2,5,21,68.7,75.32799999999999,1,1,0,0,0,0,1,0,0,0,1,0,0,1
S4402,53.95,60.91,92.35,4.1,55.02,57.37,20.5,8.2,4,24,73.92,61.655,0,0,1,0,0,0,1,0,0,0,1,0,1,0
S4403,97.74,55.15,86.19,70.4,93.08,66.23,26.7,5.0,1,24,76.23,82.054,1,1,1,0,0,1,0,1,0,0,0,0,1,0
S4404,70.04,80.89,95.27,65.5,55.33,70.5,27.3,7.3,6,22,96.14,76.07549999999999,0,0,0,1,0,0,0,0,1,0,0,0,0,1
S4405,63.87,58.69,98.2,26.6,94.54,90.41,23.0,8.4,9,19,79.69,77.8185,1,1,0,0,0,0,1,0,0,0,1,0,0,1
S4406,90.4,53.75,65.0,7.7,68.19,88.51,19.4,8.5,7,21,87.18,70.7595,0,1,0,0,0,0,1,0,1,0,0,0,1,0
S4407,45.24,71.33,76.48,91.5,81.23,61.15,16.4,6.8,10,21,74.91,72.805,0,1,1,1,0,0,0,0,1,0,0,1,0,0
S4408,65.02,60.98,81.59,30.0,92.33,80.81,16.2,4.8,4,19,90.01,78.7605,0,0,1,1,0,0,0,0,1,0,0,1,0,0
S4409,62.54,68.06,58.19,11.1,50.51,62.17,15.6,7.3,1,18,55.82,55.072,0,1,1,0,0,0,1,0,0,1,0,0,0,1
S4410,60.99,62.99,52.67,68.2,63.28,99.41,22.5,7.7,8,18,52.59,59.40549999999999,1,1,0,0,0,0,1,0,0,1,0,0,1,0
S4411,58.46,54.63,93.39,21.7,95.42,97.61,23.3,7.8,2,22,95.58,79.9085,1,0,1,0,1,0,0,1,0,0,0,0,1,0
S4412,52.6,78.02,76.78,47.6,69.41,78.16,17.9,8.7,2,18,81.61,70.87650000000001,1,1,0,0,1,0,0,0,0,1,0,0,1,0
S4413,50.37,51.35,78.54,5.0,85.32,84.95,23.5,7.1,7,22,80.29,69.03049999999999,0,1,1,0,0,1,0,0,1,0,0,0,1,0
S4414,78.42,98.32,77.75,99.3,57.0,90.07,18.2,6.3,8,20,68.04,73.36099999999999,0,0,1,0,0,0,1,0,1,0,0,0,1,0
S4415,95.16,67.07,87.75,44.8,83.92,86.05,7.4,6.5,2,19,62.6,76.1755,0,1,1,1,0,0,0,0,1,0,0,0,0,1
S4416,70.53,84.76,57.28,99.9,53.66,84.99,26.3,5.6,2,21,73.34,68.4495,0,0,0,1,0,0,0,0,0,0,1,1,0,0
S4417,57.88,90.52,80.7,38.6,85.87,97.93,26.8,4.3,4,22,47.23,69.82849999999999,0,0,0,0,0,0,1,0,0,0,1,0,0,1
S4418,49.55,63.96,73.47,34.8,66.19,79.82,11.7,7.6,9,24,67.28,62.7905,0,0,1,0,0,1,0,0,0,0,1,0,0,1
S4419,89.81,87.44,94.85,91.5,73.29,81.82,24.7,4.1,9,18,67.32,79.4645,1,0,0,1,0,0,0,0,1,0,0,0,1,0
S4420,98.29,91.62,75.98,32.9,58.31,92.46,17.8,4.3,8,24,72.3,73.2975,1,0,0,0,0,0,1,0,1,0,0,0,0,1
S4421,60.95,62.07,97.15,43.2,81.39,83.49,8.1,5.7,7,22,78.08,74.265,1,0,0,0,0,0,1,0,0,0,1,0,1,0
S4422,57.46,99.62,67.66,7.800000000000001,66.88,86.65,14.9,8.7,8,23,97.44,75.142,1,1,1,0,0,1,0,0,1,0,0,0,0,1
S4423,76.09,51.03,98.34,95.5,69.17,61.71,6.9,6.4,7,22,79.13,74.2105,1,0,1,0,0,0,1,0,1,0,0,0,1,0
S4424,86.52,60.85,93.76,8.5,82.61,68.56,24.7,5.1,3,18,93.02,79.94449999999999,1,0,0,1,0,0,0,0,0,0,1,1,0,0
S4425,67.32,89.0,79.21,77.1,58.94,57.37,9.9,8.5,4,23,73.38,71.25099999999999,1,0,1,0,1,0,0,0,0,1,0,0,1,0
S4426,77.8,59.71,67.69,53.9,92.6,75.29,9.1,6.9,2,23,77.62,77.2755,1,1,0,0,0,1,0,0,0,0,1,0,1,0
S4427,82.99,84.91,68.8,6.1,86.96,72.79,10.2,5.8,8,18,44.19,69.5055,0,0,1,0,0,0,1,0,0,1,0,1,0,0
S4428,97.64,92.78,88.64,0.2,78.89,99.86,10.7,7.6,8,23,48.0,73.104,0,1,0,0,0,1,0,1,0,0,0,0,1,0
S4429,49.9,97.96,79.03,93.6,56.42,80.56,21.8,6.2,7,19,74.78,70.383,0,0,0,0,0,0,1,0,0,1,0,0,1,0
S4430,99.84,73.71,70.08,74.2,84.36,89.32,21.0,7.6,9,21,63.74,77.99350000000001,0,0,1,0,1,0,0,0,1,0,0,1,0,0
S4431,63.53,98.56,81.8,68.60000000000001,50.9,66.7,8.2,5.1,7,24,87.93,73.176,0,0,0,0,0,1,0,0,1,0,0,0,1,0
S4432,83.39,70.58,86.66,43.9,90.22,91.58,23.1,4.8,3,19,72.59,79.16999999999999,0,1,0,0,0,0,1,0,1,0,0,0,0,1
S4433,74.34,60.91,51.15,23.9,65.19,80.75,13.7,6.3,8,19,92.94,69.3895,0,0,0,0,1,0,0,1,0,0,0,0,1,0
S4434,69.2,75.7,54.49,68.0,55.86,84.85,16.4,5.6,3,18,98.34,71.927,1,1,0,1,0,0,0,0,1,0,0,0,0,1
S4435,81.88,82.49,54.72,60.8,58.22,64.72,8.1,7.0,1,18,48.86,62.8485,1,1,0,0,0,0,1,0,1,0,0,1,0,0
S4436,63.75,72.9,61.6,72.6,98.16,77.43,22.7,7.9,1,24,63.69,75.658,0,1,0,0,1,0,0,1,0,0,0,0,0,1
S4437,47.57,78.35,71.35,36.6,88.69,81.7,14.4,8.5,4,21,79.9,74.435,1,1,1,0,1,0,0,0,1,0,0,1,0,0
S4438,69.33,70.82,90.18,98.7,61.89,79.45,20.8,7.8,2,22,58.33,68.125,1,0,1,0,0,1,0,1,0,0,0,0,1,0
S4439,71.31,76.24,67.55,6.7,98.17,95.76,15.7,5.7,10,19,56.02,72.67850000000001,1,1,1,0,0,0,1,0,1,0,0,0,1,0
S4440,52.11,97.63,50.87,8.0,57.01,94.91,6.2,7.6,8,23,88.82,67.256,1,0,0,1,0,0,0,0,0,0,1,1,0,0
S4441,96.14,74.99,74.17,91.7,86.68,98.55,22.6,6.6,1,21,98.82,88.3805,1,0,1,0,0,0,1,0,1,0,0,0,0,1
S4442,53.65,62.66,99.83,64.80000000000001,82.84,83.37,18.8,8.5,6,19,86.43,77.129,0,1,0,0,1,0,0,0,1,0,0,0,0,1
S4443,64.55,87.94,67.45,32.599999999999994,91.07,98.6,15.9,7.5,4,22,71.42,76.4245,1,0,0,1,0,0,0,0,1,0,0,0,0,1
S4444,49.3,66.88,98.06,76.2,69.08,91.62,10.0,4.8,8,23,66.55,68.4045,0,0,0,0,1,0,0,0,1,0,0,0,0,1
S4445,72.15,90.81,55.07,45.3,70.09,63.54,20.6,4.4,3,19,72.38,71.338,0,1,1,0,0,1,0,0,1,0,0,0,1,0
S4446,58.46,52.84,58.65,2.1,81.23,71.37,11.9,6.7,5,20,67.77,63.9765,0,0,0,0,0,0,1,1,0,0,0,0,0,1
S4447,69.36,66.61,86.21,65.1,69.91,61.92,15.7,5.8,7,24,70.17,70.787,1,0,1,0,1,0,0,1,0,0,0,1,0,0
S4448,53.48,54.72,75.06,24.3,52.07,50.21,6.4,4.8,1,21,52.21,53.6245,0,1,0,0,1,0,0,1,0,0,0,0,0,1
S4449,43.23,54.27,88.26,11.5,86.49,59.4,24.4,8.0,4,24,94.22,73.528,0,1,1,0,0,0,1,1,0,0,0,1,0,0
S4450,86.75,82.92,93.18,22.5,82.05,50.2,7.3,5.9,2,18,85.27,81.826,0,1,0,1,0,0,0,0,1,0,0,1,0,0
S4451,78.47,69.27,62.55,47.6,71.19,85.99,27.3,4.4,4,19,80.86,72.36800000000001,0,0,0,0,1,0,0,0,0,1,0,0,1,0
S4452,60.44,93.57,84.14,5.0,65.14,71.28,26.7,5.3,2,23,97.0,75.5575,1,1,1,0,0,0,1,0,0,0,1,1,0,0
S4453,42.85,75.82,80.38,88.3,66.04,65.63,29.3,7.4,2,23,57.06,64.3305,0,1,0,0,0,1,0,0,0,1,0,0,0,1
S4454,91.93,64.77,93.08,56.0,87.05,88.09,27.7,7.2,10,21,44.87,72.9455,0,1,1,0,0,1,0,0,1,0,0,0,0,1
S4455,50.19,86.04,71.51,29.3,86.46,91.62,29.3,5.3,7,21,89.57,77.381,0,0,1,0,0,0,1,0,1,0,0,0,1,0
S4456,95.84,81.2,52.59,68.7,90.95,98.76,27.2,5.7,8,24,99.91,87.5125,0,1,0,0,1,0,0,0,0,1,0,0,0,1
S4457,68.72,89.98,78.71,80.39999999999999,88.11,82.1,7.8,4.2,7,23,74.71,80.8065,1,0,1,0,0,0,1,0,1,0,0,1,0,0
S4458,60.42,82.18,97.94,61.4,87.9,73.08,15.9,8.8,9,23,43.53,71.5065,0,0,1,0,0,0,1,1,0,0,0,0,0,1
S4459,84.51,58.35,50.73,20.2,62.59,65.26,6.9,5.6,8,23,86.83,67.9965,0,1,0,0,1,0,0,0,1,0,0,1,0,0
S4460,92.61,83.52,62.01,11.0,55.08,61.12,18.6,8.6,8,19,44.42,60.7995,0,0,0,1,0,0,0,0,0,1,0,0,0,1
S4461,62.24,69.58,65.8,86.0,88.09,60.65,18.2,8.1,6,23,72.4,75.17999999999999,0,0,1,1,0,0,0,0,0,0,1,0,0,1
S4462,64.44,73.16,88.29,23.5,54.93,70.46,28.1,5.7,5,18,56.65,61.28549999999999,0,0,0,0,0,1,0,1,0,0,0,0,0,1
S4463,65.99,96.08,66.16,2.0,99.11,99.59,29.2,7.5,1,23,94.9,84.4845,0,1,0,1,0,0,0,1,0,0,0,1,0,0
S4464,95.34,68.0,61.95,64.3,93.75,50.04,11.5,6.4,2,18,67.08,78.806,1,0,0,0,0,0,1,0,1,0,0,1,0,0
S4465,81.55,80.6,82.43,15.3,76.67,59.86,19.6,8.9,10,19,93.91,79.809,0,0,0,0,1,0,0,1,0,0,0,0,1,0
S4466,54.86,68.17,52.32,99.1,67.61,59.42,16.6,7.2,1,21,57.94,63.4095,1,1,1,0,0,1,0,1,0,0,0,1,0,0
S4467,51.1,54.74,58.53,87.0,76.34,85.86,18.7,6.6,9,18,63.24,64.791,1,0,0,1,0,0,0,0,0,1,0,1,0,0
S4468,53.82,72.68,70.4,60.8,86.72,67.62,18.3,7.2,4,19,96.83,79.27850000000001,0,1,0,0,0,0,1,1,0,0,0,0,0,1
S4469,55.81,79.85,67.78,83.4,87.82,72.86,27.9,5.1,3,23,52.08,70.663,1,0,1,0,0,1,0,0,1,0,0,0,0,1
S4470,53.81,70.38,67.36,47.1,53.68,57.43,27.4,5.5,10,19,74.71,62.501,0,1,1,0,1,0,0,0,1,0,0,0,1,0
S4471,79.51,69.53,55.43,78.8,90.24,70.25,8.1,7.6,2,23,63.31,74.7385,1,1,1,1,0,0,0,0,1,0,0,0,1,0
S4472,46.96,91.02,68.04,64.7,82.07,55.16,13.6,4.4,7,24,86.45,76.9695,0,0,1,0,0,0,1,0,1,0,0,0,1,0
S4473,63.24,51.48,89.9,2.9,52.03,76.65,23.8,5.5,6,19,47.76,53.89200000000001,1,1,1,0,1,0,0,0,1,0,0,0,0,1
S4474,77.5,64.78,70.69,94.9,65.66,54.9,22.1,7.1,10,21,66.23,69.4115,1,0,1,0,0,0,1,0,0,1,0,0,1,0
S4475,57.45,90.59,79.31,86.1,75.53,89.53,20.8,9.0,10,18,81.94,77.586,0,0,1,0,0,0,1,0,0,0,1,0,0,1
S4476,43.92,96.03,58.18,95.3,59.42,78.33,29.8,8.6,7,24,64.42,65.50649999999999,1,1,1,0,0,0,1,0,0,0,1,0,0,1
S4477,44.91,70.61,53.49,73.1,57.76,86.2,13.4,8.2,1,21,43.51,54.5375,1,0,0,0,1,0,0,0,1,0,0,0,1,0
S4478,47.56,94.44,94.0,41.2,50.71,70.93,17.9,6.5,1,20,82.31,68.5505,1,0,0,0,0,1,0,0,0,1,0,1,0,0
S4479,90.15,59.95,66.57,20.7,95.58,69.07,29.5,8.0,10,23,70.19,76.42849999999999,1,0,0,0,0,0,1,0,0,1,0,0,1,0
S4480,79.47,61.07,67.52,18.0,52.81,54.91,22.4,6.8,4,18,40.68,54.746,1,0,0,0,0,1,0,0,0,1,0,0,1,0
S4481,43.87,92.31,93.88,14.5,68.3,76.19,21.2,6.3,5,21,76.76,70.22,0,0,1,0,0,1,0,0,0,1,0,0,0,1
S4482,63.46,95.16,85.39,22.1,60.29,75.73,8.9,5.1,2,18,95.19,75.3215,1,1,1,1,0,0,0,0,1,0,0,0,0,1
S4483,56.72,61.14,87.81,55.1,87.05,73.41,11.2,8.8,10,20,46.66,66.995,1,0,1,1,0,0,0,1,0,0,0,1,0,0
S4484,74.68,52.97,84.1,68.4,85.36,87.03,14.4,7.0,6,22,75.44,75.4455,0,0,0,0,0,1,0,0,0,0,1,0,0,1
S4485,71.37,54.52,55.29,31.4,90.31,91.63,16.6,7.4,2,23,83.72,74.0055,0,0,1,1,0,0,0,0,0,0,1,1,0,0
S4486,68.87,63.07,97.9,54.900000000000006,80.84,87.54,17.4,4.7,7,23,44.25,67.6405,0,1,1,1,0,0,0,0,1,0,0,1,0,0
S4487,58.87,88.07,95.46,34.1,79.58,57.19,27.6,6.2,10,19,41.36,67.50599999999999,1,1,0,0,0,1,0,0,1,0,0,1,0,0
S4488,48.27,75.5,61.81,69.7,70.36,81.1,7.7,8.8,2,23,67.85,66.302,1,1,0,0,1,0,0,0,0,0,1,1,0,0
S4489,84.54,72.78,90.2,98.8,81.82,54.02,11.2,7.8,1,23,87.47,83.9715,1,1,1,1,0,0,0,0,1,0,0,0,1,0
S4490,92.79,79.21,70.47,68.89999999999999,55.76,84.73,8.6,8.4,9,21,49.64,65.42999999999999,1,0,0,1,0,0,0,0,1,0,0,0,1,0
S4491,96.65,94.51,84.19,5.9,84.23,69.09,23.4,6.0,4,24,90.2,85.20700000000001,0,1,0,0,1,0,0,0,0,1,0,0,1,0
S4492,43.52,54.52,58.28,47.7,55.19,56.62,29.3,4.3,1,23,79.39,59.3235,0,1,0,0,1,0,0,0,1,0,0,0,1,0
S4493,84.39,84.74,76.93,77.0,93.09,93.1,27.3,5.8,8,23,59.93,79.822,1,0,1,0,1,0,0,0,1,0,0,0,0,1
S4494,83.59,96.34,56.33,54.2,75.28,80.7,23.1,5.9,9,20,70.95,75.65400000000001,1,0,1,0,0,1,0,0,0,0,1,1,0,0
S4495,96.83,60.67,76.81,95.1,76.52,67.74,5.5,5.5,6,24,97.93,83.4995,1,0,0,0,1,0,0,0,0,0,1,0,0,1
S4496,55.17,91.89,62.18,5.5,79.24,51.54,13.7,6.6,10,20,52.99,65.5715,1,1,1,0,0,1,0,0,1,0,0,0,1,0
S4497,84.53,84.9,72.62,29.1,88.8,76.87,26.6,5.0,10,18,69.97,78.264,0,0,0,0,0,0,1,0,1,0,0,1,0,0
S4498,43.28,50.72,83.4,22.1,73.92,96.16,21.3,8.7,4,18,77.47,65.0885,0,1,1,0,0,0,1,0,0,1,0,1,0,0
S4499,77.87,61.58,93.85,76.8,71.38,79.82,10.2,8.5,2,23,48.28,67.62650000000001,1,1,0,0,1,0,0,0,1,0,0,0,0,1
S4500,61.05,80.29,58.26,52.400000000000006,64.42,98.58,16.7,5.3,8,23,42.61,59.6255,0,1,0,0,1,0,0,0,1,0,0,0,1,0
S4501,86.13,75.12,94.66,13.8,56.4,56.82,7.2,7.3,3,19,40.81,61.466,1,0,1,0,0,0,1,0,1,0,0,0,0,1
S4502,91.8,76.4,69.5,28.6,59.52,78.42,18.0,6.5,6,18,59.48,66.33600000000001,1,0,0,0,0,1,0,0,0,1,0,1,0,0
S4503,61.89,61.6,92.19,52.3,50.03,89.91,27.5,5.3,6,21,44.44,56.4765,0,0,1,0,0,1,0,1,0,0,0,0,1,0
S4504,71.54,83.75,75.63,99.6,93.47,76.28,6.0,8.5,1,23,88.23,85.935,1,0,1,0,1,0,0,1,0,0,0,0,1,0
S4505,47.04,63.32,93.11,36.4,88.25,54.55,20.3,5.2,7,21,99.84,79.11999999999999,0,1,0,0,1,0,0,1,0,0,0,0,0,1
S4506,65.01,69.47,83.14,15.7,60.93,79.14,10.8,7.1,7,23,43.68,58.47,1,1,1,0,1,0,0,0,0,1,0,0,0,1
S4507,61.65,68.45,75.44,49.7,50.12,80.59,29.8,5.7,5,21,65.96,61.06999999999999,0,0,0,0,0,0,1,0,0,1,0,0,0,1
S4508,50.99,83.6,65.63,31.0,74.61,86.44,6.6,8.1,2,22,41.54,61.06949999999999,1,1,1,1,0,0,0,0,1,0,0,0,1,0
S4509,93.67,54.51,98.45,56.6,70.63,88.06,20.4,7.1,4,21,48.04,68.10099999999998,0,1,1,0,1,0,0,0,0,0,1,1,0,0
S4510,48.89,60.28,90.04,46.7,88.8,88.54,11.4,8.2,7,24,59.38,69.1995,1,1,0,0,0,1,0,0,0,1,0,0,1,0
S4511,78.14,60.02,69.06,68.89999999999999,70.14,83.17,27.1,5.7,6,18,63.62,68.02199999999999,1,0,0,1,0,0,0,0,0,1,0,0,1,0
S4512,93.41,55.42,58.34,91.4,93.21,60.79,8.0,4.1,9,23,96.39,84.789,0,1,1,0,0,1,0,1,0,0,0,0,1,0
S4513,94.72,60.38,88.98,20.1,54.79,70.21,15.7,5.1,8,18,63.75,65.5425,1,0,0,1,0,0,0,1,0,0,0,0,1,0
S4514,87.59,80.35,99.5,82.10000000000001,68.29,88.81,9.6,8.1,5,24,69.78,77.178,0,1,1,0,0,0,1,1,0,0,0,0,0,1
S4515,50.57,86.61,63.95,94.9,96.7,97.67,25.0,5.6,7,24,54.74,74.412,0,1,1,1,0,0,0,0,0,0,1,0,0,1
S4516,89.05,83.02,95.79,37.400000000000006,50.59,53.95,13.8,5.6,3,21,40.01,62.439,1,1,0,0,0,1,0,1,0,0,0,1,0,0
S4517,56.59,73.76,56.27,11.4,69.54,76.78,9.7,6.2,4,20,93.96,70.1015,1,1,0,1,0,0,0,1,0,0,0,0,1,0
S4518,95.34,52.62,97.61,82.2,62.99,65.63,23.1,5.4,7,20,44.9,66.187,1,0,1,0,0,0,1,0,0,0,1,0,1,0
S4519,82.55,97.95,87.27,70.1,76.59,61.27,25.4,8.0,1,24,97.85,86.7465,1,0,1,0,0,1,0,1,0,0,0,1,0,0
S4520,87.12,58.4,67.33,21.3,63.94,75.29,16.6,5.6,9,20,47.85,60.7705,0,0,1,0,1,0,0,0,1,0,0,0,1,0
S4521,45.1,83.42,65.23,44.5,93.5,80.3,14.5,7.0,7,23,76.29,75.14850000000001,1,1,0,1,0,0,0,0,1,0,0,0,1,0
S4522,74.97,95.64,82.17,57.8,96.86,50.49,20.8,6.3,9,19,99.96,90.7465,1,0,1,0,0,1,0,0,1,0,0,1,0,0
S4523,89.27,84.89,79.68,17.0,92.46,89.01,21.3,5.4,7,22,48.31,74.7575,1,0,1,1,0,0,0,0,1,0,0,1,0,0
S4524,91.7,60.9,95.95,71.5,69.93,90.99,21.5,5.3,5,21,65.44,73.399,0,0,1,0,0,0,1,0,0,0,1,1,0,0
S4525,41.72,65.79,88.31,69.0,99.5,98.28,11.9,6.5,1,19,86.83,79.965,1,0,0,0,0,1,0,1,0,0,0,1,0,0
S4526,96.35,51.51,77.02,88.69999999999999,86.75,59.03,28.5,5.1,7,20,41.93,70.8235,0,1,0,0,1,0,0,0,1,0,0,0,1,0
S4527,42.6,80.64,96.38,56.7,67.78,79.73,10.3,5.7,10,21,81.39,71.6405,1,1,0,0,1,0,0,0,0,1,0,1,0,0
S4528,76.87,80.65,79.64,57.400000000000006,54.68,71.33,14.4,4.2,9,19,44.82,62.071,0,1,1,1,0,0,0,0,0,1,0,1,0,0
S4529,81.6,86.28,92.48,61.900000000000006,83.35,66.74,12.1,8.0,3,18,54.19,76.0775,1,1,1,0,0,0,1,0,1,0,0,0,0,1
S4530,46.44,50.55,92.05,27.4,86.43,78.28,28.3,4.2,5,20,49.6,63.4525,1,0,0,0,0,0,1,0,1,0,0,0,0,1
S4531,42.88,90.89,95.96,75.9,56.12,89.12,25.7,8.4,10,19,94.44,73.9025,0,1,1,1,0,0,0,0,0,1,0,1,0,0
S4532,87.09,86.94,53.38,66.2,77.49,51.15,25.3,4.2,3,23,50.83,70.707,1,1,1,0,0,1,0,0,0,1,0,1,0,0
S4533,63.08,57.04,79.19,83.9,99.35,98.47,5.1,8.2,1,18,42.43,70.5445,1,1,1,0,0,1,0,0,0,1,0,0,0,1
S4534,46.43,67.38,73.42,76.9,66.31,90.49,22.1,7.2,8,20,75.26,66.9665,1,0,0,1,0,0,0,0,1,0,0,1,0,0
S4535,85.76,81.93,74.53,63.9,65.09,87.56,10.8,6.5,7,22,60.77,70.52100000000002,0,1,0,0,0,1,0,0,1,0,0,0,0,1
S4536,90.95,74.79,73.0,16.1,95.17,88.02,29.2,4.7,10,24,64.34,77.60199999999999,1,0,1,0,0,1,0,0,1,0,0,0,0,1
S4537,75.24,55.75,91.87,91.9,55.87,69.45,18.3,5.3,8,20,47.14,61.97649999999999,0,1,0,0,0,1,0,0,1,0,0,0,0,1
S4538,49.67,54.37,65.92,36.7,96.68,87.58,19.1,7.5,3,23,84.89,74.2595,0,0,0,1,0,0,0,0,1,0,0,0,1,0
S4539,40.91,89.07,73.14,96.4,88.97,69.34,13.9,6.6,5,22,76.09,77.3445,0,1,0,0,1,0,0,0,0,0,1,0,0,1
S4540,82.05,57.8,60.03,40.2,69.54,94.94,18.4,6.6,7,22,61.85,65.315,1,1,0,0,0,0,1,0,1,0,0,1,0,0
S4541,73.01,58.6,62.59,14.6,54.18,58.86,23.7,4.7,9,22,50.29,55.557,0,1,1,0,1,0,0,0,1,0,0,1,0,0
S4542,79.05,91.55,83.02,88.5,50.96,64.62,19.0,6.4,6,21,75.61,72.5075,0,1,1,0,0,1,0,0,1,0,0,0,0,1
S4543,88.79,80.61,55.85,79.5,68.79,77.57,21.0,7.0,3,21,86.72,77.287,1,0,1,1,0,0,0,0,1,0,0,0,1,0
S4544,66.05,80.24,59.39,78.60000000000001,85.27,65.96,16.8,4.6,7,24,58.74,72.0785,0,0,1,0,0,0,1,0,0,0,1,1,0,0
S4545,47.47,73.97,76.4,8.9,74.38,71.21,22.9,8.9,7,22,41.55,59.0025,0,0,0,0,0,1,0,0,1,0,0,0,0,1
S4546,96.4,78.45,52.19,87.89999999999999,86.93,74.62,27.5,8.2,3,24,52.86,75.13550000000001,1,0,1,0,0,0,1,0,0,1,0,1,0,0
S4547,72.72,80.09,56.35,59.6,83.53,92.82,6.3,5.6,5,18,80.94,76.8305,1,0,0,0,0,0,1,0,0,0,1,0,0,1
S4548,76.92,98.39,93.17,47.0,78.65,76.16,7.7,6.8,6,22,99.35,86.396,0,0,1,0,1,0,0,0,1,0,0,1,0,0
S4549,96.0,61.15,92.31,91.3,98.37,68.12,22.1,6.8,1,19,40.8,77.0795,1,0,0,0,0,1,0,1,0,0,0,0,1,0
S4550,95.9,60.73,67.39,66.6,86.42,62.39,14.4,4.5,1,22,58.37,74.082,1,0,1,0,0,0,1,0,0,0,1,0,1,0
S4551,74.33,52.86,67.4,13.3,95.73,70.43,12.0,6.2,4,21,43.72,66.1325,1,1,0,0,1,0,0,0,0,0,1,0,1,0
S4552,57.86,82.91,96.83,52.0,62.11,75.79,9.5,5.0,10,21,58.98,66.7765,0,1,1,1,0,0,0,0,1,0,0,0,1,0
S4553,99.83,77.45,51.29,63.7,85.68,87.31,19.3,5.7,7,19,64.35,76.69749999999999,0,1,1,0,0,0,1,0,0,1,0,1,0,0
S4554,80.85,55.56,79.01,89.9,79.89,56.05,13.7,8.7,7,19,95.25,80.637,1,1,0,0,0,1,0,0,0,1,0,1,0,0
S4555,64.51,68.23,79.87,28.0,96.21,61.08,17.7,6.8,8,20,44.83,69.3685,0,0,0,1,0,0,0,0,0,1,0,0,1,0
S4556,73.59,58.93,89.39,79.4,75.52,68.98,29.0,4.3,6,18,86.63,77.1005,1,1,1,0,0,0,1,0,0,0,1,1,0,0
S4557,64.95,66.57,97.59,80.0,63.98,68.02,24.0,7.4,7,18,63.73,68.6135,1,1,1,0,0,0,1,1,0,0,0,0,0,1
S4558,93.3,97.56,67.79,12.8,69.24,69.59,24.9,9.0,6,18,88.68,78.99000000000001,1,1,0,0,0,1,0,0,1,0,0,0,1,0
S4559,68.95,84.17,71.89,1.7000000000000002,60.94,89.68,8.1,4.8,5,23,70.8,66.224,1,0,1,0,0,0,1,1,0,0,0,1,0,0
S4560,89.41,50.38,83.56,58.1,61.0,66.21,13.1,7.4,10,21,42.36,61.1195,1,1,0,0,0,1,0,0,0,1,0,0,0,1
S4561,90.41,62.63,98.36,78.89999999999999,73.52,75.09,7.7,8.1,6,18,96.77,82.9855,0,0,0,0,0,1,0,0,0,0,1,0,0,1
S4562,89.46,50.52,94.54,55.4,94.63,81.2,29.2,8.2,10,20,44.96,72.85000000000001,0,1,0,0,0,1,0,0,0,1,0,1,0,0
S4563,83.33,85.74,83.35,81.30000000000001,59.59,61.61,22.1,7.5,4,20,75.86,74.60249999999999,0,1,1,0,0,1,0,1,0,0,0,0,1,0
S4564,91.29,73.47,92.84,62.2,64.39,85.93,5.5,8.5,7,18,92.66,79.59,0,0,1,0,0,0,1,0,0,1,0,0,0,1
S4565,63.23,99.7,54.26,65.3,92.65,77.36,16.9,4.2,8,19,44.79,72.123,1,0,0,1,0,0,0,0,1,0,0,0,1,0
S4566,46.88,86.68,68.86,2.8000000000000003,66.96,72.34,11.6,4.3,8,20,73.23,65.4555,1,1,1,1,0,0,0,0,1,0,0,1,0,0
S4567,90.55,75.9,50.65,8.9,98.12,90.49,18.5,4.7,4,24,89.46,82.2785,0,0,0,0,1,0,0,1,0,0,0,1,0,0
S4568,69.89,90.24,58.87,72.5,63.45,62.17,9.5,4.2,3,19,99.18,77.3615,0,0,0,0,0,1,0,0,1,0,0,1,0,0
S4569,47.64,85.24,81.52,76.3,72.11,94.16,6.4,4.6,7,24,83.46,74.39699999999999,1,1,0,0,0,0,1,0,0,1,0,0,1,0
S4570,46.92,62.19,94.28,54.2,54.78,78.05,13.1,8.1,7,21,56.7,59.1135,1,0,0,0,0,0,1,0,1,0,0,0,1,0
S4571,49.55,76.51,81.64,59.0,99.61,80.46,12.4,8.5,3,23,81.97,80.3985,1,0,1,0,1,0,0,0,1,0,0,0,0,1
S4572,85.06,77.8,83.21,61.4,94.51,93.75,22.9,5.7,1,20,82.35,84.76050000000001,0,1,0,1,0,0,0,0,1,0,0,0,0,1
S4573,82.65,72.56,55.19,10.5,90.88,90.88,16.9,8.8,3,19,82.0,77.0895,1,1,1,0,0,0,1,0,0,0,1,0,1,0
S4574,52.23,58.96,83.24,66.8,57.87,80.08,12.3,6.1,3,24,91.26,68.51849999999999,1,1,0,0,1,0,0,0,1,0,0,1,0,0
S4575,90.82,61.17,72.72,47.8,98.47,87.66,19.3,4.9,6,18,45.24,73.3115,0,1,0,1,0,0,0,0,1,0,0,0,1,0
S4576,56.88,64.05,82.57,60.3,96.46,71.67,6.8,7.4,2,24,46.51,69.977,0,0,1,0,0,0,1,1,0,0,0,0,0,1
S4577,87.58,50.51,66.31,56.3,71.78,77.37,21.6,6.1,4,24,78.44,71.30349999999999,0,1,0,0,0,1,0,0,1,0,0,1,0,0
S4578,69.33,95.85,79.07,76.3,84.08,53.1,8.7,4.1,5,21,97.23,86.0305,1,0,1,0,1,0,0,0,0,1,0,0,0,1
S4579,83.89,84.3,71.2,31.9,99.62,54.49,12.0,8.8,6,22,67.95,80.817,1,1,1,0,0,0,1,0,0,0,1,1,0,0
S4580,62.88,84.48,77.93,37.400000000000006,70.49,91.47,12.1,7.0,10,22,97.63,77.32149999999999,0,0,0,0,1,0,0,0,0,0,1,0,1,0
S4581,60.83,78.62,57.35,39.2,55.65,52.98,16.6,7.1,9,18,96.29,69.38,1,0,1,0,1,0,0,0,0,1,0,0,0,1
S4582,90.48,84.47,69.79,76.2,93.39,58.47,28.8,8.9,10,21,94.17,88.591,1,1,0,0,1,0,0,1,0,0,0,1,0,0
S4583,42.12,99.09,68.71,43.1,73.82,89.79,13.1,8.2,5,21,94.59,76.001,1,0,0,0,0,1,0,0,0,0,1,0,0,1
S4584,98.48,69.26,86.82,17.7,99.35,50.06,12.0,5.8,2,21,93.9,88.008,0,0,0,1,0,0,0,0,0,1,0,0,1,0
S4585,78.89,85.63,85.32,98.3,77.54,64.12,9.2,4.2,7,21,89.19,83.68449999999999,0,0,1,1,0,0,0,0,0,1,0,0,0,1
S4586,65.95,67.98,95.44,49.3,51.47,79.2,14.8,5.1,10,22,81.7,67.96450000000002,1,0,0,0,0,0,1,0,0,1,0,0,0,1
S4587,77.68,92.71,81.6,10.9,74.59,79.77,9.6,5.8,1,19,41.46,67.0055,1,1,1,0,0,1,0,0,0,1,0,1,0,0
S4588,47.36,92.9,65.73,67.0,85.9,88.86,8.4,8.8,8,21,47.94,68.717,1,1,0,1,0,0,0,0,1,0,0,1,0,0
S4589,70.84,95.11,89.16,73.89999999999999,51.3,75.3,26.4,8.4,7,19,48.05,64.90599999999999,1,0,0,0,0,0,1,1,0,0,0,0,1,0
S4590,99.11,50.27,74.85,50.0,70.67,75.47,6.3,4.1,8,24,41.41,63.9455,0,1,1,0,0,0,1,0,0,1,0,1,0,0
S4591,54.12,64.91,59.67,64.6,57.78,86.27,22.8,8.9,1,24,47.0,56.13549999999999,0,0,0,0,1,0,0,0,1,0,0,1,0,0
S4592,83.34,56.7,87.37,17.3,82.15,74.93,10.1,5.3,6,21,95.18,79.048,1,1,1,0,0,1,0,0,1,0,0,0,0,1
S4593,66.1,72.7,56.63,36.8,97.87,80.42,5.3,7.9,5,20,79.83,77.64150000000001,1,1,1,1,0,0,0,0,1,0,0,0,1,0
S4594,79.15,74.77,58.91,16.200000000000003,81.23,94.89,24.9,4.6,2,23,58.72,68.838,0,0,0,0,0,1,0,0,0,1,0,0,1,0
S4595,52.29,62.8,87.94,38.7,84.74,70.07,22.6,5.1,8,20,87.6,75.3145,1,0,1,0,0,1,0,0,1,0,0,1,0,0
S4596,68.23,86.17,88.51,56.3,69.83,69.26,13.4,6.5,10,24,69.3,73.1,0,1,1,1,0,0,0,0,1,0,0,0,0,1
S4597,98.81,63.49,89.54,44.3,78.16,50.18,7.0,7.5,2,23,48.53,71.0945,1,1,1,1,0,0,0,0,1,0,0,0,1,0
S4598,51.72,92.69,64.67,59.3,77.19,80.67,14.0,5.7,2,20,93.07,77.51799999999999,0,0,0,0,0,1,0,0,0,1,0,0,1,0
S4599,78.19,58.88,93.33,50.2,87.98,51.49,9.5,8.4,9,21,60.32,73.8775,1,0,0,0,0,0,1,0,0,0,1,0,0,1
S4600,74.54,68.36,86.13,31.8,92.85,75.21,28.3,8.7,6,19,81.93,79.97550000000001,1,0,0,0,0,1,0,0,1,0,0,1,0,0
S4601,73.9,81.11,91.7,14.3,83.14,90.21,18.2,4.6,3,23,57.44,72.4385,0,0,0,1,0,0,0,0,0,0,1,1,0,0
S4602,76.91,80.27,85.43,25.3,98.99,77.5,29.1,7.6,9,22,70.0,80.582,0,1,1,0,0,1,0,0,1,0,0,1,0,0
S4603,70.13,53.9,78.98,20.1,91.41,63.48,13.8,4.7,2,18,88.98,77.1755,1,0,1,1,0,0,0,0,0,0,1,0,0,1
S4604,41.02,92.31,55.47,70.7,56.23,89.31,18.9,5.7,8,23,49.41,58.303,1,1,0,0,0,0,1,0,0,0,1,0,0,1
S4605,94.01,79.9,85.55,82.0,75.37,63.49,9.8,8.1,4,23,98.64,86.0125,0,1,0,0,0,1,0,0,0,1,0,0,1,0
S4606,89.62,93.49,84.52,72.0,95.16,86.65,25.2,5.7,10,22,44.21,79.119,0,1,1,0,0,0,1,0,1,0,0,0,0,1
S4607,50.45,93.38,65.62,64.4,97.2,80.51,6.0,8.5,2,21,72.04,78.5265,1,0,1,0,0,1,0,1,0,0,0,1,0,0
S4608,64.8,77.3,86.79,30.8,69.01,58.5,22.4,6.1,5,20,94.96,75.97699999999999,1,1,1,0,0,1,0,0,1,0,0,0,1,0
S4609,86.23,95.54,77.52,71.10000000000001,86.29,95.26,14.8,5.5,3,20,96.74,88.64450000000001,0,0,1,1,0,0,0,0,0,1,0,0,0,1
S4610,98.8,92.42,77.97,60.5,70.53,60.03,19.5,8.9,9,24,53.93,74.14649999999999,0,0,0,0,1,0,0,0,0,1,0,0,0,1
S4611,97.07,97.91,68.38,4.699999999999999,56.18,99.48,19.8,6.2,8,19,48.64,65.334,0,1,1,1,0,0,0,1,0,0,0,0,1,0
S4612,93.96,92.52,55.84,90.8,94.23,50.37,22.8,7.7,6,21,83.46,87.23,0,1,1,0,0,1,0,0,0,1,0,1,0,0
S4613,49.5,91.06,60.85,8.0,96.6,63.17,10.1,7.0,6,22,42.52,67.179,0,0,0,0,1,0,0,0,1,0,0,1,0,0
S4614,94.87,73.47,88.44,50.3,75.24,59.99,18.3,5.0,9,21,69.11,76.4595,1,0,1,0,1,0,0,0,0,1,0,0,0,1
S4615,92.71,60.6,63.57,51.3,50.92,50.7,15.7,6.5,2,21,87.78,69.1395,1,0,0,0,0,0,1,0,0,1,0,0,1,0
S4616,62.62,95.54,50.11,83.69999999999999,90.8,86.62,12.1,4.4,7,20,73.62,78.56500000000001,0,1,0,0,0,1,0,1,0,0,0,0,0,1
S4617,63.67,86.13,99.85,91.3,73.85,84.67,17.4,7.5,3,22,51.28,71.99499999999999,1,0,0,1,0,0,0,0,1,0,0,0,1,0
S4618,67.59,64.09,60.53,94.0,53.75,89.62,28.8,6.6,3,18,69.22,63.935,1,0,1,0,1,0,0,0,1,0,0,0,0,1
S4619,79.37,67.05,82.77,57.0,59.47,62.83,28.7,4.6,4,23,95.28,74.75099999999999,0,1,1,0,1,0,0,0,0,0,1,1,0,0
S4620,55.65,84.3,96.35,67.9,57.61,72.22,12.0,7.8,5,20,77.03,70.563,1,0,0,1,0,0,0,0,1,0,0,0,1,0
S4621,41.38,73.89,79.99,8.9,84.31,82.96,27.1,8.0,5,22,83.29,71.85,1,1,0,1,0,0,0,1,0,0,0,1,0,0
S4622,48.47,54.07,89.95,48.8,64.97,71.99,26.9,7.7,10,19,60.18,61.352,1,0,1,0,1,0,0,0,1,0,0,1,0,0
S4623,66.41,57.07,98.82,89.80000000000001,56.38,84.87,11.2,5.6,1,23,51.31,62.6355,0,1,1,1,0,0,0,1,0,0,0,0,1,0
S4624,56.92,87.28,93.02,45.6,95.88,81.7,20.0,7.6,10,23,55.34,75.811,0,0,1,0,0,0,1,0,0,0,1,0,1,0
S4625,85.87,66.43,77.9,7.0,97.83,55.73,26.7,6.9,6,20,71.99,78.3315,1,1,1,0,1,0,0,0,1,0,0,0,0,1
S4626,46.4,75.38,68.19,20.1,56.93,89.05,17.9,6.7,2,24,56.81,57.3725,1,1,0,0,0,0,1,1,0,0,0,0,1,0
S4627,95.05,88.33,74.12,43.0,61.51,86.03,14.2,7.2,2,19,72.52,73.65199999999999,1,0,1,0,0,1,0,0,1,0,0,0,0,1
S4628,93.72,87.56,92.09,23.8,79.61,82.79,21.3,7.2,9,20,82.47,82.0915,1,1,1,0,0,0,1,0,1,0,0,0,1,0
S4629,94.53,58.35,92.67,39.2,57.53,57.75,9.3,8.0,1,21,84.06,72.43299999999999,1,0,1,1,0,0,0,0,0,0,1,1,0,0
S4630,84.38,54.92,92.29,33.3,57.93,63.4,9.0,8.9,2,24,49.88,61.63799999999999,1,0,0,0,1,0,0,0,1,0,0,0,1,0
S4631,46.42,79.56,79.86,31.9,66.83,69.66,25.8,7.6,10,22,85.03,69.78450000000001,0,1,1,0,0,0,1,0,1,0,0,0,1,0
S4632,66.29,87.08,73.85,9.1,97.46,64.0,6.0,6.2,9,19,80.36,80.17349999999999,1,0,0,1,0,0,0,0,1,0,0,0,0,1
S4633,47.88,57.45,65.57,88.3,98.12,61.39,25.1,6.3,4,23,40.72,66.3875,1,1,0,1,0,0,0,0,0,0,1,0,0,1
S4634,99.26,68.6,50.17,69.3,92.09,90.27,12.3,4.1,4,20,43.53,72.17049999999999,0,0,0,0,0,0,1,0,0,1,0,1,0,0
S4635,59.98,93.51,88.22,62.3,84.79,81.91,17.1,4.8,10,23,78.77,80.09,1,0,1,0,1,0,0,0,1,0,0,0,1,0
S4636,75.12,97.21,63.85,60.6,86.03,78.27,18.6,5.1,9,19,63.02,76.8285,1,0,0,0,0,0,1,0,1,0,0,0,0,1
S4637,86.76,72.7,66.48,39.7,73.48,61.3,24.2,9.0,5,23,48.77,66.7885,1,0,0,0,0,1,0,1,0,0,0,0,1,0
S4638,95.24,53.98,92.17,82.30000000000001,76.51,95.9,27.1,7.8,4,20,42.66,69.333,1,0,0,0,0,0,1,0,0,0,1,1,0,0
S4639,85.33,62.88,52.61,93.0,81.72,59.56,25.1,4.7,9,24,49.56,69.0485,0,1,1,0,0,0,1,0,0,1,0,0,0,1
S4640,80.47,61.65,96.38,0.6,86.56,89.75,19.3,6.5,4,20,97.45,81.31649999999999,1,1,0,0,1,0,0,0,0,0,1,1,0,0
S4641,67.96,61.95,50.07,7.9,54.84,98.33,13.7,5.1,4,18,83.65,62.253,0,1,0,0,0,0,1,0,0,0,1,0,0,1
S4642,76.32,74.69,96.96,67.5,61.24,86.35,18.2,5.5,7,23,71.66,72.0095,1,0,1,1,0,0,0,0,1,0,0,0,1,0
S4643,45.65,79.16,72.74,23.6,98.15,99.64,5.8,7.0,10,18,96.49,80.743,1,0,0,0,1,0,0,0,1,0,0,0,0,1
S4644,93.04,56.13,55.11,91.2,66.76,82.55,11.1,7.0,10,24,77.15,71.76200000000001,0,1,0,1,0,0,0,0,1,0,0,1,0,0
S4645,72.63,94.47,83.71,66.7,63.42,60.87,14.2,8.4,1,18,83.54,76.682,1,1,0,0,1,0,0,1,0,0,0,0,0,1
S4646,42.41,81.0,94.79,36.8,71.1,60.19,13.0,4.8,3,23,56.96,65.4005,0,1,1,0,0,1,0,0,0,1,0,0,1,0
S4647,95.19,79.86,71.9,41.5,64.55,66.23,7.4,6.5,10,19,75.34,73.7225,0,0,1,0,0,1,0,0,0,1,0,0,1,0
S4648,69.36,99.36,84.57,69.1,54.56,50.36,6.3,7.0,4,21,48.61,65.7405,0,0,0,0,0,1,0,0,0,0,1,1,0,0
S4649,92.12,81.41,98.97,14.1,60.4,84.08,15.5,8.7,8,24,64.27,70.81899999999999,1,1,1,0,0,0,1,0,1,0,0,1,0,0
S4650,91.41,96.45,62.04,88.3,82.01,63.43,6.9,6.6,9,20,41.99,73.8985,1,0,1,0,0,1,0,0,0,0,1,0,0,1
S4651,88.95,64.31,91.02,0.5,61.16,90.76,12.2,5.7,1,22,53.0,63.714000000000006,1,0,0,0,1,0,0,0,1,0,0,0,1,0
S4652,43.68,62.01,64.76,97.9,82.38,67.96,16.9,5.5,3,24,44.49,63.061,1,0,0,0,0,1,0,0,0,0,1,0,1,0
S4653,54.82,75.83,71.32,16.8,55.0,74.0,10.2,5.1,3,18,63.27,59.887,0,1,0,0,1,0,0,0,0,0,1,0,0,1
S4654,92.53,75.43,64.09,74.2,52.09,98.28,7.0,8.8,8,19,90.58,73.58500000000001,1,0,0,1,0,0,0,1,0,0,0,0,0,1
S4655,93.94,61.32,72.3,4.0,93.08,62.11,15.8,7.0,5,23,62.68,74.31300000000002,1,0,0,0,0,0,1,1,0,0,0,1,0,0
S4656,67.48,84.98,50.25,43.1,88.0,86.06,16.2,5.5,5,19,89.9,78.924,0,0,0,1,0,0,0,0,0,0,1,1,0,0
S4657,66.4,51.48,65.17,63.0,83.3,87.76,27.9,7.7,8,19,79.39,72.1865,0,0,0,1,0,0,0,0,1,0,0,0,0,1
S4658,50.51,84.53,72.26,7.0,51.54,61.05,8.2,5.4,6,23,70.57,60.9365,1,1,1,0,0,1,0,0,0,0,1,0,0,1
S4659,98.1,72.86,81.61,44.3,61.97,75.05,20.4,6.5,6,22,54.21,68.1635,0,1,0,0,0,1,0,0,1,0,0,0,0,1
S4660,52.79,84.45,81.87,30.3,90.62,67.51,13.0,4.1,7,23,95.33,81.3065,0,0,0,0,0,1,0,0,1,0,0,0,1,0
S4661,51.46,73.85,79.19,49.8,57.23,88.6,8.1,8.2,10,22,43.25,57.187000000000005,0,1,1,1,0,0,0,0,0,1,0,1,0,0
S4662,79.64,98.87,64.65,50.5,90.64,81.12,14.8,8.8,1,23,81.33,83.291,0,1,0,0,0,0,1,0,0,0,1,1,0,0
S4663,54.57,66.73,97.37,78.5,79.21,73.8,15.7,8.3,9,18,77.27,74.9375,0,0,0,0,0,0,1,0,1,0,0,0,1,0
S4664,96.33,99.13,69.6,12.4,87.02,88.97,14.1,4.9,5,22,66.46,79.61999999999999,1,0,0,1,0,0,0,0,0,0,1,1,0,0
S4665,40.65,53.25,60.84,8.299999999999999,82.23,61.76,24.1,8.1,8,18,54.42,58.858,1,1,0,0,0,0,1,1,0,0,0,0,0,1
S4666,40.35,84.19,77.73,40.2,70.85,87.68,26.0,5.7,10,24,65.84,66.179,1,0,0,1,0,0,0,0,0,1,0,0,1,0
S4667,70.29,72.71,87.45,88.80000000000001,64.6,93.27,8.7,8.7,6,22,92.37,77.1075,1,0,0,1,0,0,0,0,0,0,1,0,0,1
S4668,69.28,91.11,50.61,85.5,83.64,93.93,9.2,5.5,6,22,90.21,81.03899999999999,1,1,1,0,0,0,1,1,0,0,0,1,0,0
S4669,49.8,89.48,63.82,56.0,90.35,89.18,15.5,4.4,4,23,96.48,81.29899999999999,1,0,1,0,1,0,0,1,0,0,0,0,1,0
S4670,69.67,90.01,91.25,88.9,52.24,70.4,13.0,8.3,3,22,58.47,67.8115,1,0,1,0,1,0,0,0,1,0,0,1,0,0
S4671,64.7,54.74,75.35,80.5,69.0,99.09,25.5,4.6,2,18,63.23,65.98349999999999,0,1,1,0,0,1,0,1,0,0,0,0,0,1
S4672,93.42,91.12,70.42,27.8,67.54,68.98,29.9,6.7,10,24,41.12,66.655,1,1,0,0,0,0,1,0,1,0,0,0,0,1
S4673,40.56,60.7,96.55,17.0,77.97,81.93,9.5,5.9,4,23,96.58,73.23,1,0,1,0,0,1,0,0,1,0,0,1,0,0
S4674,98.58,51.28,54.48,30.1,55.7,58.05,24.1,7.8,1,20,59.76,61.082,1,0,0,1,0,0,0,0,1,0,0,0,1,0
S4675,77.46,60.89,80.78,22.7,96.67,99.02,20.2,7.7,6,24,64.25,75.029,0,1,0,0,1,0,0,0,1,0,0,0,1,0
S4676,49.11,73.96,67.11,62.3,77.43,85.2,21.1,7.9,7,24,94.47,75.133,1,0,1,0,0,0,1,0,1,0,0,0,1,0
S4677,42.81,87.11,53.54,58.5,96.19,87.67,11.6,4.3,5,18,71.6,74.524,1,1,1,0,0,0,1,0,0,0,1,0,0,1
S4678,72.29,60.93,60.69,59.8,90.85,53.29,7.4,8.3,10,24,73.97,74.7895,0,1,0,0,0,0,1,0,1,0,0,1,0,0
S4679,54.09,55.65,81.4,18.9,59.58,88.17,18.6,6.3,10,20,50.57,56.0625,1,0,0,0,1,0,0,0,1,0,0,0,1,0
S4680,58.07,82.3,51.41,79.2,56.62,88.74,20.3,5.1,10,19,69.92,64.6225,1,0,1,0,0,1,0,1,0,0,0,0,1,0
S4681,54.71,99.19,79.61,43.4,93.06,83.59,29.1,5.5,1,23,95.09,84.9065,0,0,0,0,1,0,0,0,1,0,0,0,1,0
S4682,79.01,80.04,97.84,47.2,76.81,64.6,21.9,8.5,3,19,73.52,77.4245,1,1,0,0,0,1,0,0,0,0,1,0,1,0
S4683,73.21,84.55,89.75,99.7,50.99,74.48,16.1,4.0,6,23,55.31,66.74849999999999,0,0,0,1,0,0,0,0,1,0,0,0,1,0
S4684,44.68,78.06,67.28,28.2,96.71,55.52,29.9,8.0,7,24,41.87,66.02949999999998,1,0,0,1,0,0,0,0,1,0,0,1,0,0
S4685,71.59,89.12,56.91,39.4,73.65,73.58,14.3,8.6,9,23,60.18,68.9075,1,0,0,0,0,1,0,0,0,1,0,0,0,1
S4686,87.47,98.79,73.25,67.6,65.05,62.19,9.1,5.3,2,18,74.36,76.749,1,0,0,1,0,0,0,0,1,0,0,1,0,0
S4687,44.87,77.21,69.65,88.0,75.83,67.45,20.4,8.1,3,20,42.56,63.066,0,0,1,1,0,0,0,0,1,0,0,0,0,1
S4688,93.38,70.84,98.59,12.7,91.15,58.13,11.7,4.8,4,23,76.59,81.6195,0,1,0,0,0,0,1,0,1,0,0,0,0,1
S4689,74.7,93.02,99.49,73.5,55.51,61.5,28.1,4.1,5,20,71.4,73.285,0,1,0,0,0,0,1,0,0,1,0,1,0,0
S4690,97.04,98.49,70.53,91.8,67.95,53.83,15.7,7.0,7,23,87.01,83.11000000000001,1,1,1,0,1,0,0,1,0,0,0,0,0,1
S4691,48.89,56.46,57.44,42.3,65.94,96.0,8.7,7.2,6,20,41.73,53.876000000000005,1,1,0,0,1,0,0,1,0,0,0,0,0,1
S4692,99.61,78.91,95.53,28.700000000000003,91.98,76.52,8.5,4.8,5,19,86.85,87.07249999999999,0,0,0,0,1,0,0,0,0,1,0,0,0,1
S4693,78.66,89.62,89.68,67.8,88.92,69.84,21.2,6.6,6,18,71.25,82.0885,0,1,1,0,0,0,1,0,1,0,0,0,0,1
S4694,74.05,76.67,75.56,24.6,70.01,76.75,14.1,5.9,1,23,62.23,67.9545,1,0,1,0,1,0,0,0,0,0,1,0,1,0
S4695,70.92,70.46,68.27,38.4,83.22,81.41,14.1,4.4,8,21,97.92,79.39999999999999,1,1,1,0,1,0,0,0,1,0,0,1,0,0
S4696,41.42,82.76,72.41,89.7,69.72,96.09,20.3,6.5,7,20,49.61,63.6715,1,1,0,0,0,0,1,0,0,0,1,1,0,0
S4697,96.38,63.51,95.09,59.0,78.57,58.93,10.5,6.9,3,20,72.48,78.1335,1,1,0,0,0,1,0,0,1,0,0,0,1,0
S4698,78.64,67.46,59.23,9.5,99.56,64.78,8.6,5.1,2,21,59.26,72.996,0,1,1,0,0,0,1,0,0,0,1,0,1,0
S4699,45.5,99.61,90.34,33.0,76.78,98.79,21.4,7.7,9,18,71.65,73.39699999999999,1,1,0,0,0,1,0,0,1,0,0,0,1,0
S4700,41.26,81.82,50.91,62.7,99.43,68.56,5.1,4.4,5,20,73.14,74.80199999999999,1,1,0,0,0,0,1,1,0,0,0,1,0,0
S4701,43.05,93.65,96.03,48.1,87.36,51.13,27.7,6.8,9,18,45.37,70.0635,1,0,1,0,1,0,0,0,1,0,0,0,1,0
S4702,76.56,90.39,75.01,66.0,56.04,57.38,9.6,5.5,9,20,79.67,72.573,1,1,1,1,0,0,0,0,1,0,0,1,0,0
S4703,76.84,82.61,61.34,76.10000000000001,89.8,51.32,16.2,6.2,3,24,78.07,80.314,1,1,1,1,0,0,0,0,0,1,0,0,1,0
S4704,69.98,92.04,50.14,48.1,58.06,99.5,10.3,8.5,3,22,86.17,70.6825,1,0,1,0,0,1,0,0,0,1,0,1,0,0
S4705,58.41,64.36,77.98,98.7,76.62,63.94,10.5,7.3,9,24,45.44,65.4945,1,1,1,0,0,1,0,0,1,0,0,0,0,1
S4706,71.9,81.86,62.22,91.5,80.66,96.18,25.9,4.7,3,20,57.84,72.519,0,0,1,0,0,1,0,0,1,0,0,0,1,0
S4707,70.98,79.53,81.56,6.0,94.61,99.79,19.6,8.4,7,22,79.01,79.16799999999999,0,1,1,1,0,0,0,0,1,0,0,0,0,1
S4708,41.16,81.12,64.06,26.6,60.52,79.99,12.8,5.9,3,23,48.2,56.284,0,0,0,0,0,1,0,1,0,0,0,0,1,0
S4709,56.95,58.43,54.4,30.1,93.8,51.66,11.3,5.7,1,18,80.66,72.557,1,0,0,0,0,0,1,0,1,0,0,1,0,0
S4710,43.19,63.86,75.25,18.4,96.72,54.08,10.3,6.5,3,20,43.54,64.4035,0,0,0,0,0,0,1,0,1,0,0,0,0,1
S4711,94.01,64.33,78.22,31.200000000000003,54.47,74.08,18.9,5.0,5,19,60.1,64.499,1,0,0,1,0,0,0,1,0,0,0,0,0,1
S4712,83.51,80.1,72.63,42.5,94.26,70.31,23.3,8.6,10,19,90.8,84.9075,1,1,1,0,0,0,1,0,1,0,0,0,0,1
S4713,99.77,98.63,72.9,5.2,62.96,80.31,11.3,6.3,8,21,86.46,77.81299999999999,1,0,1,0,0,1,0,0,0,1,0,0,1,0
S4714,58.13,97.7,79.48,12.7,54.05,71.94,13.3,6.0,7,19,78.69,67.845,1,0,0,1,0,0,0,0,0,1,0,0,1,0
S4715,92.71,61.36,76.32,9.6,97.93,96.7,23.0,4.9,10,22,92.23,83.65899999999999,0,0,1,0,0,1,0,1,0,0,0,0,1,0
S4716,76.18,65.24,56.63,4.6000000000000005,69.61,76.74,23.4,8.0,1,19,82.56,68.629,1,0,1,0,0,0,1,0,1,0,0,0,0,1
S4717,67.19,51.8,59.85,48.1,81.15,84.69,10.2,8.8,2,19,71.16,68.37349999999999,1,0,1,0,0,1,0,0,0,1,0,1,0,0
S4718,53.35,69.94,57.09,33.4,77.64,94.82,14.6,8.3,9,19,98.78,73.8595,0,0,0,1,0,0,0,0,1,0,0,0,0,1
S4719,84.3,91.73,84.66,93.5,60.66,57.34,26.7,4.8,10,20,81.69,78.166,0,1,0,0,0,1,0,0,0,0,1,0,0,1
S4720,94.25,95.79,76.43,10.3,83.48,61.49,23.5,7.8,8,21,76.08,80.728,0,1,0,0,0,0,1,0,1,0,0,1,0,0
S4721,54.12,61.82,71.49,92.6,52.31,55.37,9.1,5.0,2,18,64.53,60.9955,1,1,0,0,1,0,0,0,0,1,0,1,0,0
S4722,50.52,63.29,89.92,8.7,60.15,56.98,14.6,4.2,3,21,94.14,68.0785,0,0,1,1,0,0,0,0,1,0,0,0,0,1
S4723,81.77,61.04,66.29,61.900000000000006,97.23,75.63,29.3,6.4,8,22,57.74,74.7495,1,1,1,0,0,1,0,0,1,0,0,0,0,1
S4724,98.62,67.51,78.41,24.8,97.68,66.06,18.1,7.4,4,20,40.55,73.44200000000001,1,0,0,1,0,0,0,0,1,0,0,1,0,0
S4725,85.0,90.24,53.72,82.69999999999999,74.13,71.16,23.0,4.6,2,23,51.8,70.982,0,1,0,0,0,1,0,0,1,0,0,0,0,1
S4726,57.07,82.34,87.22,6.1,58.45,99.12,7.3,7.0,4,20,46.57,59.116,0,1,1,0,1,0,0,0,1,0,0,0,0,1
S4727,65.2,89.3,84.76,95.3,71.08,57.84,25.8,8.2,6,24,59.14,72.52499999999999,0,1,0,0,0,0,1,1,0,0,0,1,0,0
S4728,63.06,79.15,90.12,4.699999999999999,93.85,77.04,20.1,5.0,8,19,89.55,81.121,1,1,0,0,0,1,0,1,0,0,0,0,1,0
S4729,91.13,62.89,94.22,24.1,53.51,54.94,9.4,6.1,3,19,79.09,69.5555,1,1,0,0,0,1,0,1,0,0,0,0,0,1
S4730,86.28,61.4,87.9,46.4,56.39,65.92,14.5,6.5,5,22,50.14,62.714,1,1,0,0,1,0,0,1,0,0,0,0,0,1
S4731,75.34,50.45,92.22,75.6,94.78,76.38,7.1,8.2,3,23,87.33,82.137,1,1,1,1,0,0,0,0,0,1,0,0,1,0
S4732,56.5,89.05,67.28,95.1,70.77,97.33,24.4,7.9,8,24,70.25,72.10900000000001,1,1,0,0,0,0,1,1,0,0,0,1,0,0
S4733,96.28,92.36,67.17,42.8,54.17,69.56,23.6,7.8,8,20,70.76,71.09400000000001,1,1,0,0,0,1,0,0,0,1,0,0,1,0
S4734,79.2,88.41,97.22,75.7,56.96,53.25,17.3,7.4,6,23,61.73,71.16900000000001,0,0,1,0,0,1,0,1,0,0,0,0,0,1
S4735,98.23,53.72,95.73,72.69999999999999,94.12,69.41,16.3,7.1,10,18,91.88,87.20649999999999,1,1,1,0,0,0,1,0,1,0,0,0,1,0
S4736,74.81,88.11,77.42,57.1,74.51,57.29,16.6,6.5,1,21,59.1,72.16300000000001,0,0,1,0,1,0,0,1,0,0,0,1,0,0
S4737,89.27,52.29,68.33,69.1,58.15,61.5,5.9,5.8,3,20,45.65,60.37949999999999,0,0,1,1,0,0,0,0,1,0,0,0,0,1
S4738,88.79,55.28,93.3,3.8,94.7,80.9,14.2,6.6,7,23,58.16,74.0805,0,1,1,0,0,0,1,0,1,0,0,0,1,0
S4739,60.24,72.02,66.17,44.2,92.26,53.37,8.2,8.3,8,18,82.92,77.074,0,0,1,1,0,0,0,0,1,0,0,0,0,1
S4740,97.84,73.81,57.68,78.60000000000001,51.15,73.24,9.6,6.9,3,18,79.45,70.65299999999999,0,1,1,0,1,0,0,0,0,0,1,1,0,0
S4741,41.32,90.81,81.97,47.400000000000006,79.05,80.47,29.1,8.9,6,24,51.28,66.9215,1,0,1,0,1,0,0,0,0,0,1,0,1,0
S4742,86.12,83.98,52.13,87.4,62.22,71.09,11.5,4.7,2,24,46.71,65.4415,1,1,1,0,0,0,1,0,1,0,0,1,0,0
S4743,97.93,57.67,68.96,83.4,76.66,50.96,17.1,6.2,1,21,79.65,77.3165,1,1,1,0,0,1,0,0,0,0,1,0,0,1
S4744,60.33,61.31,90.38,86.30000000000001,63.96,99.28,27.2,5.0,9,18,80.58,70.932,1,1,0,0,1,0,0,0,0,0,1,0,0,1
S4745,78.89,64.28,64.76,13.0,65.79,68.36,15.3,5.8,9,22,61.97,63.831,0,1,1,0,1,0,0,1,0,0,0,1,0,0
S4746,73.73,56.18,96.57,24.4,80.09,88.93,18.2,7.9,5,18,90.57,77.033,0,1,1,0,0,0,1,0,0,0,1,0,0,1
S4747,85.69,64.38,97.79,3.0,76.94,66.28,9.2,8.1,1,23,98.69,80.19399999999999,0,1,1,0,0,0,1,0,0,0,1,1,0,0
S4748,91.97,86.43,90.79,98.3,69.76,73.75,12.1,4.2,2,24,52.34,74.767,1,0,0,0,0,0,1,0,0,0,1,1,0,0
S4749,76.18,62.07,99.38,23.6,55.38,69.42,17.7,8.8,1,22,74.62,67.1245,1,0,1,0,1,0,0,0,1,0,0,1,0,0
S4750,88.95,91.77,76.54,36.7,98.47,67.13,14.1,8.4,6,24,40.32,76.218,1,0,1,1,0,0,0,0,0,0,1,0,0,1
S4751,58.74,73.48,78.46,27.5,58.73,51.09,6.0,8.5,2,24,82.78,67.368,1,0,0,0,1,0,0,1,0,0,0,1,0,0
S4752,53.72,66.15,91.81,4.0,81.66,68.0,15.0,5.9,1,24,64.86,68.0745,0,0,1,0,0,0,1,0,0,1,0,0,0,1
S4753,65.84,70.62,74.64,26.1,54.14,94.47,25.4,6.5,10,18,51.6,58.38,0,1,1,0,0,1,0,0,1,0,0,1,0,0
S4754,80.66,85.47,70.34,9.8,84.42,84.52,7.9,4.8,6,19,85.13,79.05199999999999,1,0,0,0,0,1,0,1,0,0,0,0,0,1
S4755,51.23,75.84,80.74,39.4,54.74,57.27,5.5,6.0,2,18,88.64,67.6865,1,1,1,0,0,0,1,0,1,0,0,0,1,0
S4756,80.82,50.36,82.88,96.7,61.48,79.56,8.0,4.6,9,24,46.67,62.9115,0,0,1,0,0,1,0,1,0,0,0,1,0,0
S4757,63.65,96.12,87.54,69.80000000000001,82.35,94.61,22.2,8.3,10,22,42.46,71.52950000000001,0,1,1,0,1,0,0,0,0,1,0,0,1,0
S4758,87.73,53.3,83.41,70.7,64.15,85.0,24.9,6.9,3,18,60.04,67.2855,0,0,1,1,0,0,0,0,1,0,0,0,1,0
S4759,42.21,96.93,87.29,45.3,76.64,57.43,6.2,4.7,10,24,77.56,74.247,0,0,1,0,1,0,0,0,0,1,0,1,0,0
S4760,80.08,51.41,83.73,81.1,56.23,93.39,27.2,8.4,8,24,87.61,70.923,1,1,1,0,0,0,1,0,1,0,0,0,1,0
S4761,78.99,88.55,74.02,90.8,60.12,65.08,20.7,4.4,9,18,72.76,73.29899999999999,0,0,1,0,1,0,0,0,1,0,0,0,1,0
S4762,96.46,76.73,56.75,96.2,86.69,72.7,18.0,8.6,10,18,74.84,81.1805,0,0,0,0,0,1,0,0,1,0,0,1,0,0
S4763,82.8,75.29,89.27,9.9,51.76,76.31,11.3,4.5,5,22,87.99,70.661,0,1,0,0,1,0,0,1,0,0,0,0,1,0
S4764,87.78,53.64,51.54,88.0,55.59,92.53,14.3,7.6,6,18,71.73,65.3765,0,1,1,1,0,0,0,1,0,0,0,1,0,0
S4765,94.28,61.94,99.63,22.5,60.75,96.58,28.7,7.2,10,21,76.67,71.9135,1,1,1,0,0,1,0,0,0,0,1,1,0,0
S4766,80.5,88.88,91.42,39.7,51.01,96.48,27.8,7.9,5,23,70.97,69.5795,1,0,1,1,0,0,0,0,1,0,0,0,1,0
S4767,57.41,94.56,83.55,34.5,54.77,50.4,20.6,6.8,6,21,92.83,72.51400000000001,1,1,1,1,0,0,0,0,0,1,0,1,0,0
S4768,92.19,76.46,98.33,67.5,64.07,96.09,19.5,5.7,2,22,54.13,71.25899999999999,1,0,0,1,0,0,0,0,1,0,0,0,1,0
S4769,84.85,67.67,80.62,59.8,54.65,52.72,10.3,5.4,9,19,55.84,64.28500000000001,1,0,1,0,1,0,0,0,1,0,0,1,0,0
S4770,65.47,53.0,52.82,10.9,93.31,63.29,28.8,8.7,7,21,47.68,63.51049999999999,1,1,0,0,1,0,0,1,0,0,0,1,0,0
S4771,82.63,84.11,77.97,78.3,53.3,75.75,23.9,6.2,6,24,89.17,75.0055,0,1,0,0,1,0,0,0,1,0,0,1,0,0
S4772,92.06,63.92,63.86,44.0,93.05,74.0,14.6,8.2,4,23,64.71,76.0755,0,0,0,0,1,0,0,0,0,0,1,0,1,0
S4773,98.54,52.75,68.47,0.2,91.14,80.24,25.4,7.6,10,20,60.87,72.11,0,1,1,0,0,1,0,0,1,0,0,0,0,1
S4774,97.14,83.29,72.98,41.5,55.04,73.97,10.3,7.3,9,23,98.88,77.6695,0,0,1,0,1,0,0,0,0,0,1,0,1,0
S4775,59.52,74.29,88.73,51.6,51.26,96.72,10.3,8.9,7,21,95.61,70.805,1,0,1,0,0,1,0,1,0,0,0,1,0,0
S4776,65.3,50.6,75.15,6.9,52.5,62.03,24.8,6.8,4,20,98.32,65.575,0,0,0,1,0,0,0,1,0,0,0,0,1,0
S4777,46.57,55.55,73.73,15.1,79.52,63.7,19.0,7.7,3,22,48.54,59.437,1,0,1,0,0,1,0,0,0,0,1,1,0,0
S4778,54.85,84.96,65.1,99.4,83.52,96.04,18.9,8.2,10,23,93.48,80.8775,0,1,1,0,0,0,1,0,1,0,0,0,0,1
S4779,92.95,53.18,76.99,87.10000000000001,81.03,53.84,19.3,4.2,8,19,59.72,73.21249999999999,0,1,1,0,1,0,0,1,0,0,0,0,0,1
S4780,61.65,93.3,62.42,13.3,77.07,80.48,8.1,9.0,6,20,40.76,63.4605,0,1,1,0,0,0,1,0,0,0,1,0,1,0
S4781,77.23,65.57,63.05,58.0,58.73,84.09,13.7,5.3,2,20,63.48,64.114,1,0,1,0,0,1,0,1,0,0,0,0,1,0
S4782,79.96,54.43,87.86,37.9,92.05,75.28,19.3,7.5,7,23,70.55,76.092,0,0,1,0,1,0,0,0,1,0,0,0,0,1
S4783,86.91,87.99,67.13,54.400000000000006,66.38,84.71,11.2,8.8,8,21,46.49,67.2045,1,0,0,0,0,0,1,0,0,1,0,0,1,0
S4784,50.97,76.22,52.57,47.1,99.31,58.64,17.6,7.8,5,20,72.26,74.54849999999999,1,0,0,0,1,0,0,0,1,0,0,1,0,0
S4785,58.29,65.33,67.18,4.8,69.24,92.63,18.9,5.1,3,22,89.17,68.56550000000001,0,1,1,0,0,1,0,0,0,1,0,1,0,0
S4786,66.9,70.3,81.93,31.5,63.15,57.0,28.6,5.8,8,23,62.66,64.958,1,0,0,0,0,0,1,0,1,0,0,0,1,0
S4787,61.89,51.07,90.7,12.6,94.71,70.04,11.1,6.1,2,22,61.16,70.34700000000001,1,1,0,0,0,1,0,0,1,0,0,0,0,1
S4788,98.97,83.13,98.1,48.9,78.37,53.76,16.0,6.9,10,23,60.33,78.1635,0,0,1,0,0,0,1,0,0,0,1,1,0,0
S4789,90.1,68.29,87.31,90.7,86.09,77.26,29.5,7.0,6,22,95.39,86.699,0,1,1,1,0,0,0,0,0,0,1,1,0,0
S4790,68.78,85.7,71.44,99.6,70.42,83.49,9.7,7.9,7,21,42.93,67.1545,0,0,0,1,0,0,0,0,0,0,1,1,0,0
S4791,92.76,81.41,64.96,94.4,94.35,97.06,24.5,8.3,10,23,66.7,82.3215,0,1,0,1,0,0,0,0,1,0,0,1,0,0
S4792,60.86,82.56,56.48,98.6,95.89,86.97,9.4,4.4,9,24,55.88,74.828,0,1,0,1,0,0,0,0,0,1,0,0,0,1
S4793,87.15,89.64,81.38,1.5,71.84,77.06,26.3,5.4,5,19,93.63,79.691,0,0,0,1,0,0,0,1,0,0,0,1,0,0
S4794,53.42,81.56,75.49,72.9,62.04,96.63,17.2,5.7,1,21,45.76,61.493,1,0,0,0,0,1,0,0,0,0,1,0,0,1
S4795,86.34,70.94,83.89,27.3,82.38,73.92,29.3,4.1,10,22,64.69,74.2325,0,0,0,1,0,0,0,1,0,0,0,0,0,1
S4796,67.39,69.5,61.86,86.6,97.73,78.06,9.3,6.1,2,23,64.41,76.47099999999999,0,0,0,0,0,1,0,0,0,1,0,0,0,1
S4797,46.45,55.98,66.18,81.4,81.12,79.8,22.2,5.8,8,21,93.3,73.7135,1,1,0,1,0,0,0,1,0,0,0,1,0,0
S4798,56.4,88.97,64.6,42.400000000000006,97.71,70.5,22.4,6.6,1,22,52.93,72.93099999999998,0,1,0,0,1,0,0,1,0,0,0,1,0,0
S4799,64.14,88.06,89.88,47.3,67.19,91.92,23.0,4.5,2,18,78.69,74.0125,1,1,1,1,0,0,0,1,0,0,0,0,0,1
S4800,84.96,62.31,58.56,26.5,95.75,59.26,7.5,6.1,5,18,48.06,70.0115,0,1,0,0,1,0,0,0,1,0,0,1,0,0
S4801,44.38,93.13,80.42,28.9,55.63,77.74,12.2,7.0,10,20,97.24,71.1125,0,0,0,0,0,1,0,0,0,1,0,1,0,0
S4802,79.57,79.45,52.57,98.1,67.94,86.11,13.5,8.0,3,19,75.58,73.292,1,1,1,1,0,0,0,1,0,0,0,1,0,0
S4803,82.96,73.93,77.48,88.9,74.72,95.2,13.1,7.8,4,18,77.58,77.53750000000001,0,0,0,0,0,0,1,0,0,0,1,0,0,1
S4804,79.24,50.87,53.2,19.2,82.66,94.2,21.9,6.0,10,24,66.03,67.102,1,0,1,0,0,1,0,0,0,0,1,0,0,1
S4805,85.64,69.14,58.79,27.6,64.71,75.44,6.4,5.9,5,22,60.54,65.024,0,0,0,1,0,0,0,0,0,1,0,1,0,0
S4806,50.69,82.03,55.65,10.9,96.21,82.16,23.3,4.2,3,21,52.76,68.071,0,1,0,0,0,1,0,0,1,0,0,1,0,0
S4807,75.23,54.49,67.34,98.9,95.17,69.71,18.2,4.4,5,23,76.24,78.748,1,1,1,0,0,0,1,1,0,0,0,0,0,1
S4808,96.47,72.98,67.19,90.7,89.97,73.41,9.3,8.4,3,21,97.27,87.98,0,1,1,1,0,0,0,0,1,0,0,0,1,0
S4809,76.65,99.67,91.32,55.2,55.72,95.31,10.7,8.0,1,20,61.59,70.45349999999999,0,1,0,0,0,0,1,0,0,1,0,0,0,1
S4810,76.68,85.83,61.28,69.3,53.91,96.54,7.4,4.1,7,21,92.99,73.39,1,0,1,1,0,0,0,0,1,0,0,1,0,0
S4811,84.19,77.34,54.32,74.80000000000001,74.91,94.77,16.5,8.4,4,18,48.93,68.107,0,0,0,0,1,0,0,0,0,0,1,0,1,0
S4812,59.99,76.65,80.18,20.4,88.27,56.92,19.9,7.1,8,21,96.17,80.0575,1,1,0,0,0,1,0,1,0,0,0,1,0,0
S4813,82.03,52.19,84.37,93.5,56.16,92.5,19.5,8.0,4,18,61.03,65.3505,0,1,1,0,0,0,1,1,0,0,0,0,0,1
S4814,94.97,97.87,64.74,52.7,82.07,97.42,29.1,6.5,7,18,62.78,78.351,1,0,1,0,0,1,0,0,0,1,0,1,0,0
S4815,40.65,96.41,80.14,9.2,76.39,68.06,12.4,4.8,3,19,67.77,68.8925,0,0,1,0,0,0,1,0,0,1,0,0,1,0
S4816,92.21,84.12,88.8,39.7,86.3,75.93,24.1,5.8,2,20,83.09,83.977,1,0,0,0,0,1,0,0,1,0,0,1,0,0
S4817,53.12,54.95,67.38,60.2,71.77,88.95,23.1,6.3,3,24,83.18,68.2845,1,1,0,0,0,1,0,0,0,0,1,0,0,1
S4818,67.36,60.39,76.27,35.3,84.66,78.1,6.5,7.8,7,24,68.78,71.14750000000001,0,1,1,0,0,1,0,0,1,0,0,0,0,1
S4819,91.14,59.2,57.33,69.9,57.98,99.67,28.3,8.1,3,22,71.39,67.0205,0,0,1,0,1,0,0,0,0,1,0,0,0,1
S4820,89.43,75.98,51.18,88.2,60.73,72.79,28.3,7.7,10,24,41.8,63.0085,1,0,0,1,0,0,0,0,0,0,1,0,0,1
S4821,93.52,60.39,99.07,77.2,95.17,85.7,14.9,6.4,8,18,58.26,79.9695,0,1,1,0,1,0,0,0,0,1,0,0,1,0
S4822,96.43,84.79,64.99,64.3,66.47,89.63,15.4,7.3,8,23,60.76,72.028,1,1,0,0,0,1,0,0,1,0,0,1,0,0
S4823,66.83,77.26,63.95,51.2,99.28,74.71,25.5,5.5,1,20,73.52,78.7325,0,1,0,0,0,0,1,0,1,0,0,1,0,0
S4824,79.38,50.88,98.66,25.4,52.31,92.85,17.4,8.9,7,22,73.5,64.743,0,1,1,0,0,1,0,0,1,0,0,0,1,0
S4825,63.43,87.2,86.41,45.5,74.79,77.31,25.0,4.8,8,24,82.59,76.595,1,0,0,1,0,0,0,0,1,0,0,1,0,0
S4826,61.04,59.44,79.26,29.3,66.25,70.58,5.9,7.6,9,24,83.02,68.093,1,1,1,0,1,0,0,0,1,0,0,0,1,0
S4827,65.9,91.24,84.97,93.4,99.8,55.39,11.3,4.8,8,23,54.11,80.2055,0,1,0,1,0,0,0,1,0,0,0,0,1,0
S4828,84.58,67.75,85.5,90.7,99.5,69.67,7.3,5.4,10,21,86.21,87.33699999999999,0,0,1,0,0,0,1,0,1,0,0,0,1,0
S4829,70.09,66.93,88.17,15.6,61.76,86.7,16.4,7.7,6,20,41.18,58.973000000000006,0,1,0,1,0,0,0,0,0,1,0,0,1,0
S4830,88.84,50.59,53.36,82.30000000000001,63.36,96.06,26.4,7.6,8,23,82.97,70.116,0,1,1,0,1,0,0,0,1,0,0,0,0,1
S4831,84.71,99.39,70.64,70.3,87.48,62.58,19.2,4.6,3,24,46.12,75.96799999999999,0,0,1,0,0,0,1,0,0,1,0,0,1,0
S4832,41.23,80.6,64.76,97.5,94.48,67.76,18.0,7.4,2,20,83.78,78.9145,1,0,0,1,0,0,0,0,0,1,0,0,1,0
S4833,77.81,71.14,53.53,46.3,83.18,57.7,14.2,5.0,1,20,71.63,72.872,0,1,1,0,1,0,0,0,0,0,1,0,0,1
S4834,66.19,54.83,70.63,72.2,93.24,84.54,6.6,8.9,8,24,66.24,73.35799999999999,0,1,1,0,1,0,0,0,1,0,0,0,1,0
S4835,67.4,84.96,80.81,51.8,53.16,98.01,24.2,7.0,7,21,81.44,69.833,1,1,0,0,0,1,0,0,0,1,0,0,1,0
S4836,89.1,64.14,58.92,6.9,82.03,82.05,19.3,4.0,6,21,42.18,64.377,1,1,1,1,0,0,0,0,0,1,0,0,0,1
S4837,72.86,99.41,65.25,4.699999999999999,85.01,80.85,28.3,5.0,3,24,53.41,71.45599999999999,1,1,1,0,0,0,1,1,0,0,0,0,1,0
S4838,93.14,97.53,81.96,12.2,59.52,77.67,15.8,5.1,6,20,76.99,74.50999999999999,0,1,0,0,0,1,0,0,1,0,0,1,0,0
S4839,82.77,86.76,78.97,29.6,88.9,54.42,15.0,5.2,5,23,90.83,84.184,1,0,1,1,0,0,0,0,1,0,0,0,1,0
S4840,73.17,98.55,93.44,25.9,97.21,86.48,29.4,6.8,5,19,62.87,81.2775,1,1,0,1,0,0,0,0,1,0,0,0,0,1
S4841,85.27,55.28,89.56,72.8,94.9,80.1,8.5,5.0,4,18,55.53,76.031,1,1,1,0,0,0,1,0,0,0,1,0,1,0
S4842,42.3,64.0,98.28,71.6,62.25,83.07,11.3,6.1,5,21,71.12,65.808,1,1,0,0,0,1,0,0,0,1,0,0,1,0
S4843,41.63,62.66,79.86,97.1,66.2,94.94,17.2,4.9,5,24,77.34,67.6795,0,0,1,0,0,1,0,0,0,1,0,0,0,1
S4844,45.0,53.6,84.92,31.0,74.98,89.2,18.1,7.3,5,19,65.21,63.6285,0,1,1,0,0,0,1,1,0,0,0,0,0,1
S4845,66.25,98.61,93.03,93.8,57.92,89.05,18.7,6.8,10,21,92.6,79.248,0,1,0,0,0,1,0,0,1,0,0,1,0,0
S4846,54.13,53.0,92.0,61.3,97.7,96.36,10.3,7.1,10,20,71.41,75.497,1,1,1,0,1,0,0,0,1,0,0,1,0,0
S4847,99.06,92.83,85.94,49.5,58.08,99.5,28.2,8.8,8,24,42.15,67.814,1,1,1,0,0,0,1,0,0,0,1,1,0,0
S4848,72.54,88.41,75.01,66.8,88.07,79.06,22.6,6.0,2,19,53.38,74.7495,1,1,0,1,0,0,0,0,0,0,1,1,0,0
S4849,79.74,68.79,63.66,70.3,67.07,55.44,11.5,5.1,2,24,67.04,69.0415,1,0,0,0,0,0,1,0,0,0,1,0,0,1
S4850,56.73,50.94,93.86,17.2,78.69,72.96,12.4,9.0,6,23,81.86,70.4685,1,1,0,0,1,0,0,0,0,0,1,1,0,0
S4851,59.31,50.3,88.83,75.19999999999999,52.36,89.38,27.0,4.3,3,23,53.19,58.09,1,1,1,0,0,0,1,0,1,0,0,1,0,0
S4852,60.13,60.2,91.9,72.5,60.25,51.39,14.5,8.1,10,22,98.58,73.5845,0,1,1,1,0,0,0,0,0,1,0,0,0,1
S4853,81.92,74.69,57.04,99.8,72.22,52.84,18.9,4.8,10,18,59.11,70.629,0,0,0,1,0,0,0,0,1,0,0,0,1,0
S4854,68.42,72.9,65.74,91.2,83.86,53.36,8.0,7.3,10,18,71.95,75.4775,1,0,1,0,0,0,1,0,1,0,0,0,1,0
S4855,71.06,79.26,71.24,68.5,88.88,86.55,11.3,6.4,10,21,41.14,70.046,0,0,0,0,0,0,1,0,0,0,1,0,1,0
S4856,75.52,88.6,91.92,71.2,51.51,75.06,15.4,8.2,4,18,93.09,76.0955,1,1,0,0,1,0,0,0,1,0,0,0,1,0
S4857,86.13,68.87,94.64,94.6,57.62,68.44,21.4,7.7,3,24,87.33,76.56249999999999,1,1,0,0,1,0,0,0,1,0,0,0,1,0
S4858,45.42,58.02,64.24,96.7,86.49,55.28,12.0,4.9,4,24,51.73,65.6545,0,0,1,1,0,0,0,1,0,0,0,0,0,1
S4859,86.61,90.0,84.32,82.69999999999999,90.65,86.61,28.8,7.3,2,22,95.99,90.251,1,0,1,0,0,1,0,0,0,0,1,1,0,0
S4860,73.79,66.63,53.89,76.7,61.83,66.05,10.5,5.1,9,23,58.95,63.5735,0,1,1,0,0,1,0,0,0,1,0,1,0,0
S4861,80.15,64.34,70.48,11.1,61.48,63.27,24.5,4.8,3,19,81.53,68.103,1,0,0,0,0,1,0,0,0,1,0,1,0,0
S4862,59.65,88.22,74.33,83.0,54.4,82.62,14.1,4.4,7,19,89.14,72.3685,1,1,1,0,0,1,0,0,0,1,0,0,1,0
S4863,64.56,96.71,88.28,25.3,57.51,77.95,25.8,4.6,9,23,84.45,72.649,0,1,1,1,0,0,0,0,1,0,0,0,0,1
S4864,53.87,95.75,94.6,56.4,50.4,68.12,28.1,7.5,9,20,95.05,73.60549999999999,1,1,0,0,0,1,0,0,1,0,0,0,1,0
S4865,98.76,56.87,66.86,40.5,79.49,82.07,9.7,9.0,6,23,91.86,78.86749999999999,1,1,1,0,0,1,0,0,0,0,1,0,0,1
S4866,69.82,75.16,76.39,34.6,95.19,63.56,17.3,7.4,1,19,99.68,84.593,1,1,0,0,0,0,1,0,0,0,1,0,0,1
S4867,99.76,54.64,82.37,31.0,57.48,89.74,8.9,7.5,10,21,50.96,62.931,0,1,0,0,0,1,0,0,0,0,1,0,1,0
S4868,69.39,98.05,66.43,85.5,87.57,61.47,22.6,7.9,2,22,58.29,76.8775,1,0,0,0,0,0,1,0,0,0,1,0,0,1
S4869,53.19,60.76,99.28,76.9,78.68,57.94,25.8,8.4,9,23,78.17,74.012,1,0,1,1,0,0,0,1,0,0,0,0,1,0
S4870,70.45,59.87,93.79,52.3,97.0,89.12,14.7,5.3,5,20,83.98,81.637,1,0,1,0,0,0,1,0,0,0,1,1,0,0
S4871,42.38,94.44,64.82,66.39999999999999,89.91,85.39,14.9,7.0,10,21,72.08,75.318,0,1,0,0,1,0,0,1,0,0,0,0,0,1
S4872,94.29,98.39,75.4,98.5,92.64,59.13,10.1,5.1,2,23,44.44,80.269,0,0,0,0,0,0,1,0,1,0,0,0,0,1
S4873,89.11,84.88,61.54,39.8,81.96,55.81,12.7,6.6,6,21,90.5,81.4555,0,0,0,0,0,1,0,0,0,1,0,1,0,0
S4874,83.55,56.05,75.73,55.1,90.57,91.92,13.1,5.0,7,23,97.65,82.8515,0,1,1,0,0,0,1,1,0,0,0,1,0,0
S4875,76.59,74.29,84.17,53.4,67.54,88.83,8.9,4.3,10,21,64.33,70.0635,0,0,1,0,0,0,1,0,0,1,0,0,0,1
S4876,74.79,90.83,54.28,93.6,60.45,66.36,12.7,4.4,10,24,53.49,66.4585,1,0,1,1,0,0,0,0,0,1,0,1,0,0
S4877,99.8,78.62,93.51,35.2,95.63,82.91,27.7,8.9,10,18,41.16,76.853,0,1,1,1,0,0,0,0,1,0,0,1,0,0
S4878,56.68,56.63,79.69,98.6,86.72,56.21,13.1,4.0,6,21,54.24,69.47149999999999,0,1,0,0,0,1,0,1,0,0,0,0,0,1
S4879,86.78,58.59,99.48,30.5,54.54,75.35,11.9,7.5,1,24,82.0,70.14049999999999,1,0,0,0,1,0,0,0,0,0,1,0,1,0
S4880,74.88,93.21,51.28,10.9,93.35,50.94,14.6,8.4,1,18,94.7,82.56649999999999,0,1,0,0,1,0,0,0,1,0,0,0,0,1
S4881,98.55,76.35,91.57,19.1,67.45,69.58,29.0,6.0,2,19,45.61,67.9845,1,1,0,0,0,0,1,0,0,0,1,0,0,1
S4882,89.67,85.29,89.6,42.6,64.91,53.74,24.1,7.5,9,18,73.2,75.107,0,0,1,0,1,0,0,0,0,1,0,0,1,0
S4883,99.91,68.65,56.64,65.0,81.17,73.76,10.0,5.7,1,21,81.73,78.9815,1,1,0,1,0,0,0,0,1,0,0,1,0,0
S4884,75.3,76.62,66.77,51.7,78.43,71.08,23.8,6.6,9,22,56.58,69.724,1,1,1,0,0,1,0,0,0,0,1,0,0,1
S4885,52.27,98.86,94.24,37.6,76.91,72.22,24.2,8.7,6,22,74.19,75.594,0,0,1,0,0,1,0,0,0,0,1,1,0,0
S4886,70.22,66.49,75.92,56.2,62.74,52.27,28.8,4.2,2,19,82.91,70.458,0,0,0,1,0,0,0,0,1,0,0,1,0,0
S4887,82.67,83.74,70.06,83.9,97.99,68.08,27.3,5.3,10,21,90.26,88.1245,1,0,1,0,0,1,0,0,1,0,0,0,1,0
S4888,86.46,58.63,95.27,83.9,97.51,87.82,7.4,4.5,3,18,67.15,81.52600000000001,1,1,0,0,0,0,1,0,1,0,0,0,0,1
S4889,40.03,56.09,54.67,72.6,50.21,68.45,16.4,6.5,9,22,84.87,59.7955,1,1,1,0,0,1,0,0,0,1,0,0,1,0
S4890,70.3,89.18,73.66,95.2,66.89,85.76,22.6,7.9,10,23,58.11,70.6425,1,0,0,0,1,0,0,0,0,1,0,0,1,0
S4891,54.11,92.21,82.62,59.0,52.28,68.47,29.3,8.9,2,20,52.78,62.039,1,0,0,0,0,1,0,0,1,0,0,0,1,0
S4892,92.49,83.42,80.43,0.8,92.51,71.16,7.1,4.8,5,21,51.24,75.0325,1,0,1,0,0,1,0,0,1,0,0,0,0,1
S4893,49.17,57.91,63.21,29.1,94.33,78.19,14.2,4.2,8,24,61.53,67.5195,1,1,0,1,0,0,0,0,1,0,0,0,0,1
S4894,79.99,62.03,78.17,32.8,75.91,97.53,17.3,4.7,10,24,42.15,64.0705,0,0,1,1,0,0,0,0,0,1,0,0,1,0
S4895,55.96,95.56,85.43,54.7,91.98,55.44,15.3,8.8,6,23,56.98,75.845,1,0,0,0,1,0,0,1,0,0,0,0,0,1
S4896,61.39,64.44,79.24,90.5,85.17,51.65,16.4,5.6,8,23,79.13,76.657,0,1,1,1,0,0,0,0,0,0,1,0,0,1
S4897,96.43,90.94,84.22,83.80000000000001,74.98,80.4,14.2,5.3,6,21,78.88,82.9315,0,1,0,0,1,0,0,0,0,1,0,1,0,0
S4898,54.43,64.3,62.8,23.2,68.19,97.45,29.3,7.7,4,20,44.41,56.809,1,0,1,0,0,0,1,0,1,0,0,1,0,0
S4899,45.7,96.97,91.64,51.900000000000006,63.31,99.49,25.1,4.6,8,22,57.24,66.46249999999999,1,1,1,0,1,0,0,0,1,0,0,0,1,0
S4900,44.16,95.72,72.48,65.9,62.97,74.21,23.4,5.7,9,20,74.17,68.95849999999999,0,0,0,0,0,1,0,0,1,0,0,0,1,0
S4901,70.28,52.16,99.36,98.8,78.1,73.4,15.3,4.7,5,19,59.11,71.44949999999999,1,0,1,0,1,0,0,0,1,0,0,1,0,0
S4902,78.5,88.52,51.16,3.1,58.34,82.25,27.0,8.9,3,18,65.08,64.096,1,1,0,0,0,0,1,0,0,1,0,1,0,0
S4903,59.64,58.47,69.02,46.4,58.74,77.78,7.3,5.4,1,18,82.77,65.253,0,1,0,0,0,1,0,0,0,0,1,1,0,0
S4904,81.42,60.76,59.02,98.8,50.52,81.7,8.6,5.3,2,23,40.56,57.465,0,0,1,0,1,0,0,0,0,0,1,0,0,1
S4905,43.66,72.99,77.78,97.7,80.67,93.7,28.9,7.2,1,22,56.58,68.50649999999999,0,1,0,1,0,0,0,0,0,1,0,1,0,0
S4906,91.44,78.82,62.16,33.1,99.72,87.32,19.2,4.1,10,20,48.54,75.461,1,1,1,1,0,0,0,0,0,0,1,0,1,0
S4907,88.99,66.29,86.87,0.0,94.46,74.84,9.0,7.3,9,23,47.66,72.232,1,0,0,1,0,0,0,0,0,0,1,1,0,0
S4908,99.13,78.77,94.09,58.7,85.28,73.09,28.7,6.3,7,21,97.54,88.998,0,1,1,0,1,0,0,1,0,0,0,1,0,0
S4909,96.19,58.53,60.54,86.7,89.28,81.98,29.4,4.9,10,23,62.59,76.02850000000001,1,1,1,0,1,0,0,1,0,0,0,1,0,0
S4910,61.37,51.12,58.03,32.400000000000006,70.84,72.79,27.0,6.4,2,21,71.63,63.456,0,0,0,0,0,0,1,1,0,0,0,0,1,0
S4911,63.96,78.56,93.77,93.4,64.9,72.89,11.0,9.0,3,21,84.03,75.9025,1,0,1,0,0,1,0,0,1,0,0,0,1,0
S4912,84.76,75.87,68.06,33.3,68.43,50.82,12.0,8.2,3,19,42.85,63.807,0,1,1,0,0,1,0,1,0,0,0,0,1,0
S4913,48.04,84.48,71.73,61.0,54.07,58.7,15.2,8.9,1,19,54.46,59.937,1,1,0,0,0,1,0,0,0,1,0,0,1,0
S4914,58.84,82.49,61.05,72.2,81.69,74.43,19.5,8.6,3,21,89.93,77.904,0,0,1,0,0,1,0,1,0,0,0,1,0,0
S4915,47.11,94.87,71.27,34.5,58.74,91.13,29.8,8.1,1,22,91.72,70.701,1,0,0,0,1,0,0,0,0,1,0,0,1,0
S4916,67.29,72.97,61.57,35.2,88.14,63.94,28.9,5.7,3,19,62.38,70.993,1,1,1,0,1,0,0,1,0,0,0,1,0,0
S4917,73.12,50.42,83.3,47.0,59.5,76.13,28.0,7.6,3,19,62.49,62.6835,0,0,0,0,0,0,1,0,0,0,1,1,0,0
S4918,52.67,81.53,74.94,83.5,61.41,67.25,7.2,6.0,5,18,85.41,71.5745,1,1,1,0,0,1,0,1,0,0,0,0,0,1
S4919,41.6,83.76,89.4,10.1,97.87,55.24,23.9,6.1,3,23,57.7,72.035,1,0,0,0,1,0,0,0,0,1,0,0,1,0
S4920,83.16,76.07,65.64,63.1,55.27,97.91,26.9,8.4,10,18,47.03,61.94199999999999,0,0,0,0,1,0,0,0,0,1,0,0,1,0
S4921,41.2,84.47,75.28,67.69999999999999,74.94,92.73,13.3,5.0,3,22,55.45,66.108,1,1,0,0,1,0,0,0,0,1,0,0,0,1
S4922,98.4,66.18,62.98,55.8,53.13,53.92,10.5,5.5,1,19,63.24,65.524,1,1,1,0,1,0,0,1,0,0,0,1,0,0
S4923,53.3,57.44,96.72,93.6,54.52,85.99,23.7,8.7,9,24,43.13,58.1015,1,0,1,0,0,1,0,0,1,0,0,0,1,0
S4924,79.83,83.23,76.1,60.2,81.68,67.38,7.3,7.5,1,19,68.72,76.76299999999999,0,1,1,0,0,1,0,0,0,1,0,1,0,0
S4925,66.09,62.26,58.67,63.5,81.54,99.74,28.5,4.3,7,20,84.4,73.8565,0,1,0,0,1,0,0,0,1,0,0,0,0,1
S4926,43.58,72.82,63.64,60.0,59.66,65.12,8.9,4.6,7,22,70.82,62.42699999999999,0,1,1,1,0,0,0,1,0,0,0,0,1,0
S4927,68.33,74.58,54.15,72.2,93.62,61.94,16.4,6.9,8,24,44.31,69.625,0,1,0,0,0,0,1,0,1,0,0,1,0,0
S4928,71.01,73.86,51.39,13.5,85.11,78.39,29.6,8.0,7,23,66.41,69.67999999999999,0,1,1,0,0,1,0,0,1,0,0,1,0,0
S4929,91.28,79.92,76.3,89.39999999999999,65.03,91.76,29.7,8.0,10,23,82.53,77.92150000000001,1,0,1,0,0,1,0,0,0,1,0,0,0,1
S4930,83.94,51.47,66.86,4.2,62.42,59.63,24.4,6.1,6,24,43.49,56.806,1,1,1,1,0,0,0,1,0,0,0,1,0,0
S4931,44.76,99.48,98.19,64.1,87.71,85.47,26.0,5.3,8,23,43.59,71.8705,0,1,0,0,0,1,0,0,0,1,0,0,0,1
S4932,52.55,85.82,58.57,61.5,86.68,53.07,29.2,7.9,10,24,62.24,71.25150000000001,1,1,1,1,0,0,0,0,0,0,1,0,0,1
S4933,58.71,71.27,89.7,20.8,57.44,95.95,28.2,8.7,4,22,51.7,59.664,1,1,1,1,0,0,0,0,1,0,0,0,0,1
S4934,46.98,59.57,65.8,4.1,67.46,54.05,20.6,6.2,4,24,96.09,67.02799999999999,1,1,1,0,1,0,0,0,1,0,0,0,1,0
S4935,67.41,54.01,61.18,13.9,60.83,95.71,23.4,4.7,3,24,74.88,61.995000000000005,1,1,1,0,0,1,0,1,0,0,0,0,0,1
S4936,99.06,83.61,98.48,27.200000000000003,64.71,74.54,19.8,7.0,8,20,57.24,72.33149999999999,0,1,1,0,0,0,1,0,1,0,0,0,1,0
S4937,70.88,65.85,90.13,88.2,64.38,72.4,17.7,4.4,6,20,82.29,73.81899999999999,0,0,0,1,0,0,0,1,0,0,0,1,0,0
S4938,84.51,61.47,81.53,85.60000000000001,98.8,98.67,27.0,7.1,8,18,62.5,79.595,1,1,1,0,0,0,1,0,0,1,0,0,1,0
S4939,80.98,69.0,84.86,6.4,87.51,99.52,23.5,4.9,8,22,47.93,69.5385,1,0,0,0,1,0,0,0,1,0,0,1,0,0
S4940,90.99,79.65,99.57,28.9,89.0,82.51,26.5,6.6,7,22,54.23,77.2555,0,1,0,0,0,1,0,0,1,0,0,0,0,1
S4941,52.94,83.59,79.66,88.9,63.87,56.36,7.4,7.1,3,20,78.56,71.6915,1,1,0,0,1,0,0,0,1,0,0,0,1,0
S4942,85.23,82.26,55.1,23.700000000000003,50.03,75.31,19.4,6.2,5,21,43.11,57.605,1,1,0,0,1,0,0,0,1,0,0,0,1,0
S4943,92.88,93.16,53.24,99.6,52.91,76.46,13.2,8.1,2,21,56.36,68.173,1,1,1,0,0,0,1,0,1,0,0,0,1,0
S4944,50.29,60.94,83.33,25.7,77.65,75.72,17.8,5.9,1,18,52.5,62.7225,0,1,1,0,0,0,1,1,0,0,0,0,0,1
S4945,60.81,81.84,82.88,73.89999999999999,64.27,78.47,20.3,4.8,3,21,52.07,65.679,0,1,0,1,0,0,0,0,0,0,1,0,0,1
S4946,98.21,55.06,87.41,41.7,59.65,50.94,26.1,6.3,4,21,80.97,71.954,1,1,0,0,0,1,0,1,0,0,0,0,1,0
S4947,86.85,77.4,55.44,13.6,52.48,85.56,5.8,8.8,4,21,89.55,68.993,1,1,1,0,1,0,0,0,1,0,0,0,0,1
S4948,56.96,79.2,97.25,25.5,93.79,85.62,9.1,8.4,2,19,82.95,80.2985,1,0,0,1,0,0,0,0,0,1,0,0,0,1
S4949,73.84,60.81,77.56,67.5,80.01,55.77,28.0,5.6,3,18,78.74,75.01650000000001,1,1,0,1,0,0,0,0,0,0,1,0,1,0
S4950,64.26,69.58,82.48,33.7,55.37,78.51,29.2,5.2,8,20,94.99,70.3675,1,0,0,0,1,0,0,0,0,0,1,0,0,1
S4951,69.4,91.36,51.74,60.4,88.32,78.42,6.4,6.4,9,21,43.5,69.679,1,0,1,0,1,0,0,0,0,0,1,1,0,0
S4952,61.31,57.42,98.05,20.6,87.79,84.12,13.3,7.3,2,23,50.05,67.494,0,0,1,1,0,0,0,0,1,0,0,0,1,0
S4953,56.76,71.73,78.13,44.900000000000006,64.47,54.27,5.2,8.6,6,24,64.86,64.8875,0,0,0,0,1,0,0,0,1,0,0,0,0,1
S4954,80.49,96.64,78.17,51.2,59.42,81.33,23.9,7.1,1,19,62.35,70.36,1,0,1,0,1,0,0,0,1,0,0,1,0,0
S4955,86.71,75.21,97.18,41.3,90.7,64.04,22.0,8.2,4,21,65.08,79.551,0,0,1,0,0,0,1,0,1,0,0,0,1,0
S4956,92.44,86.26,96.47,19.8,66.48,75.35,19.1,7.5,9,24,52.39,70.4835,1,0,1,0,0,1,0,1,0,0,0,1,0,0
S4957,49.32,91.34,61.01,46.2,92.37,88.67,22.3,4.5,1,24,48.97,69.4635,1,0,1,1,0,0,0,0,1,0,0,0,0,1
S4958,89.37,60.19,96.55,69.3,52.18,85.28,18.4,8.5,3,19,70.55,68.8455,0,1,1,0,1,0,0,0,0,0,1,1,0,0
S4959,55.29,60.91,86.83,96.5,74.96,55.95,11.0,5.0,7,18,95.68,77.346,0,1,1,1,0,0,0,0,1,0,0,1,0,0
S4960,65.64,87.93,50.95,79.0,58.98,79.56,23.9,5.8,8,23,63.52,65.6545,1,0,0,0,0,1,0,0,0,0,1,0,1,0
S4961,94.09,87.67,61.99,16.1,83.6,98.46,24.6,8.2,7,23,42.6,69.99799999999999,1,1,0,1,0,0,0,0,0,0,1,0,1,0
S4962,67.27,53.01,70.65,27.3,99.86,57.84,26.4,8.9,7,23,82.37,77.02250000000001,0,0,1,1,0,0,0,1,0,0,0,1,0,0
S4963,51.82,66.12,79.14,7.9,70.63,92.65,28.9,5.6,6,21,57.47,61.5565,0,0,1,1,0,0,0,0,1,0,0,1,0,0
S4964,49.59,69.93,85.07,13.6,55.02,85.13,23.7,5.9,7,19,54.71,57.2985,1,1,1,0,0,0,1,0,0,1,0,1,0,0
S4965,68.38,91.45,60.51,25.1,65.88,88.7,6.4,6.4,7,23,59.46,65.90950000000001,1,1,1,0,0,1,0,0,1,0,0,0,0,1
S4966,85.76,71.09,91.84,20.0,94.58,64.1,5.5,6.5,9,24,83.43,82.943,1,1,0,0,0,1,0,0,0,1,0,0,0,1
S4967,99.83,96.3,92.29,21.4,88.29,64.39,23.5,7.8,9,24,89.13,88.488,0,1,0,1,0,0,0,1,0,0,0,0,0,1
S4968,87.24,99.83,81.75,23.1,61.61,95.3,6.4,8.1,10,22,75.28,74.6935,1,0,1,1,0,0,0,0,1,0,0,0,1,0
S4969,92.62,89.04,96.05,30.1,97.68,67.99,12.9,9.0,10,22,59.35,82.50050000000002,0,1,1,0,0,1,0,1,0,0,0,0,1,0
S4970,84.87,83.32,90.65,12.6,81.11,53.15,8.4,8.0,10,19,58.63,73.91400000000002,1,1,0,0,1,0,0,1,0,0,0,0,1,0
S4971,93.73,69.59,61.08,27.8,58.4,80.03,29.2,5.5,8,21,47.46,61.381,0,1,0,0,0,0,1,0,0,1,0,0,1,0
S4972,44.58,53.35,89.93,68.8,78.62,56.24,12.9,5.8,9,21,96.0,74.7085,0,0,1,0,0,1,0,1,0,0,0,1,0,0
S4973,95.8,78.66,97.66,23.6,72.56,89.83,6.4,7.1,6,18,78.29,78.4555,0,1,0,1,0,0,0,0,0,0,1,0,1,0
S4974,63.78,68.09,56.88,17.2,90.98,82.09,28.7,7.4,4,18,41.62,64.0275,0,1,1,0,1,0,0,1,0,0,0,0,1,0
S4975,95.3,67.54,98.93,6.800000000000001,67.21,93.74,20.2,4.4,9,23,79.74,74.757,1,0,1,0,1,0,0,1,0,0,0,1,0,0
S4976,44.54,84.39,51.25,50.0,93.75,89.24,5.9,5.7,2,20,66.83,71.797,0,0,1,0,1,0,0,0,0,1,0,1,0,0
S4977,82.91,73.18,76.11,84.2,90.6,55.61,25.8,5.0,8,24,98.35,87.00200000000001,0,0,1,0,0,0,1,1,0,0,0,0,0,1
S4978,84.14,87.6,88.69,5.9,83.73,69.05,8.8,6.5,2,18,89.14,82.32900000000001,0,0,1,0,0,0,1,1,0,0,0,1,0,0
S4979,99.81,69.91,89.52,54.2,62.93,88.73,25.1,4.8,7,21,50.28,68.56899999999999,1,1,0,0,0,1,0,0,1,0,0,1,0,0
S4980,86.13,57.54,86.73,65.1,98.52,70.87,20.1,6.9,9,24,83.21,83.83699999999999,1,1,0,0,0,1,0,0,0,0,1,0,1,0
S4981,62.95,73.07,76.47,59.2,77.43,98.62,9.4,6.3,10,20,69.13,71.5215,1,1,0,0,0,1,0,0,0,0,1,1,0,0
S4982,73.43,97.55,82.55,87.8,95.38,86.79,23.8,6.0,4,18,51.22,79.711,1,1,0,0,0,1,0,0,0,0,1,0,0,1
S4983,61.99,90.08,85.0,86.6,60.79,50.77,16.4,7.2,8,19,81.92,74.3575,1,0,0,1,0,0,0,1,0,0,0,1,0,0
S4984,51.76,60.29,74.73,5.699999999999999,99.17,94.0,21.0,6.1,7,22,72.84,72.5265,1,1,0,0,0,0,1,0,0,0,1,0,0,1
S4985,54.91,69.57,79.78,36.1,90.8,55.04,26.7,6.0,10,18,41.82,66.14999999999999,0,1,1,0,1,0,0,0,1,0,0,0,1,0
S4986,53.32,96.39,92.32,67.1,97.46,57.03,11.5,7.3,3,18,78.8,83.9815,0,0,0,1,0,0,0,0,1,0,0,1,0,0
S4987,72.93,56.18,65.64,95.2,60.62,86.72,14.1,4.3,1,19,78.1,68.4015,0,0,1,0,0,1,0,0,1,0,0,0,0,1
S4988,94.37,62.7,76.16,80.5,71.53,93.25,29.9,6.2,8,21,48.65,68.823,1,0,1,0,0,1,0,0,1,0,0,0,0,1
S4989,94.76,63.11,50.42,17.7,54.88,76.82,17.7,5.0,9,23,60.94,61.30649999999999,0,1,0,1,0,0,0,0,1,0,0,0,1,0
S4990,43.29,78.55,84.37,27.9,56.85,64.45,19.0,4.2,5,19,75.15,63.950500000000005,0,0,0,0,1,0,0,0,1,0,0,1,0,0
S4991,44.79,70.54,59.77,76.39999999999999,64.2,67.57,12.1,4.2,4,23,48.33,58.43899999999999,1,1,1,0,0,0,1,0,0,1,0,0,1,0
S4992,54.71,53.99,74.05,47.1,97.58,67.14,15.4,4.8,2,18,91.16,78.12899999999999,0,0,0,0,0,0,1,1,0,0,0,0,0,1
S4993,55.3,81.46,60.51,54.7,83.36,66.33,17.5,6.2,1,21,41.65,64.7205,1,0,1,0,1,0,0,0,0,1,0,0,1,0
S4994,45.69,54.95,51.18,60.9,65.73,62.15,11.5,6.8,4,20,46.17,54.520500000000006,0,0,1,0,0,0,1,0,0,1,0,0,0,1
S4995,63.31,80.32,74.16,10.3,97.73,80.44,11.0,8.0,8,18,46.97,70.53699999999999,1,1,1,0,0,1,0,0,1,0,0,1,0,0
S4996,75.26,75.35,71.24,85.60000000000001,86.99,95.02,20.0,7.0,9,19,71.69,78.015,1,0,1,0,0,1,0,0,1,0,0,0,0,1
S4997,74.69,74.68,71.26,86.30000000000001,95.35,65.35,9.6,6.6,1,20,77.21,81.75399999999999,1,0,0,0,0,1,0,0,1,0,0,1,0,0
S4998,72.61,53.37,60.44,46.8,96.36,59.33,18.8,4.2,4,22,64.22,72.244,0,1,1,0,0,1,0,0,0,0,1,0,0,1
S4999,60.32,81.96,97.36,62.7,87.54,91.93,22.7,5.5,5,20,57.32,74.805,0,1,1,0,1,0,0,0,0,1,0,0,1,0
S5000,82.39,71.57,50.18,66.0,62.16,87.09,10.0,7.5,2,19,88.56,72.19999999999999,1,0,1,0,0,0,1,0,1,0,0,0,1,0
S5001,89.59,70.56,94.58,19.0,99.83,96.54,23.6,5.4,2,24,44.1,75.4045,1,1,1,0,0,0,1,1,0,0,0,0,0,1
S5002,60.78,79.82,86.85,11.3,66.25,58.28,14.0,7.0,3,20,56.82,64.42,0,1,0,1,0,0,0,0,0,1,0,0,0,1
S5003,45.13,80.31,58.6,2.1,83.59,57.21,29.8,7.0,1,19,42.35,60.4455,0,1,1,0,1,0,0,0,1,0,0,0,1,0
S5004,57.78,50.75,73.61,91.3,92.24,77.07,29.5,5.5,8,24,40.83,66.085,1,1,1,0,0,0,1,0,0,0,1,0,1,0
S5005,48.24,56.26,99.44,34.6,58.76,80.72,25.0,6.9,1,18,61.2,60.277,0,0,1,0,0,0,1,0,1,0,0,0,0,1
S5006,68.04,61.83,82.18,8.6,80.45,74.01,13.6,4.6,4,24,51.69,65.186,0,1,1,1,0,0,0,0,1,0,0,0,0,1
S5007,49.36,83.9,56.37,46.6,68.76,79.95,28.4,7.6,7,21,56.1,62.609,0,1,1,0,0,1,0,0,1,0,0,0,1,0
S5008,67.77,78.84,72.88,7.6,62.21,59.02,30.0,4.1,3,22,89.26,70.6375,1,0,1,0,0,0,1,0,0,1,0,1,0,0
S5009,53.26,87.88,73.41,8.5,50.59,73.98,16.6,4.2,9,24,49.78,56.559,1,0,0,0,0,1,0,0,1,0,0,1,0,0
S5010,84.32,87.03,90.11,48.9,93.6,82.9,20.4,8.4,3,21,86.81,86.941,0,0,0,1,0,0,0,0,0,0,1,1,0,0
S5011,41.65,92.66,95.81,50.9,56.79,71.64,5.1,6.9,5,21,80.5,69.4345,1,1,0,0,0,0,1,1,0,0,0,1,0,0
S5012,73.28,68.84,54.11,58.0,93.91,83.97,6.1,4.8,2,21,59.59,72.6995,0,0,1,0,0,1,0,0,0,0,1,0,1,0
S5013,50.17,67.25,65.7,65.6,80.03,72.56,17.5,7.0,5,24,72.79,69.6695,0,1,0,0,1,0,0,0,1,0,0,0,0,1
S5014,40.06,91.55,64.92,66.8,81.05,66.68,20.2,5.8,2,19,66.67,70.556,1,0,0,0,0,1,0,1,0,0,0,1,0,0
S5015,92.15,61.88,99.8,43.3,91.43,65.18,12.8,5.3,8,19,47.7,74.6035,1,1,0,0,0,1,0,0,0,0,1,0,1,0
S5016,80.29,73.06,77.96,64.4,75.47,70.55,7.5,8.1,9,22,94.43,80.267,1,1,0,0,0,1,0,1,0,0,0,1,0,0
S5017,45.94,59.72,93.99,30.5,67.86,51.15,24.6,6.4,5,19,74.18,65.676,0,1,0,0,0,1,0,0,0,1,0,0,0,1
S5018,79.84,95.69,71.3,44.1,56.94,83.43,15.5,5.5,6,23,92.81,75.949,0,0,0,0,1,0,0,0,1,0,0,0,1,0
S5019,76.7,70.39,86.14,39.3,78.52,92.26,21.2,8.7,4,19,89.43,78.55600000000001,1,0,1,1,0,0,0,1,0,0,0,0,0,1
S5020,68.4,60.62,64.33,32.9,77.66,67.73,21.3,4.8,10,19,44.79,61.9265,1,0,1,0,0,1,0,0,1,0,0,0,0,1
S5021,65.16,84.6,95.59,23.9,64.69,52.3,18.7,4.7,7,19,52.44,65.735,1,1,0,0,0,1,0,0,0,1,0,0,1,0
S5022,93.22,62.23,72.76,7.800000000000001,80.0,99.34,9.5,4.5,10,18,48.72,67.1635,0,0,1,0,0,0,1,0,1,0,0,0,0,1
S5023,54.71,97.18,90.19,50.6,71.97,63.18,20.4,4.6,5,22,89.85,78.386,0,1,0,0,0,0,1,0,0,1,0,0,0,1
S5024,63.9,68.38,62.79,53.7,90.28,56.33,13.1,5.3,5,23,91.75,78.8275,0,1,0,0,1,0,0,0,1,0,0,1,0,0
S5025,59.75,83.23,84.68,33.6,77.97,68.49,25.5,7.5,1,19,71.68,72.906,1,1,1,0,1,0,0,0,1,0,0,0,0,1
S5026,86.27,67.26,70.26,97.6,96.68,86.93,9.8,7.4,2,22,46.25,75.50200000000001,1,0,0,0,1,0,0,0,0,1,0,0,0,1
S5027,94.99,90.36,51.57,55.7,75.9,64.7,12.3,7.8,2,20,48.14,70.5495,0,1,0,0,0,0,1,0,0,1,0,0,0,1
S5028,90.99,94.85,70.65,88.9,94.37,78.74,16.0,6.9,4,18,88.81,89.8995,1,0,1,0,0,1,0,1,0,0,0,1,0,0
S5029,87.86,89.4,77.5,57.0,76.03,70.78,23.5,6.5,5,24,95.75,83.9355,1,1,1,0,0,0,1,1,0,0,0,0,0,1
S5030,99.21,92.42,57.59,19.0,77.9,55.89,23.0,6.2,10,19,51.97,71.816,1,1,1,1,0,0,0,0,0,1,0,0,0,1
S5031,81.83,55.09,59.2,97.5,68.34,66.51,13.4,8.4,4,23,40.67,62.0025,1,0,1,0,1,0,0,1,0,0,0,1,0,0
S5032,85.06,96.2,73.24,88.5,70.01,86.24,17.8,5.7,3,18,59.86,74.90599999999999,0,1,0,0,1,0,0,0,1,0,0,1,0,0
S5033,98.97,81.22,67.14,47.1,96.66,80.6,10.9,8.5,4,23,41.83,75.553,1,1,0,0,1,0,0,1,0,0,0,0,1,0
S5034,40.42,93.46,72.04,24.3,61.16,55.99,24.3,5.4,5,24,89.68,69.269,0,1,1,1,0,0,0,0,1,0,0,0,1,0
S5035,78.04,84.22,73.04,22.3,56.07,58.17,9.9,4.8,3,24,69.49,66.95150000000001,0,1,1,0,0,1,0,0,1,0,0,0,0,1
S5036,84.34,60.09,57.0,80.60000000000001,91.51,82.04,25.5,5.3,6,18,78.51,78.47500000000001,1,0,0,0,0,1,0,0,1,0,0,1,0,0
S5037,95.07,80.48,59.06,6.9,78.85,90.67,28.4,6.5,4,20,64.69,72.411,0,0,0,0,0,1,0,0,1,0,0,0,1,0
S5038,93.03,54.55,92.41,63.8,64.23,67.47,29.8,8.6,2,22,60.73,69.0195,0,1,0,0,1,0,0,0,0,1,0,0,1,0
S5039,90.52,84.79,58.14,64.0,71.62,79.77,26.4,4.9,3,18,53.33,70.129,1,0,0,0,0,1,0,0,0,0,1,1,0,0
S5040,96.75,70.45,83.3,18.2,76.25,58.53,10.5,6.9,1,21,86.23,78.7525,0,0,1,0,0,0,1,0,0,0,1,0,0,1
S5041,72.24,57.59,70.93,70.5,79.61,65.57,15.4,5.1,10,24,81.73,74.408,0,0,0,0,1,0,0,0,1,0,0,0,0,1
S5042,40.42,98.96,98.41,70.5,91.05,51.01,7.2,7.4,7,20,61.64,76.99799999999999,0,1,1,1,0,0,0,0,0,0,1,1,0,0
S5043,40.66,95.05,53.31,35.0,69.72,88.41,9.1,6.3,5,24,59.27,63.17100000000001,0,0,0,1,0,0,0,0,1,0,0,0,0,1
S5044,72.68,94.68,91.52,48.3,83.83,70.05,6.2,7.7,7,21,40.07,71.83749999999999,0,0,1,0,0,1,0,0,0,0,1,1,0,0
S5045,66.12,89.44,74.57,83.3,91.74,90.81,21.0,8.3,5,20,43.81,73.4305,0,0,0,0,1,0,0,0,1,0,0,0,0,1
S5046,67.07,84.6,50.27,52.3,92.19,85.42,18.3,5.7,1,24,77.4,77.3995,0,1,1,0,0,0,1,1,0,0,0,0,1,0
S5047,64.02,82.75,63.18,61.8,62.71,91.44,27.9,8.7,3,21,70.88,67.9565,0,1,1,0,0,0,1,0,0,0,1,1,0,0
S5048,95.06,55.3,70.38,41.3,67.51,64.28,16.6,6.3,9,21,66.09,68.4325,1,0,1,0,1,0,0,0,1,0,0,0,0,1
S5049,61.55,95.03,65.71,15.0,79.75,59.26,21.1,8.7,7,24,89.65,77.1455,1,0,1,0,0,1,0,1,0,0,0,0,0,1
S5050,91.37,94.06,68.12,99.8,94.29,98.6,15.0,5.2,7,24,70.23,85.461,1,1,1,1,0,0,0,1,0,0,0,1,0,0
S5051,94.17,87.39,95.83,53.2,89.52,85.87,25.7,8.5,5,23,63.07,82.1005,0,1,0,1,0,0,0,0,0,1,0,0,0,1
S5052,69.97,96.37,68.05,33.6,79.2,91.7,28.2,5.7,3,18,49.68,69.616,0,0,0,0,0,0,1,0,0,1,0,0,1,0
S5053,66.82,77.65,70.94,71.39999999999999,99.19,50.66,15.8,7.8,10,18,89.24,84.4015,0,1,0,0,0,0,1,0,0,0,1,0,0,1
S5054,85.66,72.38,88.06,62.1,71.95,67.72,7.1,8.8,4,20,74.57,75.84450000000001,1,0,0,0,0,0,1,0,0,1,0,0,1,0
S5055,82.48,98.4,89.69,23.3,92.12,87.14,9.1,8.6,4,22,45.55,76.2895,1,1,0,1,0,0,0,0,1,0,0,0,0,1
S5056,59.71,73.21,54.2,87.69999999999999,90.92,53.9,23.0,6.3,6,24,78.93,76.7515,1,1,0,0,0,0,1,0,0,1,0,0,1,0
S5057,46.15,82.07,85.2,7.1,95.4,78.37,13.1,5.7,6,23,65.5,73.103,0,0,0,1,0,0,0,0,1,0,0,0,1,0
S5058,55.89,68.65,74.13,60.6,99.38,71.45,24.6,7.1,7,18,88.68,81.10799999999999,1,1,1,1,0,0,0,0,0,0,1,0,0,1
S5059,47.86,81.82,56.69,47.8,74.78,50.88,23.7,7.5,8,18,95.13,73.72749999999999,1,1,1,0,0,1,0,1,0,0,0,0,0,1
S5060,57.68,86.0,63.24,31.8,59.78,61.8,22.4,6.7,9,23,76.03,66.4075,0,1,0,0,0,1,0,1,0,0,0,1,0,0
S5061,55.71,81.23,52.25,82.6,73.04,64.24,25.4,8.2,8,19,83.9,72.78300000000002,1,1,1,0,0,1,0,0,1,0,0,0,1,0
S5062,78.26,75.73,68.01,65.6,92.69,55.59,23.9,4.3,9,23,43.4,71.8365,0,1,1,0,0,0,1,0,1,0,0,1,0,0
S5063,97.27,65.01,62.77,75.9,91.81,81.58,20.8,7.0,9,18,73.62,80.362,1,1,1,1,0,0,0,1,0,0,0,0,0,1
S5064,81.14,82.19,69.11,41.5,66.8,62.12,5.1,6.6,3,22,85.32,74.8555,0,1,1,0,0,0,1,0,1,0,0,1,0,0
S5065,95.6,95.42,79.02,94.2,52.37,63.88,17.9,4.2,7,19,69.81,74.4285,0,1,0,1,0,0,0,0,0,1,0,0,1,0
S5066,87.05,50.35,86.62,34.5,75.49,94.91,19.9,4.1,3,21,75.61,72.54650000000001,0,0,0,0,0,1,0,0,0,0,1,0,1,0
S5067,83.67,56.7,80.27,53.1,73.71,73.36,29.0,7.0,5,23,93.94,77.3355,0,1,0,0,0,1,0,0,1,0,0,1,0,0
S5068,64.84,55.99,83.92,93.4,54.29,69.61,21.3,4.6,10,21,51.89,60.446000000000005,0,1,0,0,0,0,1,0,1,0,0,0,1,0
S5069,59.49,96.16,93.28,8.299999999999999,89.74,86.19,19.4,7.8,9,19,45.89,71.485,1,0,1,1,0,0,0,0,0,1,0,1,0,0
S5070,90.78,83.14,93.69,10.9,64.18,95.48,18.5,8.7,8,19,81.44,75.616,0,0,0,0,0,0,1,0,1,0,0,0,1,0
S5071,94.32,97.59,93.04,99.4,82.29,51.25,7.6,4.9,3,19,89.37,90.09,0,0,1,0,1,0,0,0,0,1,0,1,0,0
S5072,67.11,79.14,57.66,97.1,55.07,72.41,15.7,8.0,6,20,91.03,71.837,0,1,0,0,0,0,1,0,0,1,0,0,0,1
S5073,40.54,73.09,62.55,77.2,93.04,80.54,8.4,7.0,5,23,78.5,74.6965,0,1,1,0,0,1,0,1,0,0,0,0,1,0
S5074,87.55,89.62,75.12,48.4,86.96,65.93,6.3,6.2,10,24,89.99,85.09299999999999,1,1,1,1,0,0,0,0,1,0,0,0,1,0
S5075,57.1,58.05,67.94,50.6,69.42,88.62,13.2,7.3,4,22,82.04,67.9325,0,0,1,1,0,0,0,0,1,0,0,0,1,0
S5076,40.59,69.07,56.58,25.7,81.47,98.57,21.1,8.0,6,22,45.24,59.143,1,1,1,0,0,0,1,0,0,1,0,1,0,0
S5077,88.3,73.31,64.39,43.3,59.37,97.17,26.7,8.9,8,21,85.72,72.0865,0,0,0,0,0,1,0,0,0,1,0,0,1,0
S5078,71.04,64.92,98.77,43.1,99.27,63.3,25.3,7.3,8,21,50.76,74.897,0,1,0,0,1,0,0,0,1,0,0,0,0,1
S5079,81.11,68.56,67.35,3.6,89.81,61.32,12.4,7.7,3,24,54.2,69.8585,1,1,1,0,0,0,1,0,1,0,0,0,0,1
S5080,94.88,53.91,70.95,45.3,89.45,97.87,6.1,7.0,6,21,63.68,74.43350000000001,1,0,0,1,0,0,0,0,1,0,0,0,1,0
S5081,72.47,59.9,50.32,48.0,57.67,72.93,15.1,6.8,1,23,58.87,59.306,1,1,0,0,0,1,0,0,1,0,0,0,0,1
S5082,70.19,66.77,85.97,66.6,50.89,60.41,12.9,4.3,1,18,59.3,62.563,0,0,0,1,0,0,0,0,0,1,0,0,1,0
S5083,57.44,89.79,70.68,51.6,79.27,85.35,14.3,4.8,1,21,50.16,68.05349999999999,1,0,1,1,0,0,0,0,0,1,0,1,0,0
S5084,58.31,59.12,55.16,86.19999999999999,57.21,64.22,19.0,5.9,9,19,57.63,59.011,0,1,1,1,0,0,0,1,0,0,0,1,0,0
S5085,87.79,67.33,98.43,36.8,89.02,63.36,5.8,7.2,10,21,41.18,71.95200000000001,1,0,1,1,0,0,0,1,0,0,0,1,0,0
S5086,66.94,53.25,88.87,41.0,70.8,93.96,14.3,4.4,9,19,68.37,67.29799999999999,1,0,1,0,1,0,0,0,0,0,1,0,1,0
S5087,49.81,77.86,86.31,57.1,66.93,58.12,19.0,6.7,10,20,86.12,72.24549999999999,0,1,1,0,0,1,0,0,1,0,0,1,0,0
S5088,45.67,80.56,97.89,20.3,53.68,53.22,15.8,4.1,5,18,91.73,68.775,1,0,1,0,0,0,1,0,1,0,0,0,0,1
S5089,68.38,93.28,70.37,39.3,99.8,63.46,21.7,7.8,7,18,89.23,85.49849999999999,1,0,1,0,0,1,0,0,0,0,1,0,1,0
S5090,67.9,90.96,85.93,68.60000000000001,97.8,80.35,9.7,7.3,4,24,64.99,81.4395,0,1,1,0,0,1,0,0,0,1,0,0,0,1
S5091,79.21,64.27,60.31,41.2,56.58,56.15,8.8,6.6,2,23,83.83,67.5445,0,1,1,0,0,1,0,0,1,0,0,1,0,0
S5092,68.26,56.85,84.86,90.7,66.64,73.58,12.7,6.9,6,23,57.27,66.09700000000001,0,0,0,0,0,0,1,1,0,0,0,0,1,0
S5093,48.61,57.8,50.7,61.5,69.54,81.37,7.5,8.7,2,22,43.33,55.801,1,1,1,0,0,1,0,0,1,0,0,0,0,1
S5094,70.47,98.45,56.32,15.4,64.84,92.44,10.9,8.5,7,20,80.56,71.33200000000001,1,0,0,0,0,0,1,0,0,1,0,0,0,1
S5095,94.41,83.66,71.26,48.7,96.72,61.49,7.2,8.0,4,24,78.93,85.02000000000001,1,1,1,0,0,0,1,0,1,0,0,1,0,0
S5096,49.57,52.13,50.6,76.5,86.07,90.87,15.0,5.7,4,23,88.1,71.98599999999999,1,0,1,0,1,0,0,0,1,0,0,1,0,0
S5097,81.39,56.84,73.1,64.3,97.8,61.75,22.8,4.5,2,19,76.97,79.84200000000001,1,1,0,1,0,0,0,0,0,0,1,0,0,1
S5098,75.63,74.29,76.14,88.5,93.73,83.84,12.2,5.6,9,20,49.41,74.99849999999999,0,1,1,0,0,0,1,0,1,0,0,1,0,0
S5099,84.92,60.39,81.08,75.0,87.73,71.53,5.1,7.8,3,18,91.19,82.771,1,0,1,1,0,0,0,0,1,0,0,0,1,0
S5100,49.04,90.18,55.02,6.2,84.85,55.73,18.9,7.1,6,19,77.64,71.56,0,0,1,0,0,1,0,0,0,0,1,0,1,0
S5101,96.5,78.66,59.05,11.3,93.31,85.71,22.3,7.5,10,24,88.46,82.85199999999999,1,0,1,1,0,0,0,1,0,0,0,0,0,1
S5102,77.26,80.63,80.66,65.0,84.21,60.89,14.8,4.5,9,24,86.45,81.875,0,0,1,1,0,0,0,0,1,0,0,0,1,0
S5103,90.82,73.14,82.91,23.8,59.44,58.83,12.4,4.8,8,20,57.87,66.37449999999998,1,0,0,1,0,0,0,0,1,0,0,0,0,1
S5104,54.8,62.8,51.3,58.8,82.41,67.92,17.3,7.3,9,18,44.47,61.5505,1,1,0,0,0,1,0,0,1,0,0,0,0,1
S5105,84.36,79.47,77.02,79.2,75.75,82.66,7.5,5.9,7,23,50.59,71.609,0,0,0,0,0,1,0,1,0,0,0,0,0,1
S5106,86.86,85.85,89.25,57.7,99.09,61.7,21.1,5.8,9,19,45.57,78.836,1,0,0,0,0,0,1,0,0,0,1,0,0,1
S5107,63.85,68.55,53.46,41.5,75.5,59.18,23.3,6.0,10,19,54.6,63.581,0,1,0,0,0,0,1,0,0,0,1,1,0,0
S5108,63.04,75.25,70.66,64.6,51.92,50.5,22.6,8.0,9,18,67.57,63.508,1,1,0,0,1,0,0,0,0,0,1,0,1,0
S5109,79.47,91.98,66.33,14.4,63.21,73.58,13.2,7.5,5,19,94.41,75.636,1,0,0,0,0,1,0,1,0,0,0,0,1,0
S5110,45.6,57.43,95.68,72.30000000000001,95.87,71.43,26.1,4.5,7,23,92.32,80.4785,0,0,0,0,1,0,0,1,0,0,0,1,0,0
S5111,84.14,77.26,59.29,69.7,98.12,61.69,28.7,5.7,5,23,83.12,83.84,1,0,0,0,0,1,0,1,0,0,0,1,0,0
S5112,42.57,67.42,65.92,51.4,86.42,52.68,12.4,7.4,1,23,41.45,61.949,0,0,1,1,0,0,0,0,0,0,1,1,0,0
S5113,51.44,85.14,94.92,27.9,52.84,71.46,11.6,8.9,7,18,60.48,62.346,1,0,1,0,1,0,0,0,1,0,0,1,0,0
S5114,79.85,50.94,66.53,79.80000000000001,51.18,89.41,22.6,8.6,9,21,80.94,65.8505,1,0,0,0,1,0,0,1,0,0,0,0,0,1
S5115,45.9,83.52,76.57,51.1,73.98,85.76,22.7,5.2,5,21,47.74,63.75399999999999,1,0,0,0,1,0,0,1,0,0,0,1,0,0
S5116,98.31,55.14,51.65,5.9,99.98,93.04,17.8,4.3,4,24,88.07,80.489,1,0,0,0,0,1,0,0,0,0,1,0,1,0
S5117,92.1,53.24,99.25,91.9,93.46,50.48,28.1,6.9,5,24,94.87,88.0765,1,1,0,0,0,0,1,1,0,0,0,0,0,1
S5118,77.58,86.23,91.25,76.8,96.66,98.32,8.7,6.0,4,19,61.25,81.84700000000001,1,1,1,0,1,0,0,0,1,0,0,0,1,0
S5119,89.14,82.02,81.72,58.5,81.18,67.07,16.9,4.9,9,23,82.35,81.71249999999999,1,0,1,0,0,0,1,0,0,0,1,0,1,0
S5120,93.25,94.75,53.04,43.7,92.96,99.52,5.9,7.3,10,19,48.89,75.7995,0,0,0,0,0,1,0,1,0,0,0,0,1,0
S5121,55.57,75.98,53.74,96.0,65.98,62.63,6.3,4.8,8,18,81.45,70.063,1,1,1,0,1,0,0,1,0,0,0,1,0,0
S5122,90.96,76.5,77.25,77.5,51.37,73.58,6.3,5.8,5,19,41.29,62.4525,1,1,1,0,0,1,0,0,0,1,0,0,1,0
S5123,51.69,85.35,64.25,53.5,95.91,67.7,17.3,8.0,5,22,49.05,70.69149999999999,1,0,1,0,0,0,1,0,0,1,0,0,1,0
S5124,64.8,66.17,81.14,65.3,60.92,67.79,19.7,7.4,5,21,82.59,69.948,0,0,1,0,0,0,1,0,1,0,0,0,1,0
S5125,73.5,51.85,79.91,28.1,86.42,92.11,5.1,7.0,7,19,82.71,74.802,0,1,0,0,1,0,0,0,1,0,0,1,0,0
S5126,82.83,61.5,91.93,19.6,82.95,87.32,20.8,8.7,10,19,78.47,76.325,1,1,1,0,0,0,1,1,0,0,0,0,1,0
S5127,41.81,61.9,64.07,27.3,57.91,99.61,17.2,4.6,7,20,68.64,57.86149999999999,1,0,0,1,0,0,0,0,0,1,0,1,0,0
S5128,57.43,66.78,78.89,29.3,59.79,80.68,10.6,7.5,3,19,80.49,66.045,1,1,1,1,0,0,0,0,1,0,0,0,0,1
S5129,76.51,97.17,88.87,74.0,66.45,73.16,5.4,4.6,1,22,86.43,80.1815,0,1,1,0,1,0,0,0,0,0,1,0,1,0
S5130,61.44,90.24,74.54,14.0,87.85,54.5,8.9,4.7,8,21,97.99,81.7585,1,1,1,0,0,1,0,0,0,1,0,1,0,0
S5131,86.5,96.8,91.53,77.8,51.96,99.83,20.0,6.5,10,20,93.32,79.456,0,1,0,0,0,1,0,0,1,0,0,0,0,1
S5132,79.1,99.93,56.56,52.3,70.35,77.58,21.5,4.1,4,18,87.67,78.148,1,0,1,0,0,1,0,0,1,0,0,0,1,0
S5133,54.06,71.69,86.69,38.5,83.26,85.02,21.2,6.5,4,24,81.69,74.857,0,0,0,1,0,0,0,0,1,0,0,0,0,1
S5134,48.76,61.35,97.15,30.0,58.57,70.34,8.8,4.0,9,18,74.45,63.915000000000006,0,1,1,0,0,0,1,0,1,0,0,0,1,0
S5135,77.74,78.0,66.59,51.3,55.97,77.39,27.8,7.0,7,21,47.24,61.18599999999999,1,0,0,1,0,0,0,0,0,1,0,0,1,0
S5136,67.03,94.06,68.32,31.8,69.51,97.13,15.3,5.6,7,24,49.93,65.921,1,1,0,0,0,0,1,0,0,0,1,0,0,1
S5137,50.14,73.29,54.18,42.9,64.33,58.32,24.2,4.4,8,18,89.22,67.6815,1,0,0,1,0,0,0,0,1,0,0,0,0,1
S5138,59.58,75.27,82.07,73.89999999999999,82.45,64.62,9.2,7.9,1,22,88.2,78.9145,1,0,0,0,0,1,0,0,0,0,1,1,0,0
S5139,58.18,56.72,77.62,62.6,98.48,57.6,16.8,5.9,9,19,76.87,76.88850000000001,1,0,1,0,0,1,0,0,1,0,0,0,1,0
S5140,46.49,71.02,52.02,74.80000000000001,50.22,89.61,18.0,6.2,1,21,66.33,58.217,1,1,0,0,0,1,0,0,1,0,0,0,0,1
S5141,72.81,69.35,87.61,71.3,95.12,53.1,24.3,5.9,10,24,41.56,72.576,1,1,1,0,1,0,0,1,0,0,0,1,0,0
S5142,85.82,67.58,91.46,81.5,71.66,54.08,20.5,4.4,5,20,59.63,72.6365,0,1,1,0,1,0,0,0,0,1,0,0,1,0
S5143,74.53,94.36,95.36,20.2,83.2,64.92,15.0,6.3,9,19,65.24,77.1495,1,0,0,0,0,0,1,0,1,0,0,0,1,0
S5144,89.58,52.97,77.29,99.5,92.55,75.71,12.1,7.3,3,18,69.15,79.139,1,0,0,0,1,0,0,0,0,0,1,0,0,1
S5145,47.65,98.61,72.63,47.6,78.67,70.31,29.3,8.5,2,18,95.76,79.123,0,0,0,1,0,0,0,0,0,0,1,0,0,1
S5146,66.14,50.41,93.81,71.8,54.87,52.24,12.1,7.8,2,20,46.52,58.5445,1,0,0,1,0,0,0,0,0,1,0,0,0,1
S5147,76.56,97.28,69.93,67.8,57.03,97.87,8.2,4.4,7,22,71.13,71.3505,1,0,1,0,0,0,1,0,1,0,0,0,1,0
S5148,80.56,77.4,82.77,56.6,89.46,97.64,12.5,4.8,5,20,62.08,77.15899999999999,1,0,1,0,0,0,1,0,0,1,0,0,0,1
S5149,81.75,85.12,80.77,99.6,61.45,63.97,13.2,4.2,8,21,99.41,81.375,1,1,0,0,0,1,0,0,0,0,1,0,0,1
S5150,83.74,59.36,68.61,21.7,78.45,86.58,8.2,4.6,5,20,91.71,75.8735,0,0,0,0,1,0,0,0,0,1,0,1,0,0
S5151,79.09,82.71,54.34,42.2,71.4,78.93,22.7,6.4,2,18,66.33,69.8165,0,0,0,0,0,1,0,0,1,0,0,0,0,1
S5152,45.65,94.1,51.07,12.8,65.18,61.87,20.5,5.1,7,22,99.98,71.2585,1,1,1,0,1,0,0,0,1,0,0,1,0,0
S5153,81.72,56.97,71.41,18.2,89.35,63.11,12.9,7.2,7,22,70.84,73.36949999999999,1,1,1,0,1,0,0,0,1,0,0,0,0,1
S5154,83.49,56.35,74.06,71.3,86.56,74.56,29.8,4.2,2,23,50.03,70.4225,0,0,0,0,0,0,1,0,1,0,0,0,0,1
S5155,99.61,65.2,91.13,0.5,82.31,70.96,21.4,8.3,6,20,73.35,76.89,1,0,1,0,0,1,0,0,1,0,0,1,0,0
S5156,81.6,58.09,70.72,89.0,68.63,64.56,22.6,7.4,5,21,53.57,66.45700000000001,0,1,1,0,0,1,0,0,1,0,0,0,1,0
S5157,81.21,55.53,64.06,63.3,61.32,90.38,18.9,8.8,4,18,78.18,68.023,0,1,0,0,1,0,0,0,0,0,1,0,1,0
S5158,70.89,83.92,73.1,44.1,75.79,74.07,18.8,8.8,10,19,96.25,79.536,0,1,1,0,1,0,0,0,1,0,0,0,1,0
S5159,92.08,60.69,61.9,33.1,90.86,82.74,5.5,7.5,8,22,87.17,79.81099999999999,1,1,1,0,0,0,1,0,0,1,0,1,0,0
S5160,99.81,83.35,54.57,12.6,78.78,59.46,24.3,4.8,8,20,56.39,71.2925,1,0,0,1,0,0,0,0,0,0,1,0,0,1
S5161,86.74,93.1,55.65,92.2,98.51,76.68,27.8,5.1,5,23,57.81,81.1565,1,1,1,0,0,1,0,1,0,0,0,1,0,0
S5162,76.75,82.6,65.96,71.2,50.77,65.9,8.1,5.4,4,21,44.16,60.3295,0,0,0,0,0,1,0,0,1,0,0,0,1,0
S5163,44.74,55.97,50.63,33.6,99.92,76.32,24.9,6.1,9,21,57.15,66.113,1,0,0,0,0,0,1,1,0,0,0,1,0,0
S5164,83.6,78.68,61.01,7.1,84.57,89.04,18.4,6.9,5,24,45.56,67.559,1,0,0,0,0,0,1,0,1,0,0,1,0,0
S5165,82.51,69.68,89.38,32.599999999999994,91.63,88.45,12.1,7.4,4,18,69.97,78.378,0,1,0,0,0,1,0,0,0,0,1,0,1,0
S5166,86.53,67.17,61.73,18.5,66.75,67.71,28.0,4.4,2,22,82.5,70.803,1,0,1,0,0,1,0,1,0,0,0,0,0,1
S5167,47.47,65.93,55.54,78.60000000000001,75.42,84.71,5.4,7.1,6,18,85.07,70.3875,1,1,0,0,1,0,0,0,1,0,0,0,0,1
S5168,79.22,96.47,97.45,72.0,89.85,97.06,11.9,4.3,5,23,43.57,77.54599999999999,1,0,0,1,0,0,0,0,1,0,0,0,1,0
S5169,57.74,87.13,81.12,49.8,88.03,81.28,27.2,8.1,6,19,60.4,73.8415,0,1,1,0,0,1,0,0,0,1,0,0,0,1
S5170,85.62,56.69,53.0,88.6,66.7,57.42,17.0,4.2,1,19,57.29,65.40899999999999,1,1,1,0,0,0,1,1,0,0,0,0,1,0
S5171,54.42,73.8,53.11,18.1,66.22,83.99,20.0,6.0,6,19,46.26,56.88,0,0,1,0,1,0,0,0,0,1,0,0,0,1
S5172,81.04,65.91,80.61,45.2,83.14,55.25,23.7,6.1,5,21,61.75,72.743,0,0,0,0,1,0,0,1,0,0,0,0,1,0
S5173,57.7,98.9,77.01,71.10000000000001,96.68,93.61,8.7,6.9,7,22,57.96,78.24000000000001,0,1,0,0,0,0,1,0,0,0,1,1,0,0
S5174,40.54,98.9,53.42,6.800000000000001,71.94,75.83,10.4,4.5,1,18,78.07,67.69749999999999,1,0,1,0,0,0,1,0,0,1,0,1,0,0
S5175,78.0,65.98,61.22,37.3,67.65,69.26,30.0,8.7,3,18,93.0,73.129,1,1,1,0,1,0,0,0,1,0,0,1,0,0
S5176,46.8,67.61,96.45,57.2,94.73,52.85,10.9,5.9,2,23,67.29,74.908,1,0,1,0,0,0,1,0,1,0,0,0,1,0
S5177,79.56,79.97,78.6,36.7,84.15,69.04,18.5,6.0,6,19,84.8,80.0695,0,1,0,0,1,0,0,0,0,0,1,1,0,0
S5178,95.54,73.97,72.02,48.0,69.41,95.16,12.5,5.2,1,22,48.76,68.0415,0,0,1,0,0,0,1,1,0,0,0,1,0,0
S5179,98.15,60.66,62.51,60.8,52.86,51.05,26.3,7.9,3,22,93.7,72.3955,1,1,0,0,1,0,0,0,1,0,0,0,0,1
S5180,54.16,83.02,56.68,36.8,86.07,73.73,29.0,4.0,4,23,49.16,66.196,0,0,0,0,0,1,0,1,0,0,0,1,0,0
S5181,88.56,66.71,70.13,10.6,67.64,96.56,8.5,4.5,6,20,51.53,64.008,1,1,1,0,0,1,0,0,0,1,0,0,1,0
S5182,61.21,82.69,96.12,13.9,53.53,69.74,20.0,6.4,5,22,46.39,59.5485,1,1,0,0,0,0,1,0,0,1,0,0,1,0
S5183,94.03,69.18,52.44,52.7,80.61,71.41,25.3,8.8,5,22,58.58,71.1885,1,1,1,1,0,0,0,0,1,0,0,1,0,0
S5184,87.25,85.01,99.55,17.5,66.15,78.93,25.6,4.2,5,18,73.14,74.799,1,0,0,0,0,1,0,0,0,1,0,0,0,1
S5185,44.44,83.39,60.39,89.0,66.92,73.15,16.0,4.3,1,23,99.28,74.55950000000001,1,0,0,0,1,0,0,0,0,0,1,1,0,0
S5186,64.43,75.44,70.44,83.4,73.96,58.43,10.6,7.6,8,22,87.6,76.2825,1,1,1,1,0,0,0,1,0,0,0,0,1,0
S5187,60.24,85.24,52.25,34.900000000000006,85.87,50.93,14.7,7.7,10,22,62.83,70.2605,1,0,1,0,1,0,0,1,0,0,0,1,0,0
S5188,87.11,73.05,79.24,83.10000000000001,63.82,80.49,23.8,8.5,2,18,74.55,73.88650000000001,0,0,1,0,1,0,0,0,0,0,1,0,0,1
S5189,64.62,55.81,74.18,53.3,54.05,96.04,29.8,6.9,6,22,77.4,63.71249999999999,1,0,1,0,0,1,0,0,0,1,0,1,0,0
S5190,81.08,59.11,83.34,15.9,71.22,55.32,18.9,6.0,7,18,89.36,73.8635,0,1,0,0,0,0,1,0,0,1,0,0,1,0
S5191,76.15,62.3,77.13,61.4,52.75,60.55,9.9,6.3,10,20,84.19,68.423,0,1,0,0,0,0,1,0,0,0,1,0,1,0
S5192,98.54,53.16,69.91,67.9,84.86,68.51,6.0,6.2,10,21,74.16,77.139,1,1,1,0,1,0,0,0,1,0,0,0,0,1
S5193,96.27,85.57,86.89,8.4,97.96,90.44,28.6,8.9,4,24,80.15,85.81049999999999,0,0,1,0,0,1,0,0,1,0,0,0,0,1
S5194,65.66,68.37,51.25,31.4,82.94,63.46,17.1,5.9,8,18,84.76,72.8715,0,0,0,0,1,0,0,0,1,0,0,0,0,1
S5195,83.41,54.68,77.05,0.5,63.77,94.1,22.9,4.5,1,18,47.99,59.572,0,0,0,1,0,0,0,0,0,1,0,0,1,0
S5196,89.77,91.0,55.69,31.6,59.09,52.75,21.5,5.4,9,22,52.03,64.999,1,0,0,0,1,0,0,0,1,0,0,1,0,0
S5197,93.93,84.18,71.8,33.5,61.64,97.05,27.3,8.8,4,18,81.32,74.3935,1,1,0,0,0,1,0,0,1,0,0,0,0,1
S5198,44.09,72.61,89.56,63.0,61.08,78.04,11.7,6.1,10,23,91.03,70.6925,1,0,1,0,1,0,0,0,1,0,0,0,0,1
S5199,58.12,62.37,57.12,19.9,65.69,82.94,16.0,5.6,9,19,64.56,60.6275,1,0,1,0,0,1,0,0,0,1,0,1,0,0
S5200,59.21,57.59,96.79,3.0,54.87,68.38,27.8,5.6,2,19,98.79,68.5075,1,1,1,0,0,0,1,1,0,0,0,1,0,0
S5201,66.07,72.92,94.43,31.6,94.79,89.1,19.6,4.0,10,20,52.96,73.5485,0,0,0,0,0,1,0,0,0,1,0,0,0,1
S5202,50.16,94.26,70.75,82.6,94.26,58.33,6.8,7.2,8,18,65.0,77.39600000000002,0,0,1,1,0,0,0,0,0,1,0,1,0,0
S5203,69.77,59.42,50.3,39.900000000000006,80.76,52.45,9.9,7.6,5,23,62.71,66.309,1,0,1,0,0,1,0,0,1,0,0,0,0,1
S5204,79.79,78.43,89.49,41.5,53.1,69.78,10.9,5.8,7,22,95.82,74.642,0,1,1,1,0,0,0,0,1,0,0,0,0,1
S5205,69.84,98.08,94.04,46.900000000000006,90.2,92.68,29.8,8.4,5,22,57.12,78.277,0,0,0,1,0,0,0,0,0,1,0,0,0,1
S5206,79.95,81.86,58.74,75.19999999999999,53.09,87.75,10.6,7.7,6,24,68.25,66.89500000000001,0,1,1,0,1,0,0,0,0,0,1,1,0,0
S5207,43.99,72.0,95.81,48.0,55.32,75.86,26.7,7.0,7,21,51.23,58.783,0,0,0,1,0,0,0,0,0,0,1,0,0,1
S5208,92.56,85.82,95.7,9.1,66.26,78.61,7.0,7.5,9,20,71.28,74.47999999999999,1,1,0,0,0,1,0,0,1,0,0,1,0,0
S5209,96.34,91.23,73.56,20.6,71.57,56.49,9.5,7.8,6,23,91.44,80.85249999999999,1,1,1,0,0,0,1,0,1,0,0,0,1,0
S5210,77.07,79.53,89.9,18.8,67.69,92.03,26.8,6.6,1,23,58.24,68.28699999999999,1,1,0,0,0,1,0,1,0,0,0,1,0,0
S5211,92.88,93.59,72.25,50.8,58.26,89.35,27.5,6.0,1,24,88.65,77.37599999999999,0,1,0,0,0,0,1,0,1,0,0,1,0,0
S5212,47.89,75.73,78.2,3.0,55.61,82.82,9.4,4.6,1,24,94.68,66.866,0,0,1,1,0,0,0,0,1,0,0,0,1,0
S5213,87.85,91.5,65.99,28.4,92.97,73.31,10.7,6.0,10,22,44.38,73.9075,1,1,1,0,1,0,0,0,0,1,0,0,1,0
S5214,47.15,97.6,57.97,60.7,68.16,98.22,18.3,6.8,5,21,85.39,72.33999999999999,1,0,0,1,0,0,0,0,0,1,0,0,0,1
S5215,64.48,75.06,87.33,35.5,60.93,93.95,6.3,8.7,6,22,55.32,63.548,0,1,0,1,0,0,0,0,0,1,0,0,1,0
S5216,59.43,80.25,50.07,70.8,74.35,82.22,28.6,4.8,6,21,50.52,64.434,1,1,1,0,0,0,1,1,0,0,0,1,0,0
S5217,75.14,80.47,78.98,39.1,51.84,68.59,14.1,7.8,9,19,76.07,67.764,1,1,1,0,0,1,0,1,0,0,0,0,0,1
S5218,58.09,89.07,93.23,97.9,80.01,80.9,17.2,5.2,10,23,82.34,80.88,0,0,0,0,1,0,0,0,1,0,0,0,0,1
S5219,78.24,91.15,61.06,96.5,62.42,78.77,7.6,8.8,1,24,63.69,70.988,0,1,0,0,1,0,0,0,0,1,0,0,1,0
S5220,62.04,51.36,66.64,80.0,79.91,69.71,5.8,7.0,3,19,42.35,62.2345,1,1,0,0,1,0,0,0,1,0,0,0,1,0
S5221,91.65,86.67,79.37,95.4,80.71,65.33,16.7,6.2,4,22,94.52,87.298,0,1,0,0,1,0,0,0,1,0,0,0,1,0
S5222,78.03,89.19,62.34,20.5,90.46,70.35,8.0,5.7,9,20,83.84,80.44,1,0,1,0,0,1,0,0,0,1,0,0,0,1
S5223,52.92,85.02,92.37,75.1,61.5,78.7,20.8,5.0,1,18,56.3,66.208,0,0,0,0,1,0,0,0,1,0,0,0,0,1
S5224,60.17,85.68,68.33,32.2,73.17,71.41,24.9,7.6,8,20,69.81,69.72399999999999,0,1,0,0,0,0,1,1,0,0,0,0,1,0
S5225,90.85,52.07,79.08,72.5,98.09,63.18,5.8,7.2,3,20,41.67,72.8155,1,1,0,0,0,0,1,1,0,0,0,0,0,1
S5226,63.19,72.1,61.31,37.400000000000006,86.36,88.05,20.3,8.5,8,18,60.36,69.29249999999999,0,0,0,0,1,0,0,1,0,0,0,0,0,1
S5227,72.15,90.91,52.07,28.9,98.77,76.57,25.4,7.0,2,23,71.35,78.5795,1,1,1,0,1,0,0,0,1,0,0,0,0,1
S5228,78.94,96.7,58.69,95.9,96.37,53.38,16.0,4.8,6,19,71.03,83.6785,0,1,1,0,0,1,0,0,1,0,0,0,0,1
S5229,60.87,61.47,52.31,21.0,80.54,68.42,29.0,7.4,2,19,52.49,61.9165,1,0,1,0,0,1,0,0,1,0,0,0,0,1
S5230,57.64,78.96,73.43,75.9,63.2,94.25,7.8,8.4,7,23,86.6,72.238,0,1,1,0,1,0,0,0,0,0,1,1,0,0
S5231,68.52,90.22,79.33,67.5,87.85,87.76,13.1,9.0,6,18,57.93,75.9565,0,0,0,0,0,1,0,0,0,1,0,0,0,1
S5232,52.89,87.62,52.23,30.3,84.91,66.16,10.8,7.4,7,21,74.82,71.99249999999999,1,1,1,1,0,0,0,0,0,0,1,0,1,0
S5233,57.05,80.94,54.52,45.8,79.44,96.91,29.9,5.4,9,20,56.29,66.345,0,0,1,0,1,0,0,0,0,0,1,0,0,1
S5234,43.72,50.93,74.28,14.3,84.89,53.83,12.4,6.8,10,22,65.51,64.185,1,0,0,0,0,1,0,0,1,0,0,0,0,1
S5235,58.24,86.19,89.96,92.1,80.68,98.06,14.7,6.6,9,19,52.45,72.582,0,1,0,0,0,0,1,0,1,0,0,0,1,0
S5236,59.24,88.66,81.4,96.8,75.97,62.29,26.2,6.6,6,23,77.98,77.451,0,1,0,0,1,0,0,1,0,0,0,1,0,0
S5237,97.71,86.14,55.24,73.2,70.8,50.45,28.2,4.4,8,22,65.54,74.3865,1,1,0,0,1,0,0,0,0,0,1,0,1,0
S5238,75.38,88.29,94.38,84.9,52.24,71.69,28.4,5.0,10,24,40.97,64.148,0,0,0,0,0,0,1,0,1,0,0,0,1,0
S5239,87.24,71.55,95.87,8.299999999999999,93.28,67.95,19.0,6.6,6,18,41.69,72.227,0,1,1,0,0,0,1,0,0,0,1,0,1,0
S5240,42.72,99.69,66.25,38.4,93.28,76.95,21.6,8.0,10,22,68.27,74.958,1,0,1,0,0,1,0,0,0,1,0,0,0,1
S5241,46.39,88.54,80.8,33.1,79.7,89.84,13.7,4.9,2,22,50.99,66.632,0,0,1,0,0,0,1,0,0,0,1,0,0,1
S5242,88.87,78.93,74.62,56.5,63.39,92.12,20.2,4.8,5,20,75.1,73.24900000000001,1,1,0,1,0,0,0,1,0,0,0,0,0,1
S5243,77.41,96.71,97.1,18.3,51.41,70.06,12.6,7.8,5,18,64.49,68.2885,1,1,0,0,1,0,0,0,1,0,0,0,1,0
S5244,51.46,95.41,75.44,56.3,50.07,71.49,23.7,7.5,4,22,79.27,67.228,1,1,1,1,0,0,0,1,0,0,0,0,0,1
S5245,64.29,90.73,98.0,65.4,53.65,57.41,12.7,6.4,9,19,97.14,76.703,0,1,1,0,0,1,0,0,0,0,1,1,0,0
S5246,72.32,78.18,59.97,13.2,67.99,52.38,27.0,4.3,2,18,71.72,67.559,0,1,0,0,0,0,1,0,0,0,1,0,0,1
S5247,90.62,76.36,67.28,13.2,59.42,82.06,8.6,6.4,7,19,87.24,72.071,1,1,0,0,1,0,0,0,1,0,0,0,0,1
S5248,43.62,66.44,89.07,3.5,63.25,53.22,19.3,8.2,6,23,85.18,65.86099999999999,0,1,1,0,0,0,1,1,0,0,0,0,1,0
S5249,75.8,62.54,89.18,76.10000000000001,84.98,86.69,18.0,4.1,3,23,95.31,82.7955,1,1,0,0,0,0,1,1,0,0,0,1,0,0
S5250,83.02,75.62,86.61,33.1,97.96,76.95,11.6,4.5,7,24,52.84,76.71000000000001,0,0,1,0,0,1,0,0,0,0,1,1,0,0
S5251,98.67,78.89,92.98,22.5,60.34,59.93,5.7,8.0,8,21,89.64,77.569,1,0,1,0,0,1,0,0,0,1,0,1,0,0
S5252,88.43,62.23,85.13,77.8,73.28,76.98,8.7,6.6,4,23,94.33,80.5685,1,0,1,0,0,1,0,0,1,0,0,0,0,1
S5253,56.57,96.13,81.8,14.3,99.57,59.15,29.2,7.3,8,22,63.57,77.5635,0,1,1,0,0,1,0,0,0,0,1,1,0,0
S5254,82.57,77.86,72.95,42.7,96.58,71.94,28.5,7.7,6,18,58.83,77.17599999999999,1,0,1,0,1,0,0,0,0,0,1,0,1,0
S5255,85.8,76.33,73.35,74.5,67.62,89.98,8.0,5.5,5,23,97.12,79.94550000000001,1,0,0,1,0,0,0,0,1,0,0,1,0,0
S5256,83.78,71.78,70.31,57.400000000000006,65.98,73.1,14.4,5.5,8,19,77.66,72.44399999999999,0,1,1,1,0,0,0,0,1,0,0,0,0,1
S5257,89.21,52.9,81.01,55.4,62.11,57.43,16.6,5.3,6,22,62.84,66.5305,1,0,1,0,1,0,0,0,0,0,1,1,0,0
S5258,94.22,94.12,70.33,15.7,57.77,86.19,17.0,4.8,10,23,87.51,75.2775,1,0,0,0,0,0,1,0,0,1,0,1,0,0
S5259,45.91,65.85,57.37,18.1,73.0,59.34,12.5,5.5,8,20,58.27,59.8735,0,0,0,0,1,0,0,0,1,0,0,0,1,0
S5260,46.29,82.12,55.33,58.3,67.06,86.93,27.8,8.8,6,19,50.58,60.4725,1,1,0,1,0,0,0,0,1,0,0,1,0,0
S5261,87.78,80.37,96.22,2.4,87.24,73.97,27.7,4.4,4,24,72.64,79.2965,1,1,0,1,0,0,0,0,1,0,0,0,0,1
S5262,55.14,79.22,51.24,86.89999999999999,61.84,72.69,5.5,5.2,2,24,73.97,66.6675,1,1,1,0,1,0,0,0,0,0,1,0,0,1
S5263,43.51,76.29,55.27,35.0,86.82,92.57,21.3,5.6,3,24,89.54,73.678,1,1,1,0,0,1,0,0,1,0,0,1,0,0
S5264,64.07,59.07,72.27,41.7,64.41,85.43,6.9,4.8,7,19,67.42,63.961,1,0,1,0,0,0,1,1,0,0,0,0,1,0
S5265,89.19,64.03,63.15,25.8,79.64,51.65,19.9,4.4,6,24,88.88,76.7,1,0,1,0,1,0,0,0,0,0,1,0,1,0
S5266,47.59,76.21,70.29,87.69999999999999,81.92,64.81,26.7,4.8,6,21,58.68,69.23,1,0,0,1,0,0,0,0,0,0,1,0,0,1
S5267,80.31,89.47,55.87,64.3,83.59,93.55,21.2,6.6,9,20,74.52,77.976,1,0,0,0,0,1,0,0,1,0,0,0,1,0
S5268,40.22,71.6,56.55,45.0,58.77,50.92,16.7,7.0,5,21,52.51,55.4365,0,1,0,0,0,0,1,0,1,0,0,1,0,0
S5269,46.58,60.2,90.03,58.5,64.14,77.26,28.9,5.1,9,23,63.13,62.9695,1,0,1,1,0,0,0,0,0,0,1,0,1,0
S5270,61.05,54.4,87.96,38.0,62.31,86.39,23.7,6.5,1,20,91.45,69.56899999999999,1,0,0,0,0,0,1,0,0,1,0,0,1,0
S5271,45.02,83.15,55.21,46.6,78.81,81.09,11.2,4.0,3,19,52.96,63.959500000000006,0,1,1,0,0,1,0,0,0,1,0,0,0,1
S5272,90.75,71.17,83.39,35.8,53.79,88.03,14.7,7.0,5,21,88.61,72.7065,1,0,1,1,0,0,0,0,0,0,1,1,0,0
S5273,91.84,56.27,80.47,41.1,75.91,86.28,24.0,4.0,7,22,56.97,69.334,1,0,0,0,0,1,0,0,0,0,1,0,0,1
S5274,85.33,83.72,85.67,31.5,54.37,84.6,5.5,7.2,5,20,42.07,62.328,1,1,0,0,1,0,0,0,0,1,0,0,1,0
S5275,54.55,60.38,73.72,7.800000000000001,66.85,91.08,6.6,6.4,4,19,46.6,56.70649999999999,1,1,1,0,1,0,0,0,0,1,0,0,0,1
S5276,71.39,75.45,63.5,3.7,84.34,82.28,26.5,4.5,5,18,84.75,75.0505,1,1,0,0,0,0,1,1,0,0,0,0,1,0
S5277,51.05,65.31,83.18,17.4,70.63,70.12,6.1,4.4,1,20,55.72,61.761,1,1,1,0,0,1,0,0,0,1,0,0,0,1
S5278,56.88,96.58,68.57,25.2,64.02,73.6,22.0,4.0,5,20,79.25,70.1545,0,1,0,0,0,1,0,1,0,0,0,0,1,0
S5279,70.96,61.41,60.95,89.0,80.79,85.84,13.0,6.8,9,23,81.95,75.125,0,0,1,0,0,0,1,0,0,0,1,0,0,1
S5280,84.1,71.0,70.43,61.1,87.01,93.82,25.6,8.0,3,22,60.71,74.64349999999999,0,0,1,0,0,0,1,0,1,0,0,0,1,0
S5281,45.68,97.97,88.16,95.8,62.73,63.61,26.2,8.3,10,23,68.5,71.0975,0,1,0,0,0,0,1,0,1,0,0,1,0,0
S5282,57.8,65.94,73.79,34.0,64.97,67.1,28.8,6.8,6,24,64.23,63.188500000000005,0,1,1,0,1,0,0,0,1,0,0,0,0,1
S5283,95.6,82.23,64.99,40.2,82.01,96.54,7.4,8.4,9,20,96.84,83.9965,1,1,0,0,0,0,1,1,0,0,0,0,1,0
S5284,65.75,65.84,91.59,72.0,98.26,78.93,15.6,8.3,6,20,59.2,76.7755,1,1,0,0,1,0,0,0,0,1,0,0,1,0
S5285,96.33,55.53,94.08,57.8,60.69,58.95,19.3,7.5,10,24,51.0,66.03399999999999,1,1,0,0,0,0,1,1,0,0,0,1,0,0
S5286,99.48,81.38,71.66,52.8,82.71,83.18,27.9,5.8,6,22,61.94,77.233,1,1,0,0,0,1,0,0,1,0,0,0,1,0
S5287,71.6,95.8,68.73,57.6,95.33,99.54,11.7,8.1,6,22,80.17,83.5045,1,1,0,0,0,1,0,0,1,0,0,0,0,1
S5288,57.28,72.63,80.63,58.4,73.1,91.17,6.8,6.0,7,21,81.84,72.8595,0,0,0,0,0,0,1,1,0,0,0,1,0,0
S5289,87.45,81.31,52.9,76.6,65.84,87.29,10.0,6.0,6,19,95.44,78.04599999999999,0,0,0,0,0,0,1,0,0,1,0,0,0,1
S5290,49.56,80.44,84.57,66.8,83.34,60.4,17.4,7.4,8,19,92.91,79.5265,1,0,1,0,1,0,0,0,0,0,1,0,0,1
S5291,55.12,70.75,89.11,95.7,51.57,93.81,22.0,8.6,2,21,57.3,62.3725,1,0,1,1,0,0,0,0,0,0,1,0,1,0
S5292,87.09,80.74,69.87,94.8,68.01,76.29,22.3,6.5,8,19,67.31,74.132,1,1,1,0,1,0,0,0,0,0,1,0,1,0
S5293,66.02,62.97,58.73,42.2,62.9,94.46,6.9,4.9,4,20,84.84,67.41149999999999,0,0,0,0,0,1,0,0,1,0,0,0,0,1
S5294,52.09,68.9,51.44,3.6,61.23,66.49,24.0,4.7,2,21,94.99,65.589,0,1,1,0,0,0,1,1,0,0,0,0,1,0
S5295,79.07,72.12,81.86,1.1,58.99,53.1,21.5,5.5,9,21,60.23,63.67399999999999,1,0,0,0,0,1,0,0,1,0,0,0,0,1
S5296,83.97,93.2,63.45,12.3,86.85,73.8,15.2,6.3,5,19,66.67,76.258,0,0,0,1,0,0,0,0,0,1,0,0,1,0
S5297,47.5,67.42,73.19,7.5,97.75,63.49,19.3,5.5,3,18,93.97,77.7495,1,0,0,0,1,0,0,0,1,0,0,0,0,1
S5298,56.62,81.76,69.32,37.3,69.24,85.76,24.2,7.6,3,19,61.51,65.7035,0,1,1,0,0,1,0,0,1,0,0,0,1,0
S5299,53.28,60.67,58.74,5.300000000000001,52.46,97.86,11.6,6.7,9,23,68.83,56.177,0,1,1,0,1,0,0,0,0,1,0,1,0,0
S5300,62.79,62.63,75.42,62.5,85.95,84.55,28.5,6.0,5,18,94.27,78.8325,1,0,0,0,0,0,1,0,0,1,0,0,0,1
S5301,85.81,82.42,72.98,19.0,76.91,94.35,8.4,5.1,10,21,88.13,78.588,0,1,1,0,0,1,0,0,0,1,0,0,1,0
S5302,82.82,88.12,81.21,51.4,86.18,72.65,27.6,7.0,7,18,54.61,75.8385,0,1,1,1,0,0,0,0,1,0,0,1,0,0
S5303,79.75,73.11,62.59,10.3,82.4,88.58,23.5,7.4,2,20,59.49,69.2955,1,0,1,0,1,0,0,0,0,0,1,0,0,1
S5304,40.38,66.75,60.73,82.8,95.27,92.15,21.5,7.9,6,22,61.18,70.1585,0,1,1,0,1,0,0,1,0,0,0,1,0,0
S5305,48.53,95.51,90.72,78.0,57.02,85.54,7.1,9.0,1,18,94.76,75.374,1,1,0,1,0,0,0,0,1,0,0,1,0,0
S5306,53.4,56.79,85.11,38.6,58.46,75.39,28.0,5.2,8,23,99.94,69.49249999999999,0,1,1,0,0,1,0,0,1,0,0,1,0,0
S5307,56.32,86.04,88.61,91.1,67.08,81.29,12.4,4.1,1,22,86.44,76.504,1,1,0,0,0,1,0,0,0,1,0,1,0,0
S5308,48.79,84.51,56.16,18.6,74.57,85.03,23.6,6.5,3,20,69.06,66.177,1,0,1,0,1,0,0,0,1,0,0,0,0,1
S5309,64.62,84.51,61.2,81.4,96.29,62.65,27.1,8.6,6,23,40.61,71.59900000000002,0,1,1,1,0,0,0,0,1,0,0,0,0,1
S5310,44.51,96.77,78.78,54.6,95.35,90.48,11.1,5.2,8,24,81.85,80.8675,0,0,1,0,1,0,0,1,0,0,0,0,0,1
S5311,85.0,86.41,92.86,33.0,93.59,97.52,27.9,7.8,10,22,63.36,80.5645,1,1,0,0,1,0,0,0,1,0,0,0,1,0
S5312,87.26,65.08,94.61,8.4,61.13,73.26,20.3,5.6,1,24,77.98,70.566,0,0,1,0,0,0,1,0,1,0,0,1,0,0
S5313,74.46,67.67,91.6,17.1,86.48,85.05,21.5,6.0,10,20,76.4,76.37849999999999,0,0,0,0,0,1,0,0,0,1,0,0,1,0
S5314,45.38,69.56,52.17,86.30000000000001,69.17,86.85,27.9,8.7,4,22,68.85,64.73649999999999,0,1,1,0,0,1,0,0,0,1,0,1,0,0
S5315,93.4,51.54,91.04,60.7,96.56,83.11,18.2,6.3,3,22,96.66,87.013,1,0,1,0,0,0,1,0,0,0,1,0,1,0
S5316,97.94,95.68,94.95,23.700000000000003,60.73,77.36,16.0,7.6,1,19,41.39,68.2895,1,0,1,0,0,1,0,0,0,0,1,0,1,0
S5317,52.14,53.68,52.84,49.6,57.06,94.08,20.8,6.7,5,23,82.73,61.4375,1,1,0,0,0,1,0,1,0,0,0,0,0,1
S5318,82.28,84.99,70.81,10.8,92.12,72.45,18.9,7.8,8,23,64.59,76.495,0,1,0,0,0,1,0,1,0,0,0,1,0,0
S5319,90.52,86.51,76.83,9.9,85.85,53.06,6.5,5.6,7,18,82.83,81.195,0,0,1,1,0,0,0,0,0,0,1,0,0,1
S5320,72.39,92.19,61.64,90.8,91.07,92.23,9.5,8.4,3,24,80.51,82.8395,1,0,1,0,0,0,1,0,0,0,1,0,1,0
S5321,59.4,77.67,75.83,45.8,57.9,83.7,5.3,6.7,5,24,40.61,57.956,1,0,0,0,1,0,0,0,1,0,0,0,1,0
S5322,68.71,86.26,94.3,36.2,94.24,92.46,7.7,5.5,5,23,57.12,77.0375,0,0,0,1,0,0,0,0,1,0,0,0,0,1
S5323,70.74,65.14,93.35,94.9,83.88,56.93,23.2,4.2,8,23,51.35,72.4635,0,0,0,0,1,0,0,0,0,1,0,0,0,1
S5324,64.04,87.28,96.99,39.900000000000006,82.58,51.54,5.1,4.1,6,22,50.02,71.67099999999999,0,0,1,0,0,0,1,0,0,1,0,0,0,1
S5325,95.79,67.17,74.21,33.6,79.13,96.72,12.6,5.8,3,24,83.71,78.2115,0,0,0,0,0,0,1,0,0,0,1,0,0,1
S5326,84.63,95.14,70.53,27.3,88.24,57.39,16.2,5.1,7,21,54.37,75.44800000000001,1,0,0,0,0,0,1,0,1,0,0,0,0,1
S5327,54.48,58.17,83.29,56.5,70.78,90.48,28.4,4.3,1,19,68.48,66.4055,0,1,0,0,0,1,0,0,0,0,1,1,0,0
S5328,75.13,65.79,70.84,55.8,56.64,91.16,13.2,6.8,2,18,54.82,61.709,0,1,1,1,0,0,0,0,0,0,1,1,0,0
S5329,81.32,74.94,52.1,1.6,76.96,85.44,24.6,8.9,7,19,74.81,70.5195,1,0,1,0,0,0,1,1,0,0,0,0,0,1
S5330,48.41,88.79,86.0,65.4,87.41,56.56,15.2,6.1,2,18,83.23,79.4805,1,1,0,0,1,0,0,0,0,0,1,1,0,0
S5331,61.51,87.44,64.05,78.8,57.68,83.37,7.5,6.8,2,20,59.86,64.95649999999999,0,0,0,0,0,1,0,0,0,1,0,1,0,0
S5332,94.33,60.54,52.45,61.6,61.2,94.45,7.5,5.1,10,22,76.18,68.96050000000001,1,0,0,0,0,1,0,1,0,0,0,0,1,0
S5333,74.03,57.21,51.03,87.0,84.83,71.28,15.8,5.0,7,23,89.49,76.9605,0,0,0,1,0,0,0,0,1,0,0,1,0,0
S5334,53.02,65.2,96.57,27.6,63.48,70.68,6.4,5.6,10,23,45.65,59.2265,0,1,0,1,0,0,0,0,0,1,0,1,0,0
S5335,47.37,74.19,62.6,19.2,58.5,72.14,19.3,8.2,4,21,82.64,63.664,1,1,0,1,0,0,0,0,1,0,0,0,1,0
S5336,71.09,76.95,72.39,69.7,94.47,54.11,17.3,8.8,9,24,59.39,76.1185,1,1,0,0,0,1,0,0,1,0,0,0,0,1
S5337,72.86,71.46,97.53,18.9,58.04,94.6,22.6,7.7,7,24,47.36,61.598,0,0,1,0,0,0,1,0,1,0,0,1,0,0
S5338,60.06,83.15,73.38,9.1,67.21,93.46,9.6,4.1,10,19,72.74,67.6225,1,1,1,0,1,0,0,0,0,1,0,0,1,0
S5339,77.82,71.38,53.93,9.7,71.42,99.9,19.8,6.2,10,19,53.58,63.07899999999999,0,0,0,0,0,0,1,0,1,0,0,0,0,1
S5340,44.12,97.32,77.6,76.8,73.81,79.26,9.4,6.1,6,19,89.28,77.279,0,1,1,0,1,0,0,0,1,0,0,1,0,0
S5341,48.71,63.05,54.41,2.9,68.07,87.56,23.1,8.7,4,24,42.57,53.4135,0,1,1,0,0,0,1,0,1,0,0,1,0,0
S5342,72.78,81.37,54.75,28.9,95.63,60.13,12.7,7.7,8,23,45.92,70.2115,1,0,0,1,0,0,0,0,1,0,0,1,0,0
S5343,43.71,80.57,92.57,12.9,82.93,83.38,20.4,7.6,5,24,71.26,71.238,0,0,1,0,1,0,0,0,0,0,1,0,1,0
S5344,92.85,64.08,64.47,75.5,67.97,82.49,27.1,6.8,8,19,75.34,72.98750000000001,0,0,1,0,0,1,0,0,0,1,0,0,0,1
S5345,48.53,70.58,83.93,50.3,67.89,95.06,17.2,7.2,8,22,83.79,70.089,0,1,0,0,1,0,0,0,0,1,0,0,0,1
S5346,80.44,68.27,75.45,20.5,75.15,91.54,9.8,7.5,9,18,55.56,67.3115,1,1,1,0,0,1,0,1,0,0,0,1,0,0
S5347,63.47,58.62,61.12,75.0,51.68,96.92,27.2,6.8,9,23,90.51,66.307,0,1,0,0,0,0,1,0,1,0,0,0,1,0
S5348,63.99,73.86,75.89,75.0,96.33,93.44,14.0,8.2,7,22,97.19,85.213,0,0,0,1,0,0,0,0,0,1,0,0,0,1
S5349,85.89,69.33,53.45,52.3,61.17,93.43,23.3,4.2,10,20,69.94,67.07900000000001,0,0,1,0,1,0,0,0,1,0,0,0,0,1
S5350,69.97,58.92,67.36,27.6,84.88,53.19,13.0,8.7,7,22,85.63,74.321,1,0,0,0,0,1,0,0,1,0,0,0,0,1
S5351,83.54,72.49,76.14,58.6,88.89,92.3,12.5,7.9,6,22,71.49,78.488,0,1,1,0,0,0,1,0,1,0,0,0,1,0
S5352,70.31,71.09,61.42,93.4,91.37,80.37,21.1,6.6,9,20,44.17,70.47550000000001,0,1,1,1,0,0,0,0,1,0,0,1,0,0
S5353,75.57,56.57,83.01,5.2,58.28,69.02,8.9,8.3,8,22,59.57,60.7585,1,1,1,1,0,0,0,0,1,0,0,0,0,1
S5354,85.64,56.56,52.59,26.7,76.83,52.83,26.7,8.1,1,18,45.25,62.2855,1,0,1,1,0,0,0,0,1,0,0,0,1,0
S5355,76.44,82.38,74.24,28.5,54.18,83.88,14.7,6.1,8,23,99.33,73.7585,0,0,0,0,0,0,1,0,1,0,0,1,0,0
S5356,76.94,85.33,85.75,63.2,90.24,66.41,5.5,8.2,2,21,53.74,76.58250000000001,0,0,0,0,0,0,1,1,0,0,0,1,0,0
S5357,87.35,97.06,71.5,65.1,74.32,73.39,12.6,4.9,9,24,78.15,79.89999999999999,0,1,1,0,0,0,1,0,1,0,0,0,1,0
S5358,96.95,54.35,93.73,20.6,57.92,84.09,24.6,6.3,6,20,57.06,64.739,1,1,0,1,0,0,0,0,1,0,0,1,0,0
S5359,62.6,55.89,81.61,21.6,85.93,95.59,26.5,5.2,5,23,79.19,72.591,1,1,0,0,1,0,0,0,0,0,1,1,0,0
S5360,74.63,52.59,97.92,92.8,66.56,91.27,19.2,4.6,7,19,52.62,66.638,0,1,0,0,0,1,0,0,0,0,1,0,1,0
S5361,45.18,76.61,64.21,75.6,55.73,72.53,12.4,8.5,4,18,87.12,66.9685,1,0,0,0,0,0,1,1,0,0,0,1,0,0
S5362,61.53,81.14,96.94,93.4,73.05,69.39,18.2,5.8,9,21,46.65,69.34200000000001,0,0,0,0,1,0,0,0,1,0,0,0,1,0
S5363,64.72,70.18,80.34,83.0,61.76,61.99,25.9,7.4,10,18,93.71,74.3745,0,1,0,0,0,1,0,1,0,0,0,0,0,1
S5364,90.11,89.9,87.26,40.2,97.51,68.62,12.9,5.9,8,18,90.43,89.598,1,0,1,1,0,0,0,0,1,0,0,0,1,0
S5365,70.8,84.33,95.11,12.2,68.07,55.55,14.6,6.7,1,19,80.73,73.994,0,1,1,0,1,0,0,0,0,0,1,0,0,1
S5366,83.86,99.29,77.56,63.0,78.62,98.56,18.5,5.7,1,21,44.04,72.9745,1,0,0,1,0,0,0,1,0,0,0,0,0,1
S5367,41.14,56.89,93.11,35.2,97.42,78.7,27.2,7.7,3,24,52.51,68.12899999999999,1,1,1,0,0,1,0,0,1,0,0,0,0,1
S5368,67.87,52.92,77.08,42.5,69.69,56.39,19.6,7.9,8,18,91.56,71.7485,0,0,0,0,0,0,1,0,0,0,1,0,1,0
S5369,94.08,63.74,79.96,42.6,67.91,67.64,10.2,6.2,8,19,47.32,66.00200000000001,1,0,0,1,0,0,0,1,0,0,0,0,1,0
S5370,53.46,50.95,72.25,93.7,58.12,77.35,7.2,8.3,2,20,49.36,57.3475,0,0,0,0,1,0,0,0,1,0,0,0,1,0
S5371,41.89,96.63,57.28,6.9,96.92,76.64,7.4,5.8,1,19,72.64,74.087,1,1,1,0,0,0,1,0,0,1,0,0,0,1
S5372,66.0,65.2,77.68,19.3,90.04,51.78,28.8,7.8,4,22,56.45,69.53750000000001,0,0,1,0,1,0,0,0,0,0,1,1,0,0
S5373,82.27,77.62,98.87,60.8,61.05,97.54,25.6,7.3,2,23,53.32,68.5555,0,1,1,0,0,1,0,0,1,0,0,1,0,0
S5374,67.27,65.9,89.36,88.4,66.63,63.77,24.1,6.3,5,19,74.55,71.958,0,0,1,0,0,1,0,0,0,1,0,0,1,0
S5375,67.6,62.29,87.37,91.8,95.75,50.81,17.4,8.4,7,19,62.35,77.12299999999999,1,0,1,0,0,0,1,1,0,0,0,1,0,0
S5376,80.19,57.62,82.17,55.9,76.86,53.82,21.8,6.9,10,19,48.43,66.84899999999999,0,1,0,0,1,0,0,0,0,1,0,0,0,1
S5377,55.26,66.02,67.4,3.5,77.82,79.01,8.2,8.2,10,24,72.09,66.4755,1,0,1,0,1,0,0,0,0,0,1,0,0,1
S5378,85.11,80.77,58.48,36.3,82.41,56.89,20.5,7.7,5,18,63.22,73.073,1,1,1,0,1,0,0,0,1,0,0,1,0,0
S5379,49.19,98.58,61.23,91.9,88.11,52.09,25.3,6.7,1,24,84.07,80.33399999999999,1,0,1,0,1,0,0,1,0,0,0,1,0,0
S5380,63.75,77.9,50.32,50.0,96.96,68.98,6.6,5.6,10,21,46.17,69.41,1,0,0,0,0,1,0,0,0,1,0,0,0,1
S5381,79.36,76.64,83.67,72.69999999999999,90.11,81.14,12.4,8.8,5,19,77.24,81.74499999999999,1,0,1,0,1,0,0,0,1,0,0,0,1,0
S5382,89.7,51.76,90.59,26.9,96.73,55.59,7.8,4.3,6,19,66.19,77.18949999999998,0,1,1,0,0,1,0,0,1,0,0,0,1,0
S5383,87.49,92.0,63.45,2.5,91.03,65.67,11.5,8.5,9,22,64.36,76.79249999999999,1,1,0,0,1,0,0,0,1,0,0,1,0,0
S5384,83.3,52.24,54.59,57.8,52.32,70.89,24.3,6.5,1,22,53.94,57.861,0,1,1,0,1,0,0,1,0,0,0,1,0,0
S5385,61.55,95.31,66.79,83.5,55.88,57.97,13.3,7.7,3,20,41.83,61.6045,0,0,1,1,0,0,0,0,0,1,0,0,1,0
S5386,47.34,76.93,64.6,99.0,94.24,75.3,22.2,5.7,5,20,90.86,81.0375,1,1,0,1,0,0,0,0,0,0,1,1,0,0
S5387,53.01,58.42,72.54,84.7,51.38,54.26,24.3,5.9,1,22,59.58,58.5125,0,0,0,0,1,0,0,0,0,1,0,1,0,0
S5388,91.89,72.59,63.21,55.4,89.71,52.33,25.4,5.0,7,21,80.87,80.8935,0,1,1,0,0,1,0,0,0,1,0,1,0,0
S5389,91.44,99.75,66.99,60.9,92.49,75.99,26.8,8.8,1,20,96.86,90.3845,1,1,0,0,1,0,0,1,0,0,0,0,0,1
S5390,97.09,65.25,95.38,82.4,70.77,62.39,19.9,4.2,10,23,73.9,77.715,0,0,1,1,0,0,0,1,0,0,0,0,1,0
S5391,44.56,63.47,66.74,2.0,67.74,54.77,12.0,5.9,10,23,63.83,59.258,1,1,1,0,1,0,0,0,1,0,0,1,0,0
S5392,72.21,55.9,89.28,95.2,59.72,71.2,8.8,5.7,3,21,56.1,64.8455,1,1,1,1,0,0,0,0,0,0,1,1,0,0
S5393,78.92,79.86,81.29,53.1,52.45,95.76,17.6,8.1,1,22,96.04,74.346,1,0,1,0,1,0,0,1,0,0,0,1,0,0
S5394,82.64,54.46,66.88,95.2,87.27,86.21,7.6,6.5,9,20,80.92,78.424,0,0,1,0,0,0,1,0,1,0,0,1,0,0
S5395,78.63,88.3,90.89,76.5,53.69,90.78,27.8,4.8,7,19,79.92,74.04050000000001,0,0,1,0,1,0,0,0,1,0,0,1,0,0
S5396,86.2,95.96,79.75,15.2,97.23,93.6,16.1,6.5,10,22,65.57,81.62049999999999,0,0,1,0,0,1,0,0,1,0,0,1,0,0
S5397,61.57,96.59,50.43,16.5,64.84,98.63,26.8,5.2,9,20,90.7,71.71900000000001,0,1,1,1,0,0,0,0,0,0,1,0,0,1
S5398,50.77,55.4,53.44,35.4,89.71,88.16,22.7,4.1,9,21,82.82,70.6575,1,1,1,0,0,0,1,0,1,0,0,0,0,1
S5399,52.28,77.91,87.63,26.4,52.98,80.42,26.4,6.7,9,23,56.99,59.75299999999999,1,0,1,1,0,0,0,0,1,0,0,0,0,1
S5400,40.72,54.86,72.33,43.9,76.81,68.27,27.1,5.8,10,21,75.97,65.8005,0,0,0,1,0,0,0,1,0,0,0,0,0,1
S5401,61.02,78.6,70.28,60.4,67.45,59.08,6.3,5.2,5,20,65.81,67.6785,1,0,0,0,0,1,0,0,0,0,1,1,0,0
S5402,45.5,90.75,57.29,43.7,51.5,84.33,23.1,4.9,7,21,40.4,53.9015,0,1,0,0,1,0,0,0,1,0,0,1,0,0
S5403,59.29,76.89,57.87,5.6000000000000005,82.79,99.75,10.7,6.3,6,20,88.46,73.446,1,0,1,0,0,1,0,0,0,1,0,1,0,0
S5404,77.69,93.6,89.89,97.6,97.16,73.37,29.7,8.3,6,20,47.37,80.553,1,1,0,0,1,0,0,0,1,0,0,0,0,1
S5405,93.67,90.08,91.45,42.5,50.54,86.18,24.5,7.8,3,21,70.6,71.6445,1,0,1,0,0,0,1,0,1,0,0,0,0,1
S5406,90.38,63.83,78.0,85.1,63.52,74.75,5.1,4.0,10,18,60.17,69.28500000000001,1,1,0,0,0,1,0,0,1,0,0,0,0,1
S5407,55.16,81.51,64.76,7.4,85.18,71.6,28.2,7.7,6,19,60.53,68.033,1,0,1,0,0,1,0,0,1,0,0,0,1,0
S5408,48.04,50.37,96.64,81.0,93.56,70.52,12.3,4.4,10,22,68.64,73.70349999999999,0,1,0,1,0,0,0,0,1,0,0,1,0,0
S5409,51.58,69.8,81.2,17.3,59.54,75.23,15.4,6.7,6,23,99.82,70.009,0,0,0,0,0,1,0,0,0,1,0,0,0,1
S5410,98.26,61.9,89.83,67.9,53.54,68.34,20.3,7.9,5,19,64.5,68.589,1,1,1,0,1,0,0,0,1,0,0,0,0,1
S5411,72.97,96.86,50.16,66.2,50.43,87.44,27.9,6.3,4,22,50.94,61.6645,0,0,0,0,0,1,0,1,0,0,0,1,0,0
S5412,50.95,70.27,72.52,91.0,60.76,93.71,28.2,5.9,10,22,76.82,67.41799999999999,1,0,0,0,0,1,0,0,0,0,1,0,1,0
S5413,90.44,82.7,93.55,32.1,53.57,94.14,19.1,8.7,5,23,54.18,66.547,1,1,1,0,0,0,1,0,0,1,0,0,0,1
S5414,63.71,86.6,66.91,10.9,67.97,61.38,12.9,4.1,7,19,46.33,61.756,1,1,1,0,1,0,0,0,1,0,0,0,1,0
S5415,93.95,88.66,86.33,86.5,72.01,94.8,12.0,4.5,4,23,43.01,72.70500000000001,1,1,1,1,0,0,0,1,0,0,0,0,0,1
S5416,55.64,86.79,82.88,33.2,74.0,67.08,14.1,8.4,9,20,41.37,63.855,0,1,0,0,1,0,0,0,1,0,0,0,0,1
S5417,63.59,64.46,57.61,23.3,57.12,65.47,9.5,8.4,4,23,65.87,59.737,1,1,0,0,0,0,1,0,0,1,0,1,0,0
S5418,70.3,84.3,88.75,48.6,73.2,86.34,21.7,5.9,9,21,65.6,72.855,0,1,0,0,1,0,0,0,0,1,0,0,1,0
S5419,93.56,77.45,55.63,14.6,50.45,65.23,18.2,6.7,10,18,51.13,59.862,1,0,1,0,1,0,0,0,1,0,0,0,0,1
S5420,92.13,79.87,86.4,29.700000000000003,61.97,52.65,24.3,4.8,9,18,87.04,76.276,1,0,1,0,0,1,0,0,1,0,0,1,0,0
S5421,74.46,50.04,99.55,38.5,68.45,68.68,7.4,8.4,7,18,47.76,63.03,0,1,1,0,0,1,0,0,1,0,0,0,0,1
S5422,53.31,62.91,97.9,27.7,55.92,86.07,15.0,6.3,7,19,94.92,69.11399999999999,1,1,0,0,1,0,0,0,0,0,1,1,0,0
S5423,64.2,96.53,90.01,45.0,90.7,66.35,11.0,6.8,10,19,75.25,81.38300000000001,1,0,0,0,1,0,0,1,0,0,0,0,0,1
S5424,98.54,64.5,76.73,38.5,60.06,81.48,18.4,4.6,1,20,41.66,62.487,0,1,0,1,0,0,0,0,1,0,0,1,0,0
S5425,76.47,71.9,83.74,77.5,87.74,83.01,16.7,7.1,2,24,97.78,85.2715,0,0,0,0,0,0,1,0,1,0,0,0,0,1
S5426,86.87,59.33,86.41,91.8,73.69,86.69,16.2,7.5,3,18,58.48,71.88799999999999,0,0,1,0,0,1,0,0,0,0,1,1,0,0
S5427,66.99,56.93,50.42,10.1,73.99,94.86,12.9,5.5,3,20,67.0,63.082,1,0,0,0,0,1,0,0,0,1,0,1,0,0
S5428,71.92,60.43,55.12,82.30000000000001,82.26,71.63,23.2,8.5,3,24,57.06,68.4225,1,1,0,0,0,1,0,0,1,0,0,0,1,0
S5429,65.74,77.68,79.85,93.2,52.21,58.32,17.0,5.0,9,18,83.71,70.74849999999999,0,0,0,0,0,1,0,0,1,0,0,1,0,0
S5430,82.18,95.95,50.33,68.7,53.94,65.95,10.1,8.5,2,19,69.14,68.6545,0,1,1,0,1,0,0,1,0,0,0,0,1,0
S5431,91.09,66.31,95.45,99.6,66.34,71.61,18.7,7.5,1,24,47.94,70.022,1,1,0,0,1,0,0,0,0,0,1,1,0,0
S5432,70.44,66.17,74.48,33.5,70.84,85.69,19.9,8.2,1,21,46.25,62.429,1,1,0,1,0,0,0,0,0,0,1,1,0,0
S5433,68.85,78.21,62.89,83.0,71.5,50.66,5.5,7.5,6,21,83.52,74.82799999999999,0,0,1,0,0,1,0,0,0,0,1,1,0,0
S5434,60.42,67.84,69.69,67.4,83.84,65.79,10.1,6.1,7,21,54.22,68.285,0,0,1,0,0,1,0,0,0,1,0,1,0,0
S5435,50.63,95.52,92.54,32.3,50.04,88.99,11.1,5.7,2,23,48.27,59.871,0,0,0,0,1,0,0,0,0,0,1,0,1,0
S5436,96.35,68.89,96.36,70.5,97.96,83.54,11.2,7.7,2,21,69.97,84.8275,0,1,1,1,0,0,0,0,0,1,0,1,0,0
S5437,58.96,74.52,55.81,51.0,58.72,86.59,11.0,5.5,8,22,88.17,67.8115,1,0,0,0,1,0,0,0,1,0,0,1,0,0
S5438,88.04,76.67,88.9,18.9,62.43,90.59,11.8,4.3,7,18,56.73,67.453,1,0,1,0,0,1,0,0,0,1,0,1,0,0
S5439,82.92,89.1,78.91,17.4,95.28,89.16,11.6,5.2,4,21,56.59,77.2955,1,0,0,0,0,1,0,0,1,0,0,1,0,0
S5440,87.46,78.2,79.28,71.3,50.27,84.11,27.1,7.8,7,24,90.03,73.9305,1,0,1,0,0,0,1,1,0,0,0,1,0,0
S5441,96.21,61.96,88.97,71.2,99.57,71.98,13.0,8.0,4,22,48.87,78.27099999999999,0,0,0,0,0,0,1,0,0,0,1,1,0,0
S5442,77.4,56.2,61.14,53.1,51.8,99.18,13.7,5.4,5,22,77.0,63.599,1,1,1,0,0,0,1,1,0,0,0,0,0,1
S5443,93.88,96.89,76.55,50.1,56.03,78.45,11.7,5.6,8,22,97.3,79.90950000000001,0,1,1,1,0,0,0,0,0,0,1,0,1,0
S5444,50.06,90.08,65.97,18.0,62.01,60.14,29.2,6.7,4,20,90.48,69.741,1,1,0,0,1,0,0,1,0,0,0,0,1,0
S5445,77.6,51.15,54.73,42.9,71.94,64.64,18.4,5.3,7,24,43.71,59.44,1,1,1,0,0,1,0,0,1,0,0,1,0,0
S5446,86.34,91.08,55.25,87.10000000000001,75.92,84.68,20.3,7.0,2,20,59.19,74.06649999999999,1,1,0,0,0,1,0,0,1,0,0,0,0,1
S5447,56.3,79.53,56.82,85.5,55.24,96.24,23.4,5.4,2,22,48.54,59.0385,0,0,1,1,0,0,0,0,0,1,0,0,0,1
S5448,84.45,75.94,80.74,66.10000000000001,53.68,58.94,13.3,4.6,9,23,96.95,75.779,1,1,0,0,0,1,0,1,0,0,0,0,1,0
S5449,86.71,50.61,55.29,99.7,51.59,54.12,29.2,4.8,10,21,99.16,71.37899999999999,0,0,1,0,0,1,0,0,0,0,1,0,0,1
S5450,89.87,89.04,78.51,89.3,62.84,94.08,8.8,5.3,8,18,54.1,71.5295,0,0,0,0,1,0,0,0,1,0,0,0,0,1
S5451,58.77,59.9,79.41,14.5,96.08,95.76,16.4,4.8,3,24,80.18,75.3355,1,0,0,0,0,0,1,0,0,1,0,0,1,0
S5452,80.9,86.4,95.19,39.900000000000006,69.49,63.82,8.6,8.9,7,23,90.5,80.08099999999999,0,0,0,0,0,0,1,0,0,1,0,0,1,0
S5453,58.26,50.79,81.32,13.2,88.2,68.86,24.8,7.3,1,19,54.02,65.11449999999999,1,1,0,1,0,0,0,0,1,0,0,0,1,0
S5454,84.34,89.82,99.28,46.6,59.51,83.01,7.7,4.9,4,20,51.26,69.05,0,0,0,0,0,0,1,1,0,0,0,1,0,0
S5455,67.78,51.15,51.55,77.6,53.23,66.5,18.8,6.1,4,21,40.67,53.011,1,0,0,0,0,0,1,1,0,0,0,0,1,0
S5456,75.85,61.79,85.21,15.6,77.71,93.86,7.6,5.3,8,21,64.72,69.44,0,1,0,1,0,0,0,0,0,1,0,0,1,0
S5457,64.95,63.41,51.32,88.0,91.1,55.38,16.3,7.4,4,19,93.97,79.60849999999999,0,0,0,1,0,0,0,0,1,0,0,0,0,1
S5458,49.72,57.88,86.47,56.900000000000006,94.92,51.9,12.0,8.3,9,19,94.18,79.65299999999999,1,0,0,0,0,0,1,0,1,0,0,0,0,1
S5459,50.68,74.05,69.29,74.9,77.31,60.42,27.6,6.0,10,24,47.66,64.4915,1,0,1,0,1,0,0,0,1,0,0,0,1,0
S5460,44.65,64.18,80.57,4.5,64.7,64.3,6.3,6.1,7,21,52.26,57.081500000000005,1,1,1,1,0,0,0,1,0,0,0,0,1,0
S5461,77.08,99.66,65.48,9.4,55.48,55.65,21.2,6.0,10,19,64.48,66.293,1,0,0,0,0,1,0,0,1,0,0,0,0,1
S5462,90.92,79.0,57.96,62.1,83.39,53.28,22.4,6.2,5,21,86.84,81.116,0,0,0,1,0,0,0,0,0,1,0,0,1,0
S5463,41.25,78.32,86.18,83.80000000000001,64.02,87.78,27.2,4.2,8,23,76.71,69.127,0,1,1,0,0,1,0,0,1,0,0,1,0,0
S5464,43.97,61.04,95.23,87.4,92.2,58.21,26.9,7.0,4,24,70.83,75.012,0,1,1,1,0,0,0,0,0,1,0,0,1,0
S5465,67.45,70.43,59.18,68.8,80.26,95.7,29.4,8.8,10,19,75.52,72.99799999999999,0,1,0,1,0,0,0,0,1,0,0,0,0,1
S5466,84.26,56.2,96.04,20.1,92.94,68.4,11.3,7.9,6,23,45.77,71.0025,1,0,1,0,0,0,1,0,1,0,0,1,0,0
S5467,49.46,88.13,57.01,19.5,78.33,83.53,11.9,8.3,5,23,68.66,67.9785,0,0,1,0,0,0,1,0,0,0,1,0,1,0
S5468,56.3,66.56,86.78,88.10000000000001,88.59,61.27,14.9,5.1,10,19,99.52,82.969,1,1,0,0,0,0,1,1,0,0,0,0,0,1
S5469,53.92,87.6,97.97,11.3,64.72,62.02,18.4,7.0,3,24,45.31,62.3335,0,0,1,0,1,0,0,0,0,1,0,0,0,1
S5470,63.94,68.58,57.37,68.60000000000001,75.15,78.74,14.2,8.5,8,21,71.15,69.3775,1,1,0,0,0,0,1,0,1,0,0,0,0,1
S5471,53.5,99.44,71.75,53.4,50.97,78.03,23.5,4.3,6,22,57.74,62.512,1,0,1,0,0,0,1,0,1,0,0,0,0,1
S5472,61.16,58.56,66.87,42.1,80.39,88.44,5.2,8.4,4,21,72.39,68.9645,1,0,1,1,0,0,0,0,0,0,1,1,0,0
S5473,83.71,50.08,69.42,44.0,76.69,87.89,5.4,4.3,1,18,74.43,70.825,1,0,1,1,0,0,0,0,1,0,0,0,1,0
S5474,76.66,79.74,87.66,94.5,87.76,83.53,22.9,8.9,10,19,74.65,81.9415,1,1,0,0,1,0,0,0,0,0,1,0,1,0
S5475,44.87,97.65,83.06,86.1,86.45,72.46,27.1,4.4,1,20,91.13,82.70649999999999,0,0,0,0,0,1,0,0,1,0,0,0,1,0
S5476,78.26,82.35,98.43,86.5,81.38,94.53,24.4,5.8,3,24,63.38,78.5185,1,0,1,1,0,0,0,1,0,0,0,0,1,0
S5477,68.62,54.29,59.27,40.7,52.83,81.13,7.9,4.3,8,19,70.98,59.9925,0,0,1,1,0,0,0,0,1,0,0,0,0,1
S5478,96.07,77.02,77.16,10.7,95.15,99.51,28.4,4.3,8,18,40.66,72.9245,0,0,1,0,0,1,0,0,1,0,0,1,0,0
S5479,57.36,95.47,72.46,99.8,50.9,90.97,18.0,8.3,2,23,87.37,72.273,1,0,0,0,1,0,0,0,1,0,0,0,0,1
S5480,83.57,50.33,95.94,14.5,90.16,52.22,23.6,4.3,1,20,55.57,71.3445,0,0,1,1,0,0,0,0,0,0,1,1,0,0
S5481,83.85,58.35,50.53,51.6,73.97,66.03,10.0,8.0,5,20,88.99,73.4015,0,1,1,0,0,0,1,0,0,0,1,0,1,0
S5482,53.29,90.73,99.46,26.5,90.9,78.59,18.7,8.5,1,21,55.94,74.12899999999999,0,0,1,0,1,0,0,0,0,1,0,0,0,1
S5483,94.19,94.7,73.99,51.1,73.25,86.07,13.3,8.7,8,22,40.65,70.425,1,1,1,0,0,1,0,0,0,1,0,0,0,1
S5484,69.47,85.36,81.28,30.5,82.35,77.52,29.4,8.3,9,21,49.29,69.905,1,1,1,0,0,1,0,0,0,1,0,0,1,0
S5485,80.73,99.58,68.0,89.7,68.16,89.31,16.9,8.8,2,24,99.14,83.5645,1,0,1,0,0,0,1,0,1,0,0,1,0,0
S5486,48.75,54.51,92.63,96.8,87.18,64.13,23.9,4.3,4,20,59.19,70.5435,1,1,1,0,0,0,1,0,0,1,0,1,0,0
S5487,55.47,77.28,78.1,41.0,62.71,59.2,20.1,9.0,6,20,46.53,60.218,0,1,1,0,0,0,1,0,0,1,0,1,0,0
S5488,75.17,84.25,83.14,7.0,85.97,52.7,7.4,4.1,7,22,47.13,70.1505,0,0,0,0,1,0,0,0,1,0,0,0,0,1
S5489,59.14,85.13,82.45,66.3,59.67,78.67,18.6,4.8,5,24,58.62,65.75649999999999,0,1,0,0,0,1,0,0,0,0,1,0,0,1
S5490,69.98,89.67,68.2,37.7,86.11,84.43,18.5,4.4,1,19,42.26,69.0505,0,0,0,0,0,0,1,0,0,1,0,0,0,1
S5491,62.44,95.88,53.8,98.6,64.68,66.31,22.9,7.7,7,22,70.69,71.1345,0,0,1,0,0,0,1,0,0,0,1,1,0,0
S5492,78.43,68.08,90.39,8.9,63.93,80.68,13.0,4.4,7,23,52.82,63.8445,0,1,0,0,0,1,0,1,0,0,0,0,0,1
S5493,69.23,52.15,64.49,11.9,90.57,52.61,26.5,5.5,5,21,71.16,70.21199999999999,1,1,0,1,0,0,0,0,1,0,0,1,0,0
S5494,40.28,68.12,92.45,69.9,90.68,54.96,20.6,7.2,2,19,48.45,68.31649999999999,0,1,1,0,1,0,0,1,0,0,0,0,1,0
S5495,78.98,83.58,80.43,75.9,84.57,85.09,6.0,6.5,2,21,65.79,78.0405,0,0,0,1,0,0,0,0,0,0,1,0,0,1
S5496,65.33,60.67,67.69,47.1,96.2,68.4,22.7,4.7,9,22,75.88,75.854,0,1,1,0,0,0,1,0,0,0,1,0,0,1
S5497,60.5,90.5,79.71,27.7,57.81,83.57,27.7,6.6,9,19,43.72,60.279,1,0,1,0,1,0,0,1,0,0,0,0,1,0
S5498,45.65,60.99,82.27,31.0,63.47,91.59,22.1,5.7,4,22,63.92,60.794,0,0,1,1,0,0,0,0,0,1,0,0,1,0
S5499,53.22,50.5,85.33,33.8,64.7,92.63,14.5,6.9,4,23,58.15,59.7285,0,0,1,0,0,1,0,0,1,0,0,1,0,0
S5500,53.43,75.4,91.12,22.5,65.26,58.61,19.8,6.7,7,18,54.42,62.7445,1,0,1,0,0,0,1,0,0,0,1,0,1,0
S5501,96.12,86.32,57.99,85.1,66.4,74.31,9.3,8.9,5,20,76.27,76.4075,0,1,0,0,1,0,0,0,1,0,0,0,0,1
S5502,65.95,67.48,97.21,6.5,84.85,86.7,20.0,8.3,1,24,75.31,74.343,1,1,0,0,1,0,0,0,1,0,0,0,1,0
S5503,42.52,87.44,70.54,40.7,63.54,88.7,17.5,4.0,5,19,77.84,67.105,1,0,0,0,1,0,0,1,0,0,0,0,1,0
S5504,48.33,71.92,93.02,74.80000000000001,64.3,89.23,5.7,4.9,4,20,49.53,62.752,0,0,1,0,1,0,0,0,0,0,1,0,0,1
S5505,44.74,58.59,61.02,0.4,78.52,61.41,13.0,8.6,3,18,57.14,59.4625,0,0,0,0,0,0,1,0,0,0,1,1,0,0
S5506,75.33,54.53,51.45,87.8,59.67,59.63,9.8,6.7,1,19,52.58,60.06,1,1,0,0,0,0,1,1,0,0,0,0,0,1
S5507,51.2,85.53,78.67,70.6,68.24,79.5,14.8,7.8,9,20,72.43,70.486,0,1,0,0,0,1,0,0,1,0,0,0,0,1
S5508,69.91,69.29,66.23,7.3,52.9,87.05,11.0,6.5,4,20,67.66,60.653000000000006,0,1,0,0,0,1,0,0,1,0,0,0,1,0
S5509,62.2,95.64,99.22,89.5,97.63,65.96,25.9,7.9,3,19,59.82,82.317,1,1,0,0,0,1,0,0,0,0,1,0,1,0
S5510,88.23,77.01,55.22,48.7,65.87,55.24,22.4,4.7,8,20,87.16,74.29400000000001,1,1,0,1,0,0,0,0,0,1,0,0,0,1
S5511,59.23,67.42,52.37,65.19999999999999,92.5,85.84,23.5,7.7,7,20,45.64,66.6545,0,0,0,0,0,1,0,0,1,0,0,0,1,0
S5512,67.5,67.45,52.25,88.2,76.5,64.98,14.0,8.3,6,19,98.49,77.45,1,1,1,0,0,0,1,0,1,0,0,1,0,0
S5513,83.28,56.57,60.84,88.10000000000001,61.41,58.32,5.1,5.3,6,24,46.99,61.637,0,1,0,1,0,0,0,0,0,1,0,0,1,0
S5514,66.0,79.69,78.96,40.9,59.67,57.39,10.5,5.8,2,20,86.38,71.2905,0,1,1,0,0,0,1,0,1,0,0,1,0,0
S5515,87.59,79.11,75.28,23.8,84.75,65.75,23.9,7.0,9,20,62.09,74.6705,0,1,1,1,0,0,0,0,0,1,0,0,0,1
S5516,79.7,90.0,67.5,25.7,98.24,79.63,20.1,8.3,1,24,91.92,85.942,0,1,0,0,0,1,0,1,0,0,0,0,1,0
S5517,64.63,60.06,54.44,76.6,59.15,67.92,18.5,8.5,4,21,44.45,56.835,1,1,0,0,0,1,0,0,1,0,0,0,1,0
S5518,70.24,64.54,61.69,92.9,55.77,51.03,12.0,6.7,4,23,62.48,63.382000000000005,0,0,1,0,0,1,0,0,1,0,0,1,0,0
S5519,98.03,54.86,59.21,7.199999999999999,69.35,54.85,6.9,7.3,9,21,60.13,65.05199999999999,1,0,1,1,0,0,0,1,0,0,0,1,0,0
S5520,79.7,64.77,87.28,1.5,69.69,64.53,24.6,8.4,3,18,99.59,76.278,0,1,0,0,0,0,1,0,1,0,0,0,0,1
S5521,94.3,71.41,89.0,82.30000000000001,90.31,82.99,6.0,5.2,9,21,99.13,89.747,0,0,0,0,1,0,0,0,1,0,0,0,0,1
S5522,50.73,98.2,88.85,38.7,73.44,54.93,6.5,8.1,2,21,51.39,68.039,1,0,1,0,0,0,1,1,0,0,0,0,0,1
S5523,68.99,82.65,98.45,27.6,53.12,78.03,12.4,5.3,1,18,77.8,69.357,0,1,0,0,0,1,0,0,1,0,0,0,0,1
S5524,94.52,89.14,94.21,18.8,96.03,55.99,19.3,6.9,7,20,72.13,84.7515,1,1,0,1,0,0,0,0,1,0,0,1,0,0
S5525,59.36,66.28,74.89,34.6,68.66,60.58,29.8,8.7,2,20,49.26,60.978,1,1,1,1,0,0,0,0,0,1,0,0,1,0
S5526,98.06,57.23,70.75,97.1,83.43,58.61,7.3,6.6,1,21,50.07,72.77,0,0,1,0,0,1,0,1,0,0,0,0,1,0
S5527,45.82,62.84,95.79,97.7,83.37,53.36,16.8,4.5,9,18,99.36,80.614,0,1,1,1,0,0,0,0,1,0,0,0,0,1
S5528,94.16,62.82,80.56,33.2,52.82,83.57,20.0,8.5,8,20,67.16,65.899,0,0,1,0,0,1,0,0,1,0,0,0,1,0
S5529,66.71,79.16,64.72,96.4,50.18,73.17,25.6,6.9,3,22,47.55,60.114,0,1,0,0,0,0,1,0,1,0,0,0,0,1
S5530,44.42,67.07,78.22,30.0,54.4,91.55,22.2,4.4,2,19,52.89,55.588,1,0,0,1,0,0,0,0,1,0,0,0,1,0
S5531,92.77,92.87,99.61,85.39999999999999,97.83,54.94,25.2,4.1,1,19,56.1,85.451,0,1,1,0,1,0,0,0,1,0,0,0,1,0
S5532,55.12,99.43,92.47,21.200000000000003,89.7,57.24,18.1,5.3,10,23,70.66,78.0645,0,0,0,1,0,0,0,0,1,0,0,0,1,0
S5533,41.34,67.16,64.06,82.6,56.6,65.32,15.8,4.6,4,19,60.13,58.8235,0,1,1,0,0,1,0,0,1,0,0,0,1,0
S5534,48.15,85.25,97.65,35.4,80.74,88.29,20.5,7.1,6,21,67.3,72.592,0,1,0,0,1,0,0,1,0,0,0,1,0,0
S5535,79.55,82.87,99.07,19.6,80.6,65.29,27.5,7.0,2,19,49.99,71.9275,0,1,0,0,0,1,0,0,0,1,0,0,1,0
S5536,98.67,59.72,61.56,93.5,50.03,70.42,18.8,8.2,6,19,59.6,64.49849999999999,1,1,0,1,0,0,0,1,0,0,0,1,0,0
S5537,46.69,95.9,94.78,21.4,71.45,65.08,20.1,6.6,5,22,44.22,64.4265,0,1,1,0,1,0,0,0,1,0,0,1,0,0
S5538,67.72,59.97,94.16,99.2,85.59,54.01,13.4,5.3,1,20,93.38,82.5515,1,1,1,0,1,0,0,1,0,0,0,1,0,0
S5539,50.84,86.85,51.99,10.9,59.34,96.97,19.9,4.3,10,22,51.93,57.182,0,0,1,1,0,0,0,1,0,0,0,0,1,0
S5540,84.7,67.38,83.48,1.0,92.55,77.43,20.7,4.1,7,21,85.41,80.32749999999999,0,0,1,0,1,0,0,0,1,0,0,0,0,1
S5541,47.08,68.35,65.26,87.10000000000001,83.02,89.39,23.8,8.6,7,19,60.97,68.344,0,0,0,0,0,0,1,0,0,1,0,0,0,1
S5542,54.39,72.77,83.73,58.7,50.35,82.92,19.3,4.7,5,24,68.46,62.602,1,1,1,0,1,0,0,1,0,0,0,1,0,0
S5543,51.78,93.23,95.68,42.2,92.75,75.71,9.9,6.5,4,20,57.48,75.6245,0,0,0,0,1,0,0,0,1,0,0,1,0,0
S5544,73.15,57.01,74.94,8.2,50.97,54.48,19.5,8.0,2,23,81.79,63.16649999999999,1,1,1,0,0,0,1,1,0,0,0,0,1,0
S5545,92.39,52.73,70.72,57.5,94.4,82.14,12.4,8.6,7,23,90.67,82.7025,1,0,1,0,0,1,0,0,1,0,0,0,0,1
S5546,70.67,70.1,96.08,39.4,66.69,57.77,7.2,5.0,8,19,57.18,66.99549999999999,0,1,0,0,0,1,0,0,0,1,0,1,0,0
S5547,43.49,52.78,98.71,48.4,84.93,70.72,25.6,5.2,9,19,54.53,65.843,1,0,0,0,0,0,1,1,0,0,0,0,0,1
S5548,73.8,84.38,53.11,63.0,89.37,81.46,6.7,4.9,6,23,80.89,79.22149999999999,0,0,1,0,1,0,0,1,0,0,0,0,0,1
S5549,87.85,88.02,96.14,64.0,64.06,89.11,20.8,4.8,2,23,51.71,71.34,0,0,0,1,0,0,0,0,1,0,0,0,1,0
S5550,47.93,92.74,54.14,96.1,67.82,84.25,29.7,6.3,1,24,78.39,71.263,1,1,1,0,0,0,1,0,0,0,1,1,0,0
S5551,44.36,87.19,66.86,65.5,75.48,83.58,7.2,7.2,2,21,45.67,63.755,0,1,0,1,0,0,0,0,0,0,1,0,1,0
S5552,51.27,95.82,88.13,33.9,79.13,57.45,10.5,7.5,3,19,77.21,75.613,0,1,1,0,0,1,0,1,0,0,0,0,0,1
S5553,84.77,87.42,88.85,33.0,64.6,67.31,24.0,5.6,1,23,70.8,73.44349999999999,1,0,1,0,0,0,1,0,1,0,0,0,0,1
S5554,75.5,96.8,86.29,47.7,99.62,52.15,7.4,7.1,5,24,46.83,78.4525,1,1,1,1,0,0,0,1,0,0,0,1,0,0
S5555,72.44,59.66,51.96,25.9,86.85,85.97,25.8,4.0,7,18,78.95,72.0985,1,1,0,0,1,0,0,0,0,0,1,1,0,0
S5556,54.97,74.99,56.65,37.6,63.71,97.63,5.0,8.4,9,23,66.79,62.8495,1,1,1,0,0,0,1,1,0,0,0,0,1,0
S5557,59.93,99.7,96.81,84.2,82.02,63.21,27.2,8.3,6,20,53.03,75.699,1,0,0,1,0,0,0,0,1,0,0,0,1,0
S5558,97.95,84.08,54.07,86.0,71.77,54.38,6.7,6.7,8,20,61.2,73.8425,1,1,1,0,0,0,1,0,0,1,0,0,1,0
S5559,54.44,93.93,53.93,62.8,93.02,73.78,28.0,5.2,2,18,69.53,76.077,0,1,1,0,0,0,1,1,0,0,0,1,0,0
S5560,94.1,51.52,91.78,58.3,66.45,92.83,26.6,8.9,5,21,45.49,65.2435,1,0,1,0,0,1,0,0,1,0,0,1,0,0
S5561,74.83,93.59,82.06,42.7,59.39,77.6,18.5,8.1,9,19,97.46,77.786,1,0,1,0,0,1,0,0,1,0,0,1,0,0
S5562,47.4,84.89,67.58,63.6,52.31,52.34,24.4,4.1,7,19,79.93,65.45700000000001,0,0,1,0,1,0,0,1,0,0,0,0,0,1
S5563,68.04,58.54,58.29,80.60000000000001,99.22,98.71,6.9,6.3,7,23,46.15,70.14949999999999,0,0,1,0,0,1,0,0,0,0,1,0,1,0
S5564,96.91,51.28,94.21,73.8,67.96,91.43,8.4,4.5,3,20,89.37,78.07,1,1,1,0,0,1,0,1,0,0,0,0,1,0
S5565,65.11,63.0,99.43,3.5,61.03,56.58,14.2,4.7,3,21,59.35,62.481,1,1,1,0,0,1,0,0,0,0,1,1,0,0
S5566,91.8,95.79,52.5,73.1,74.59,96.09,18.4,4.0,2,21,75.81,78.37299999999999,0,1,0,1,0,0,0,0,1,0,0,1,0,0
S5567,55.39,83.41,77.71,72.0,64.58,72.53,26.7,7.4,9,21,56.63,65.7225,1,0,0,0,0,0,1,0,0,1,0,0,1,0
S5568,74.26,95.97,63.07,9.9,61.65,68.59,18.6,5.3,4,23,84.0,71.8315,1,0,0,0,0,1,0,0,0,0,1,0,0,1
S5569,90.63,72.31,91.62,15.0,80.82,73.05,21.6,5.5,9,19,83.38,79.44399999999999,0,1,0,1,0,0,0,1,0,0,0,0,1,0
S5570,95.24,96.83,67.3,78.8,53.74,91.73,22.0,4.2,4,21,73.12,73.88250000000001,1,1,0,0,0,0,1,0,1,0,0,1,0,0
S5571,69.15,73.15,85.73,55.9,75.45,82.97,26.9,4.0,8,23,54.46,68.96300000000001,0,1,0,0,0,1,0,0,1,0,0,0,1,0
S5572,78.38,60.21,76.98,82.2,69.37,52.96,24.4,8.0,1,23,55.22,67.2125,1,0,1,0,0,1,0,1,0,0,0,0,1,0
S5573,40.18,57.57,77.08,18.5,76.63,97.88,29.4,7.3,1,18,62.97,62.027,0,0,1,0,0,0,1,0,1,0,0,0,1,0
S5574,55.19,99.69,92.9,3.1,66.02,57.39,5.5,5.9,6,22,48.7,64.65799999999999,0,1,0,1,0,0,0,0,0,0,1,0,0,1
S5575,56.72,66.69,73.52,16.200000000000003,78.52,87.28,10.2,4.3,6,21,60.26,65.2945,0,0,0,1,0,0,0,0,1,0,0,1,0,0
S5576,45.61,58.0,92.28,45.3,54.09,81.81,28.3,7.9,7,22,81.06,63.5265,1,1,1,0,1,0,0,0,0,1,0,0,1,0
S5577,56.78,50.42,68.17,52.3,68.81,59.38,24.8,8.6,7,19,89.85,68.6175,0,0,1,0,0,0,1,1,0,0,0,0,0,1
S5578,59.27,64.28,58.74,85.8,61.87,58.54,11.7,6.6,10,23,59.95,62.245,1,0,0,0,1,0,0,0,1,0,0,0,1,0
S5579,98.13,94.46,72.77,71.6,71.9,93.52,29.4,4.7,3,24,54.02,74.8205,0,1,1,1,0,0,0,0,1,0,0,0,0,1
S5580,80.12,76.7,74.92,99.0,69.92,70.98,26.7,7.3,9,21,89.96,79.431,0,0,1,0,0,1,0,0,0,1,0,1,0,0
S5581,65.56,81.62,73.92,7.9,81.56,82.73,6.6,4.4,9,24,93.44,77.69200000000001,0,1,0,0,1,0,0,0,0,0,1,1,0,0
S5582,99.28,96.12,90.42,13.0,81.44,75.2,25.3,4.8,3,20,64.6,79.58399999999999,1,0,0,1,0,0,0,0,0,1,0,0,0,1
S5583,49.19,75.64,78.23,8.4,70.67,86.37,24.6,6.4,7,19,41.61,58.571000000000005,1,0,0,1,0,0,0,0,0,1,0,0,0,1
S5584,68.56,91.91,94.42,53.8,59.08,73.96,10.5,5.2,4,18,81.7,74.3515,0,0,1,0,0,1,0,0,0,1,0,0,1,0
S5585,78.82,66.19,75.71,26.7,79.1,64.37,21.7,8.7,6,18,87.04,76.1475,1,1,0,0,0,0,1,0,1,0,0,0,0,1
S5586,43.33,98.86,61.24,68.4,98.33,68.17,29.3,8.0,6,22,41.08,70.64150000000001,1,0,1,1,0,0,0,1,0,0,0,1,0,0
S5587,83.02,53.94,56.47,13.3,59.27,92.95,21.9,5.4,5,23,75.7,63.562,1,1,0,0,1,0,0,0,0,1,0,1,0,0
S5588,45.99,86.24,93.42,10.3,53.45,73.4,25.3,8.8,6,22,75.3,64.5515,0,0,0,0,0,1,0,1,0,0,0,1,0,0
S5589,48.42,83.03,52.81,46.0,63.23,60.67,7.5,5.9,7,20,62.72,61.94749999999999,1,1,0,0,0,0,1,0,0,1,0,1,0,0
S5590,49.58,59.58,55.88,37.6,70.65,96.73,23.2,6.8,2,20,84.99,66.28450000000001,0,1,0,0,0,0,1,0,0,0,1,1,0,0
S5591,95.73,69.44,53.18,82.89999999999999,65.31,89.83,10.1,6.8,7,18,65.69,70.254,0,1,1,0,0,0,1,0,0,0,1,1,0,0
S5592,80.99,65.64,71.19,83.80000000000001,91.74,52.78,6.8,7.2,7,24,80.61,80.97800000000001,0,1,0,1,0,0,0,0,0,1,0,1,0,0
S5593,79.33,54.72,76.63,11.7,74.65,99.95,18.8,5.2,7,21,71.03,68.50800000000001,1,1,0,0,0,0,1,0,1,0,0,0,1,0
S5594,73.33,79.24,50.99,81.19999999999999,62.31,84.75,23.8,8.6,10,18,54.91,64.465,0,1,0,1,0,0,0,1,0,0,0,1,0,0
S5595,57.57,99.68,75.78,56.4,97.51,58.01,18.7,5.3,5,18,76.39,82.33600000000001,1,1,0,0,0,1,0,0,0,0,1,0,0,1
S5596,77.25,77.98,69.69,50.4,56.25,61.86,28.3,7.3,3,24,84.21,70.70100000000001,1,0,0,0,0,1,0,0,1,0,0,0,0,1
S5597,64.61,77.26,88.68,9.5,56.15,84.62,22.4,7.8,5,24,98.43,72.076,0,1,0,0,0,0,1,0,1,0,0,0,1,0
S5598,48.72,52.02,91.5,74.0,62.26,88.99,7.9,8.4,1,20,62.81,62.3415,0,1,1,0,0,1,0,0,0,0,1,1,0,0
S5599,81.38,56.96,84.25,6.0,53.84,61.95,28.4,6.3,5,24,43.87,56.5955,0,1,0,0,1,0,0,0,1,0,0,1,0,0
S5600,47.77,75.66,73.67,27.8,87.58,62.85,8.8,7.6,3,22,99.28,78.3655,1,0,0,0,1,0,0,1,0,0,0,1,0,0
S5601,51.44,99.26,60.81,9.5,65.64,65.36,24.0,4.4,7,20,77.43,68.21050000000001,1,1,0,1,0,0,0,0,1,0,0,1,0,0
S5602,89.06,93.83,92.36,53.1,86.49,79.9,8.7,7.9,4,24,96.79,89.46900000000001,0,1,1,0,0,0,1,0,1,0,0,1,0,0
S5603,79.61,67.01,67.08,64.5,88.14,58.59,30.0,7.8,6,23,46.23,69.9255,0,0,1,1,0,0,0,0,1,0,0,1,0,0
S5604,77.86,77.15,67.81,89.1,61.88,55.21,13.3,6.1,6,20,60.52,68.1815,1,1,1,0,0,1,0,0,0,0,1,0,1,0
S5605,65.09,77.64,95.8,73.4,75.92,83.94,17.4,5.6,4,20,48.04,69.4455,1,1,0,0,0,0,1,0,1,0,0,0,1,0
S5606,63.78,84.27,98.78,96.1,75.98,88.95,16.7,5.9,1,18,90.13,82.217,0,0,0,1,0,0,0,1,0,0,0,0,0,1
S5607,81.42,84.39,94.91,76.10000000000001,93.57,75.05,7.5,4.5,3,21,92.82,89.4435,1,1,0,0,0,0,1,0,0,0,1,0,0,1
S5608,84.4,89.49,99.91,29.8,51.28,68.19,17.4,7.2,3,18,70.08,70.4685,1,1,1,0,0,0,1,1,0,0,0,0,0,1
S5609,70.61,51.25,93.45,54.8,65.84,71.6,8.7,8.6,6,19,51.2,62.916,1,1,0,1,0,0,0,0,0,1,0,1,0,0
S5610,98.16,97.18,85.22,45.8,94.12,69.42,25.0,7.3,10,20,47.63,80.2565,1,1,1,0,0,0,1,0,0,0,1,0,1,0
S5611,97.34,53.5,64.69,56.6,61.84,98.0,29.0,6.9,8,24,75.29,69.2995,1,0,0,0,0,1,0,0,1,0,0,0,1,0
S5612,64.75,73.81,97.65,57.2,56.84,88.4,25.2,9.0,2,24,70.38,68.056,1,1,1,0,1,0,0,1,0,0,0,1,0,0
S5613,89.24,95.98,93.83,70.19999999999999,78.81,60.4,15.8,6.7,6,24,81.69,84.7415,0,0,0,0,1,0,0,0,1,0,0,1,0,0
S5614,72.6,74.38,62.04,8.299999999999999,65.29,69.21,5.1,5.7,7,20,58.31,62.8305,1,1,1,0,0,0,1,0,1,0,0,0,1,0
S5615,70.71,53.18,74.46,74.7,73.36,77.2,5.9,7.5,3,24,64.14,67.80749999999999,0,0,0,0,1,0,0,1,0,0,0,0,0,1
S5616,43.3,61.46,53.5,14.4,91.0,80.65,17.4,6.6,1,19,41.28,59.404,0,1,1,0,0,0,1,1,0,0,0,0,0,1
S5617,74.44,78.93,97.67,2.6,76.03,73.41,22.0,8.9,2,20,76.61,74.864,1,0,0,1,0,0,0,0,1,0,0,0,0,1
S5618,94.03,54.39,78.64,51.900000000000006,75.79,90.51,25.5,8.5,5,24,65.39,71.8065,0,0,0,0,0,1,0,0,1,0,0,0,0,1
S5619,86.81,71.18,62.26,58.1,63.91,88.38,20.0,8.7,1,20,95.19,75.8,0,1,1,0,1,0,0,0,1,0,0,0,0,1
S5620,87.18,66.45,64.62,3.5,89.64,75.26,29.5,4.0,4,23,78.51,76.20100000000001,0,1,1,1,0,0,0,0,1,0,0,0,0,1
S5621,49.6,90.76,99.03,51.5,86.99,92.72,17.3,5.7,6,20,63.92,75.60900000000001,1,0,0,0,0,1,0,0,0,1,0,0,1,0
S5622,61.51,55.51,80.78,53.5,61.71,87.55,20.0,7.1,1,19,55.82,60.774,0,1,1,0,1,0,0,1,0,0,0,1,0,0
S5623,53.99,84.14,71.03,5.2,66.0,88.93,10.8,5.5,6,18,94.32,71.4625,1,1,1,0,1,0,0,0,0,1,0,0,1,0
S5624,58.95,70.33,74.99,71.2,89.43,97.82,13.5,7.3,8,20,40.98,67.525,0,1,0,0,0,1,0,0,0,1,0,0,1,0
S5625,74.77,79.39,54.93,21.0,67.89,63.32,22.1,7.6,1,21,59.61,64.9365,0,1,0,1,0,0,0,0,1,0,0,1,0,0
S5626,61.89,60.28,53.75,79.4,70.18,63.38,20.0,7.1,8,19,96.61,72.87700000000001,0,0,1,1,0,0,0,1,0,0,0,0,0,1
S5627,73.64,80.49,79.64,31.1,68.22,94.45,14.2,6.3,8,22,79.24,72.91449999999999,0,1,1,0,1,0,0,1,0,0,0,0,0,1
S5628,66.31,83.7,75.6,47.8,58.08,88.61,7.8,7.5,2,23,71.96,67.8655,1,1,1,0,0,1,0,1,0,0,0,1,0,0
S5629,57.2,53.51,67.96,89.2,67.04,96.33,13.6,7.9,3,19,52.21,61.027,0,0,0,1,0,0,0,1,0,0,0,0,1,0
S5630,45.72,91.22,78.31,80.60000000000001,90.15,53.16,6.1,7.5,6,18,90.0,81.947,0,1,0,0,0,1,0,0,1,0,0,1,0,0
S5631,93.51,93.06,53.63,78.2,74.55,81.39,19.5,8.1,8,24,52.25,72.68599999999999,1,0,0,0,0,1,0,0,0,0,1,0,1,0
S5632,40.68,53.18,97.2,16.0,72.91,57.23,13.1,8.7,5,24,54.9,60.197,1,1,0,0,1,0,0,0,1,0,0,1,0,0
S5633,40.1,80.16,64.69,4.8,57.82,75.19,14.5,4.5,9,19,51.51,54.971500000000006,1,1,0,0,0,1,0,0,1,0,0,1,0,0
S5634,89.61,79.7,53.59,60.6,58.88,57.79,19.4,8.5,4,22,49.49,63.822,0,0,0,0,0,1,0,0,1,0,0,0,1,0
S5635,99.81,50.62,58.48,41.1,52.15,56.4,19.5,5.4,4,24,97.2,70.4125,1,0,1,0,0,0,1,0,0,1,0,0,0,1
S5636,83.63,67.12,54.77,90.9,50.7,50.61,19.7,6.8,8,23,76.12,66.87450000000001,1,0,1,0,0,1,0,0,0,0,1,0,1,0
S5637,40.92,98.45,58.93,35.0,74.4,81.51,17.3,8.7,5,21,78.27,70.436,1,0,1,1,0,0,0,0,1,0,0,0,1,0
S5638,53.6,77.77,70.84,41.1,70.46,67.95,17.2,7.1,8,22,97.26,74.29750000000001,1,1,0,0,1,0,0,0,0,1,0,0,0,1
S5639,98.31,96.66,86.9,52.6,63.77,55.26,25.5,4.4,1,19,53.83,73.154,1,1,1,0,1,0,0,1,0,0,0,0,0,1
S5640,88.52,83.78,63.62,79.6,99.5,66.14,16.7,6.5,10,22,40.36,76.127,1,1,0,0,0,1,0,0,0,0,1,0,0,1
S5641,74.01,51.42,71.8,26.8,69.9,58.45,18.4,8.5,5,24,75.93,67.287,0,1,1,0,0,1,0,0,0,0,1,0,1,0
S5642,54.21,53.89,96.44,94.2,89.44,97.08,29.7,6.1,8,24,70.47,75.01849999999999,1,0,0,1,0,0,0,1,0,0,0,1,0,0
S5643,40.86,86.11,64.79,54.0,60.53,66.0,9.5,8.2,8,19,68.66,63.5485,0,1,1,0,0,0,1,0,1,0,0,0,0,1
S5644,41.25,77.73,89.74,84.1,62.35,66.7,23.2,8.0,7,24,43.71,60.6585,1,1,0,0,1,0,0,0,0,0,1,1,0,0
S5645,76.72,56.36,57.89,52.6,78.42,91.99,16.8,8.5,3,24,67.27,68.7245,1,1,0,0,0,0,1,0,1,0,0,0,1,0
S5646,41.31,80.7,58.92,77.2,50.2,82.39,25.8,5.3,10,21,57.25,57.42600000000001,1,1,0,1,0,0,0,0,1,0,0,0,0,1
S5647,99.62,90.51,72.81,5.1,50.87,85.51,15.1,6.5,10,21,56.47,65.434,0,0,1,0,1,0,0,0,1,0,0,0,1,0
S5648,51.0,87.65,61.71,79.9,57.11,81.8,12.6,5.7,7,18,53.34,61.4315,1,0,1,1,0,0,0,0,0,0,1,1,0,0
S5649,82.64,62.31,95.15,52.400000000000006,61.16,97.31,10.2,6.7,3,21,59.95,67.213,1,0,1,0,0,1,0,0,1,0,0,0,1,0
S5650,49.3,62.91,52.54,44.900000000000006,76.39,60.35,26.8,4.1,6,20,61.19,62.54499999999999,1,0,1,1,0,0,0,0,0,1,0,0,0,1
S5651,72.41,98.39,79.86,11.2,84.31,99.45,23.0,5.2,9,22,58.53,74.0915,1,1,0,0,0,1,0,0,1,0,0,0,0,1
S5652,44.84,94.37,80.21,74.2,65.59,91.55,6.9,8.9,8,22,98.73,76.97200000000001,0,0,0,0,0,0,1,0,0,1,0,0,1,0
S5653,86.01,65.92,53.3,13.1,61.95,79.45,22.8,7.0,4,19,95.96,71.3495,0,1,1,0,1,0,0,0,0,0,1,1,0,0
S5654,75.1,91.2,86.63,19.2,91.14,83.12,5.9,4.9,5,21,74.47,80.5275,0,0,0,0,1,0,0,1,0,0,0,0,1,0
S5655,45.17,58.09,73.44,12.6,58.14,82.44,9.5,6.5,4,18,98.86,65.62,0,1,0,0,0,0,1,0,0,1,0,0,1,0
S5656,90.92,59.84,86.15,0.7000000000000001,83.92,52.92,19.8,7.5,6,24,99.47,81.30749999999999,0,1,1,0,0,1,0,0,0,1,0,0,0,1
S5657,72.82,59.06,91.35,66.2,96.57,60.9,16.6,7.0,8,18,61.36,76.538,1,1,0,0,1,0,0,0,1,0,0,0,0,1
S5658,95.3,54.39,66.14,27.1,61.61,98.07,26.0,6.5,6,18,66.71,65.583,1,0,1,1,0,0,0,0,0,0,1,0,0,1
S5659,95.0,92.73,74.22,14.9,54.35,76.72,20.2,7.4,5,23,97.54,77.01650000000001,1,1,1,0,0,1,0,0,1,0,0,0,1,0
S5660,95.23,78.94,63.04,32.0,98.99,68.92,29.1,4.8,9,24,76.52,82.8565,0,1,1,0,1,0,0,0,0,0,1,0,1,0
S5661,44.67,62.95,60.08,49.900000000000006,63.54,88.1,26.4,6.2,7,20,52.78,56.903,1,1,0,1,0,0,0,0,0,1,0,1,0,0
S5662,47.26,92.43,50.03,50.3,63.78,76.23,13.5,7.8,10,21,81.36,67.94550000000001,0,1,1,1,0,0,0,1,0,0,0,0,1,0
S5663,99.26,90.13,98.18,36.7,74.19,50.66,25.9,6.9,3,24,52.34,75.4035,1,0,1,0,1,0,0,0,0,0,1,0,1,0
S5664,69.26,55.05,72.05,49.5,61.55,86.81,26.7,8.5,10,18,60.36,61.8815,0,0,1,0,0,0,1,0,0,1,0,1,0,0
S5665,54.29,82.21,50.65,42.7,99.64,86.61,29.2,6.2,2,24,53.65,70.97949999999999,1,1,0,0,0,0,1,1,0,0,0,0,0,1
S5666,86.18,86.09,50.45,82.30000000000001,52.15,58.26,5.3,4.7,5,20,54.7,64.32050000000001,1,0,0,0,1,0,0,0,1,0,0,0,0,1
S5667,55.86,85.79,64.42,3.0,72.57,97.83,26.9,4.2,5,22,40.28,59.6805,1,0,0,1,0,0,0,0,1,0,0,1,0,0
S5668,83.63,86.16,50.7,86.8,77.42,61.2,6.7,6.4,6,19,92.84,81.3145,1,1,0,0,0,0,1,0,0,0,1,1,0,0
S5669,90.24,58.47,68.73,24.4,73.35,72.89,18.2,6.2,1,21,57.76,66.8445,0,1,0,0,0,0,1,0,0,0,1,1,0,0
S5670,87.06,65.75,53.15,72.2,76.03,55.74,15.4,5.3,5,21,45.18,65.95049999999999,1,0,0,0,0,0,1,0,0,0,1,0,1,0
S5671,56.44,92.21,51.96,40.5,99.38,80.16,28.0,7.0,7,23,45.22,70.63749999999999,1,0,1,0,0,1,0,0,1,0,0,0,0,1
S5672,64.1,94.92,83.47,29.4,93.85,68.77,15.1,5.3,9,22,73.36,80.16499999999999,1,0,0,0,0,0,1,0,0,0,1,1,0,0
S5673,64.8,63.96,95.34,61.5,65.42,67.66,19.9,5.1,3,21,99.58,76.444,0,0,0,0,1,0,0,0,0,1,0,0,1,0
S5674,69.48,51.15,70.47,76.9,77.57,91.35,22.3,7.1,7,23,48.7,64.4325,1,0,1,0,1,0,0,0,1,0,0,0,0,1
S5675,50.04,92.99,91.84,45.0,50.02,50.48,5.5,8.7,7,23,45.98,59.3895,1,0,1,0,0,1,0,0,1,0,0,0,1,0
S5676,67.15,68.85,51.46,46.7,70.48,89.9,19.8,5.0,7,23,66.3,65.60000000000001,1,1,0,0,0,1,0,0,0,0,1,1,0,0
S5677,70.65,66.47,88.88,5.9,58.19,78.57,17.9,4.9,4,21,73.8,65.658,1,0,0,0,1,0,0,0,0,1,0,1,0,0
S5678,71.9,67.35,53.14,92.4,85.57,99.3,19.9,6.6,3,21,57.66,70.90749999999998,1,1,0,0,0,1,0,0,0,1,0,1,0,0
S5679,89.19,70.78,91.92,84.7,61.05,79.47,6.9,4.6,1,21,58.15,70.27499999999999,0,1,1,0,0,0,1,0,0,1,0,1,0,0
S5680,71.04,68.91,94.12,39.8,87.44,52.77,6.4,5.5,6,20,65.47,74.994,0,0,1,1,0,0,0,1,0,0,0,1,0,0
S5681,53.85,78.32,89.3,76.5,65.66,52.53,9.4,9.0,4,23,58.85,66.991,0,0,1,1,0,0,0,0,0,1,0,1,0,0
S5682,79.79,53.95,91.04,31.3,96.29,94.16,26.7,8.2,8,20,94.92,83.34700000000001,1,1,1,1,0,0,0,0,1,0,0,0,1,0
S5683,87.84,98.58,78.07,73.0,72.27,92.06,13.9,7.5,6,19,42.52,71.731,0,0,1,0,1,0,0,0,1,0,0,0,0,1
S5684,59.16,96.82,63.24,51.7,91.98,67.29,15.9,4.1,6,21,54.07,73.41749999999999,1,0,0,0,0,1,0,0,0,1,0,0,0,1
S5685,78.72,96.72,82.16,46.1,81.41,80.9,14.8,5.3,8,24,88.51,83.3875,1,1,0,1,0,0,0,0,1,0,0,0,0,1
S5686,48.82,93.96,71.98,5.699999999999999,98.87,74.48,22.9,6.8,5,22,90.04,81.071,1,0,0,0,0,0,1,1,0,0,0,0,1,0
S5687,60.52,83.02,50.27,96.5,87.14,98.36,11.5,7.6,8,18,46.69,69.1975,1,1,0,0,0,0,1,0,1,0,0,0,1,0
S5688,94.55,61.06,73.84,83.69999999999999,86.39,97.5,6.7,7.3,1,19,98.43,85.435,0,1,0,0,0,0,1,0,1,0,0,1,0,0
S5689,94.68,52.47,82.56,79.3,63.24,99.19,14.5,4.9,10,24,81.6,73.66550000000001,0,0,1,0,0,1,0,0,1,0,0,0,0,1
S5690,74.52,54.97,50.69,30.5,75.24,93.32,23.2,6.3,2,18,56.36,62.6795,0,1,1,1,0,0,0,1,0,0,0,0,1,0
S5691,82.14,66.2,81.07,29.0,64.51,95.48,27.9,5.0,8,18,67.36,68.001,1,1,1,0,0,0,1,0,0,1,0,0,1,0
S5692,91.24,75.19,82.63,57.3,50.96,60.86,6.3,8.6,1,21,57.83,65.838,0,1,1,0,0,1,0,1,0,0,0,0,0,1
S5693,97.51,99.66,57.91,84.60000000000001,85.53,91.55,25.3,6.8,5,22,49.0,77.50550000000001,0,0,0,0,0,0,1,0,0,1,0,0,1,0
S5694,69.39,71.77,71.55,93.5,61.79,85.44,6.7,6.0,5,18,57.47,65.9085,1,0,0,1,0,0,0,0,0,0,1,1,0,0
S5695,73.69,76.23,98.22,26.9,69.87,98.14,13.3,8.6,2,23,74.81,73.3185,0,0,1,1,0,0,0,0,1,0,0,0,0,1
S5696,64.94,84.76,94.21,60.7,64.23,78.56,5.6,8.5,2,24,89.56,76.57000000000001,1,0,0,1,0,0,0,0,1,0,0,1,0,0
S5697,44.32,59.04,70.54,72.4,59.98,54.26,27.8,6.5,1,18,61.81,59.6245,0,1,1,1,0,0,0,1,0,0,0,0,1,0
S5698,65.37,96.64,67.49,22.6,53.36,79.87,22.7,7.4,4,19,60.87,63.406000000000006,0,1,0,1,0,0,0,1,0,0,0,0,1,0
S5699,87.44,76.45,56.2,40.7,66.89,84.33,14.2,5.6,6,22,68.08,69.3255,0,0,0,0,0,0,1,0,1,0,0,0,1,0
S5700,88.29,63.81,51.76,18.700000000000003,54.09,61.02,14.4,5.5,3,22,78.67,64.82050000000001,1,1,0,1,0,0,0,0,1,0,0,0,0,1
S5701,93.54,96.76,64.87,69.9,77.02,69.71,21.0,6.7,10,18,85.1,82.90799999999999,0,1,1,0,0,0,1,0,1,0,0,0,1,0
S5702,43.09,81.27,97.01,86.4,50.98,79.93,7.2,8.2,4,22,59.61,62.8715,0,0,0,1,0,0,0,0,1,0,0,0,0,1
S5703,71.63,74.18,97.93,87.8,97.0,68.71,8.6,7.0,8,19,75.18,83.9495,0,0,0,0,0,0,1,0,1,0,0,0,1,0
S5704,46.45,79.01,90.63,67.0,98.32,68.75,26.2,6.3,2,24,63.36,76.568,0,0,1,1,0,0,0,0,0,1,0,1,0,0
S5705,52.04,87.42,67.54,34.7,65.23,56.65,10.1,7.3,9,19,82.98,69.72200000000001,1,1,0,0,0,0,1,0,1,0,0,1,0,0
S5706,94.01,57.73,57.18,66.10000000000001,63.01,97.04,23.2,8.1,10,19,49.88,63.157,1,0,1,1,0,0,0,0,1,0,0,0,0,1
S5707,69.81,93.24,79.78,86.4,55.22,87.52,10.6,7.9,6,23,55.42,67.1765,0,0,0,0,0,1,0,0,1,0,0,0,1,0
S5708,85.51,97.98,82.33,62.6,95.25,50.06,7.2,5.9,9,21,65.56,83.8515,0,1,0,0,0,0,1,0,1,0,0,0,0,1
S5709,43.86,78.35,71.23,41.3,79.34,88.28,27.5,8.7,1,18,93.36,74.66149999999999,0,0,1,0,0,1,0,0,0,0,1,0,1,0
S5710,65.01,84.11,84.58,92.0,80.51,86.99,27.5,4.1,4,24,74.4,78.179,1,0,0,0,0,0,1,0,0,1,0,0,0,1
S5711,80.45,92.99,87.33,83.5,94.79,50.49,20.1,6.3,7,22,97.92,91.841,0,1,1,0,0,0,1,0,1,0,0,1,0,0
S5712,48.0,68.74,89.15,88.2,95.54,68.48,16.6,8.5,10,19,46.2,71.048,0,0,1,0,0,0,1,1,0,0,0,0,0,1
S5713,59.55,99.64,75.11,90.3,91.42,80.34,18.8,7.5,9,18,67.61,80.233,1,0,0,0,1,0,0,1,0,0,0,0,1,0
S5714,43.87,84.03,89.58,39.4,88.67,72.64,15.2,7.5,1,24,65.14,72.999,1,1,0,1,0,0,0,0,0,1,0,0,0,1
S5715,79.08,71.2,51.27,86.0,93.86,88.9,23.9,4.8,1,24,76.01,79.1295,1,0,1,0,0,1,0,0,0,1,0,1,0,0
S5716,98.25,83.87,84.02,57.0,93.8,71.27,23.9,6.9,3,18,88.72,88.89,0,0,0,0,0,1,0,1,0,0,0,0,1,0
S5717,89.62,76.08,61.78,3.8,68.43,57.69,25.5,8.8,6,21,90.49,74.3745,1,1,1,0,0,0,1,0,0,0,1,1,0,0
S5718,98.48,55.58,63.53,63.6,98.67,98.82,18.1,5.1,5,23,80.21,82.2955,1,1,1,0,0,1,0,0,0,0,1,0,1,0
S5719,90.74,89.79,54.57,47.1,85.46,62.1,25.0,5.6,5,22,78.49,80.15199999999999,0,0,1,0,0,1,0,0,1,0,0,0,1,0
S5720,91.31,78.22,59.62,27.5,68.51,85.88,8.9,5.9,9,23,96.94,77.55449999999999,1,1,0,0,0,1,0,0,0,1,0,1,0,0
S5721,74.63,89.79,99.6,97.0,72.1,57.16,5.8,5.8,3,24,63.02,76.858,0,1,0,0,0,1,0,1,0,0,0,0,1,0
S5722,71.1,57.75,70.77,5.5,84.36,66.45,21.2,7.1,5,22,89.97,74.47999999999999,0,0,1,0,1,0,0,0,0,1,0,0,0,1
S5723,64.38,76.92,96.39,94.6,68.05,72.1,7.6,5.2,7,24,95.29,79.8015,1,1,0,0,0,0,1,1,0,0,0,0,1,0
S5724,89.09,88.33,58.14,15.9,91.33,59.61,18.8,6.5,2,19,69.49,77.9935,0,0,1,0,0,1,0,1,0,0,0,0,0,1
S5725,50.92,99.42,60.2,37.7,57.4,72.5,23.0,6.0,7,19,83.75,68.6135,1,0,1,0,1,0,0,0,1,0,0,0,1,0
S5726,43.37,94.22,77.89,41.7,95.38,57.86,15.2,7.2,1,18,62.62,74.7815,1,1,1,0,1,0,0,0,0,1,0,1,0,0
S5727,96.87,93.22,67.48,73.1,65.06,77.95,6.1,5.2,7,22,49.53,70.81700000000001,1,1,0,0,0,0,1,0,0,0,1,0,0,1
S5728,40.23,62.37,82.2,21.6,57.64,83.19,27.2,6.8,2,22,75.19,60.7795,0,1,0,1,0,0,0,0,0,1,0,0,1,0
S5729,98.61,91.9,71.1,98.6,92.9,53.12,6.1,7.7,7,24,51.79,81.434,1,0,1,1,0,0,0,1,0,0,0,1,0,0
S5730,83.73,58.46,90.58,74.9,61.97,93.56,27.6,7.5,3,23,67.46,69.58749999999999,0,1,1,1,0,0,0,0,0,0,1,0,1,0
S5731,59.71,59.91,71.58,79.0,92.17,59.26,6.3,8.2,5,19,92.37,79.7945,0,0,1,0,0,1,0,1,0,0,0,0,0,1
S5732,81.87,55.51,78.62,10.6,64.81,61.27,23.4,8.8,9,20,45.16,59.732,0,1,1,0,0,0,1,0,0,1,0,0,0,1
S5733,89.07,92.88,66.05,47.6,96.69,83.07,28.1,8.3,1,18,41.83,75.742,1,0,0,1,0,0,0,1,0,0,0,0,1,0
S5734,54.72,55.41,85.2,94.6,60.95,73.44,27.7,8.7,6,22,76.39,67.152,0,0,1,0,0,1,0,0,1,0,0,0,0,1
S5735,86.25,56.91,82.74,27.0,53.48,74.97,27.3,4.1,7,21,59.86,62.107,0,1,1,0,0,0,1,0,0,0,1,1,0,0
S5736,88.26,62.29,69.85,14.5,96.83,56.41,27.1,7.1,10,21,65.08,75.6115,1,0,0,0,0,1,0,0,1,0,0,0,0,1
S5737,54.96,78.63,63.8,48.5,58.28,90.29,17.8,5.3,9,20,64.34,62.4125,1,0,0,1,0,0,0,0,1,0,0,0,1,0
S5738,42.52,94.01,80.71,93.0,97.21,80.85,18.9,8.0,4,19,45.2,73.6635,0,0,1,1,0,0,0,1,0,0,0,0,0,1
S5739,52.25,70.91,97.16,48.7,91.2,56.77,20.5,8.1,9,19,40.21,68.0375,0,1,0,0,1,0,0,0,0,1,0,0,0,1
S5740,52.04,77.31,56.63,40.5,54.1,68.7,27.4,4.2,1,19,93.91,66.79799999999999,1,1,1,0,1,0,0,1,0,0,0,0,0,1
S5741,43.91,58.32,89.96,65.0,72.26,90.52,26.0,7.0,4,23,53.07,62.526,0,1,1,0,0,0,1,0,1,0,0,0,1,0
S5742,83.56,63.3,77.15,93.7,53.67,78.42,24.6,8.3,6,24,65.56,66.92,0,1,1,0,0,1,0,0,0,1,0,0,1,0
S5743,62.8,56.7,76.28,4.9,66.49,55.43,21.9,6.9,7,21,98.32,70.325,0,1,0,0,0,1,0,0,0,0,1,0,0,1
S5744,93.06,70.5,98.08,15.3,67.58,68.64,20.5,6.1,1,19,89.61,77.78349999999999,0,1,0,1,0,0,0,0,0,0,1,0,0,1
S5745,55.13,79.52,80.29,13.3,79.98,62.13,28.1,4.4,1,21,46.48,64.5055,1,1,0,1,0,0,0,1,0,0,0,0,0,1
S5746,67.19,64.2,91.53,8.5,98.79,75.87,9.8,7.7,9,20,70.51,76.551,0,0,1,0,0,0,1,0,1,0,0,1,0,0
S5747,78.34,92.3,75.72,30.2,58.49,92.17,9.8,4.4,7,18,83.8,73.175,1,0,1,0,1,0,0,0,0,1,0,0,1,0
S5748,92.65,99.06,62.49,22.9,66.46,71.81,29.6,7.0,9,24,81.9,76.5635,0,1,1,1,0,0,0,0,1,0,0,0,1,0
S5749,71.48,56.01,84.72,54.900000000000006,79.36,71.67,18.8,8.6,5,23,85.65,75.561,1,0,0,0,0,1,0,1,0,0,0,0,1,0
S5750,62.41,50.89,96.16,32.7,58.57,95.27,17.1,6.1,9,22,67.45,62.6795,0,1,0,1,0,0,0,0,0,1,0,0,1,0
S5751,92.02,89.49,92.06,40.5,85.54,78.81,26.3,7.9,5,20,50.56,76.7595,1,0,1,0,1,0,0,0,0,0,1,1,0,0
S5752,58.61,59.53,59.92,94.2,70.18,78.31,26.2,8.0,6,24,67.89,66.4495,0,1,0,0,0,1,0,0,0,0,1,0,1,0
S5753,44.77,67.66,65.84,15.6,97.48,63.1,9.4,4.1,8,21,78.87,73.19,1,0,0,0,1,0,0,1,0,0,0,0,0,1
S5754,66.7,69.71,75.84,38.8,81.49,80.39,9.3,8.6,9,20,76.52,73.5625,0,0,1,0,0,0,1,0,0,1,0,0,1,0
S5755,87.11,95.83,78.58,25.7,68.15,78.8,24.9,4.9,10,22,44.23,68.0865,0,0,0,0,0,0,1,1,0,0,0,0,0,1
S5756,41.85,82.94,59.69,54.900000000000006,85.97,69.84,24.6,5.4,3,24,43.9,64.1985,1,1,0,0,1,0,0,0,0,0,1,0,1,0
S5757,75.15,52.03,61.5,73.60000000000001,91.94,99.53,10.6,8.4,2,23,97.92,80.969,1,1,0,0,0,1,0,0,1,0,0,1,0,0
S5758,75.67,50.74,87.94,81.7,90.02,94.09,26.0,7.4,5,18,49.11,71.124,1,0,1,0,1,0,0,0,1,0,0,1,0,0
S5759,95.71,59.98,86.52,51.5,63.14,87.48,17.0,5.9,6,22,57.67,67.94,1,0,1,1,0,0,0,1,0,0,0,1,0,0
S5760,57.19,65.91,91.96,85.5,70.85,76.87,16.7,4.4,8,24,86.06,74.70599999999999,1,0,0,1,0,0,0,0,1,0,0,1,0,0
S5761,56.73,74.23,96.65,78.5,72.61,73.1,29.6,5.9,4,23,64.58,71.16199999999999,0,1,1,0,1,0,0,0,0,0,1,1,0,0
S5762,66.43,91.89,65.41,15.7,69.42,59.24,18.0,8.8,1,21,50.89,64.6225,1,1,0,1,0,0,0,1,0,0,0,0,1,0
S5763,61.41,65.74,92.98,24.5,65.54,65.29,8.4,4.5,4,22,68.03,66.265,1,1,0,0,1,0,0,0,0,0,1,0,0,1
S5764,84.18,68.83,83.3,67.2,87.64,88.7,12.0,8.2,10,20,74.14,79.46849999999999,0,1,0,1,0,0,0,0,0,0,1,0,0,1
S5765,78.51,66.47,97.89,97.5,50.61,72.69,13.3,5.6,8,19,67.17,68.38650000000001,1,0,1,0,1,0,0,1,0,0,0,0,1,0
S5766,85.54,50.45,63.6,37.6,64.68,94.11,29.0,7.3,2,20,95.14,71.8275,1,1,0,1,0,0,0,0,1,0,0,0,0,1
S5767,89.2,97.76,63.48,23.0,57.08,57.4,11.6,7.2,10,21,57.08,66.93599999999999,1,0,0,0,0,1,0,1,0,0,0,0,0,1
S5768,95.38,56.95,85.21,86.89999999999999,56.44,75.42,15.8,5.6,8,24,79.68,72.56750000000001,0,0,1,0,0,1,0,0,0,0,1,0,0,1
S5769,65.86,64.38,96.42,20.0,63.85,82.35,23.7,4.3,4,18,46.74,61.018,1,1,0,1,0,0,0,0,0,1,0,0,1,0
S5770,99.08,56.47,91.23,69.7,88.11,75.84,11.9,4.7,2,22,63.54,78.2585,0,1,1,0,1,0,0,0,0,0,1,0,1,0
S5771,52.94,74.53,86.35,3.4000000000000004,98.47,94.46,22.5,6.8,4,24,84.46,78.58149999999999,0,1,1,1,0,0,0,1,0,0,0,0,0,1
S5772,82.86,96.61,69.37,1.9,75.73,99.48,10.2,8.7,1,18,53.49,70.04400000000001,1,1,0,0,0,0,1,0,1,0,0,0,1,0
S5773,72.04,55.04,85.89,45.2,66.95,55.79,11.1,8.6,10,21,75.39,68.8435,0,1,1,0,0,0,1,0,0,0,1,1,0,0
S5774,89.01,72.04,90.05,65.7,91.46,56.5,29.7,4.6,7,22,49.21,76.188,1,0,1,0,1,0,0,0,1,0,0,1,0,0
S5775,68.61,51.12,87.66,14.2,53.36,56.52,14.2,8.4,3,23,46.16,54.98349999999999,1,0,1,1,0,0,0,0,1,0,0,0,0,1
S5776,87.04,88.54,83.84,76.39999999999999,54.66,84.06,23.2,5.2,4,23,71.39,72.7865,1,1,0,1,0,0,0,0,1,0,0,1,0,0
S5777,95.81,82.06,52.36,12.9,67.27,68.63,26.0,8.5,3,24,80.5,72.8675,1,0,1,0,0,1,0,0,1,0,0,1,0,0
S5778,83.94,84.98,82.99,53.4,72.42,86.67,13.7,7.8,8,20,46.8,69.733,1,0,1,0,1,0,0,0,0,0,1,0,1,0
S5779,86.57,73.62,73.91,30.8,89.89,70.27,13.9,8.8,3,24,95.07,83.69399999999999,0,1,1,0,0,0,1,0,0,0,1,1,0,0
S5780,44.03,95.38,98.08,75.19999999999999,96.26,81.38,24.3,6.2,7,20,53.55,76.74499999999999,0,0,0,0,0,0,1,1,0,0,0,0,0,1
S5781,52.3,70.48,80.36,80.39999999999999,76.56,88.49,20.2,7.7,2,21,47.2,65.241,0,0,0,0,1,0,0,1,0,0,0,1,0,0
S5782,98.46,75.7,80.41,6.6000000000000005,74.78,77.41,14.0,7.7,10,23,52.16,69.969,0,0,1,0,0,0,1,0,1,0,0,1,0,0
S5783,81.59,84.76,99.7,19.3,60.65,76.98,23.7,6.5,9,22,50.17,66.625,1,1,1,0,1,0,0,0,0,1,0,1,0,0
S5784,73.69,76.03,54.68,89.3,72.56,54.41,26.6,8.9,6,23,45.44,65.519,1,1,1,0,0,0,1,0,0,0,1,0,1,0
S5785,62.02,59.47,63.82,41.6,96.18,70.54,10.9,5.2,3,20,87.87,77.507,0,0,1,0,0,0,1,0,1,0,0,0,1,0
S5786,42.66,65.85,82.8,47.7,69.64,77.29,5.6,8.9,8,24,69.73,65.26599999999999,1,1,0,0,1,0,0,1,0,0,0,0,1,0
S5787,62.15,54.61,65.76,16.8,60.53,73.1,11.9,8.1,8,21,63.31,58.9165,0,0,0,0,1,0,0,0,0,0,1,1,0,0
S5788,69.93,71.63,67.31,99.5,66.86,95.04,21.9,7.1,6,23,97.04,77.25800000000001,0,0,0,0,0,0,1,0,1,0,0,0,1,0
S5789,52.69,80.47,94.63,92.3,75.73,95.33,27.9,4.4,4,21,62.26,72.33600000000001,0,1,1,0,0,0,1,1,0,0,0,0,1,0
S5790,50.39,55.93,78.97,0.2,79.93,91.1,26.6,5.3,3,23,50.02,60.339,0,1,1,0,0,1,0,0,1,0,0,0,1,0
S5791,70.5,81.53,55.14,55.1,71.62,68.76,10.6,8.2,9,24,56.44,66.6695,1,1,1,1,0,0,0,0,0,0,1,0,0,1
S5792,75.15,94.64,65.54,87.2,87.93,85.86,27.0,7.6,5,18,54.34,76.3465,1,0,0,0,1,0,0,0,0,1,0,0,0,1
S5793,54.4,66.89,53.8,43.1,79.22,69.76,25.3,8.8,4,24,69.92,66.9745,0,1,0,0,1,0,0,0,1,0,0,1,0,0
S5794,75.24,61.1,77.81,43.7,83.25,61.63,23.4,6.0,9,23,57.49,69.7645,0,0,0,1,0,0,0,0,1,0,0,1,0,0
S5795,94.02,94.65,58.66,37.9,93.15,67.15,22.2,8.5,7,20,70.96,81.7465,0,1,1,0,0,1,0,0,0,1,0,0,1,0
S5796,68.39,84.6,92.86,2.9,93.28,53.55,25.2,8.3,3,24,80.16,80.4035,0,1,1,0,0,0,1,0,1,0,0,0,0,1
S5797,91.44,55.27,78.87,79.0,60.18,66.59,26.5,8.8,6,22,86.64,73.5575,0,1,1,0,0,0,1,0,1,0,0,1,0,0
S5798,95.64,70.41,52.97,45.7,81.17,73.04,25.5,5.4,8,20,82.61,77.493,1,1,0,0,0,1,0,0,1,0,0,1,0,0
S5799,45.54,83.7,65.04,53.1,85.83,97.77,8.0,6.5,5,20,52.34,67.379,0,0,1,0,0,1,0,0,1,0,0,0,1,0
S5800,45.75,78.72,80.82,25.6,57.29,65.67,23.1,4.4,2,20,46.95,56.957,0,1,1,1,0,0,0,0,1,0,0,0,0,1
S5801,68.56,80.93,66.77,78.4,92.14,95.12,26.0,7.0,8,21,72.55,78.8,1,0,0,1,0,0,0,0,1,0,0,0,0,1
S5802,75.29,78.36,75.66,79.4,59.02,61.44,9.6,7.7,2,19,51.93,65.272,1,0,0,0,0,0,1,0,1,0,0,1,0,0
S5803,65.55,89.9,95.47,55.3,89.96,59.55,10.3,5.2,1,19,45.1,73.8925,1,1,0,0,0,1,0,1,0,0,0,0,1,0
S5804,59.59,66.02,67.5,90.5,58.07,75.95,24.6,4.8,5,18,71.63,65.445,1,0,0,0,0,1,0,0,0,1,0,1,0,0
S5805,78.46,85.42,66.79,11.6,87.09,83.63,13.6,7.2,5,20,59.61,72.87049999999999,1,0,1,0,0,0,1,1,0,0,0,0,1,0
S5806,40.12,99.55,90.99,78.7,57.41,52.22,15.0,6.0,1,19,85.37,72.55,1,0,0,0,0,0,1,0,1,0,0,0,0,1
S5807,98.08,69.5,65.94,55.9,68.94,61.05,14.4,6.1,6,18,58.85,69.9205,1,1,1,0,0,0,1,0,1,0,0,1,0,0
S5808,53.92,89.55,53.9,23.1,57.18,72.78,10.3,6.4,7,21,98.72,69.8995,1,1,1,0,0,0,1,0,1,0,0,0,1,0
S5809,95.03,62.31,59.05,13.2,63.54,66.55,28.5,6.6,9,20,85.51,70.6055,1,1,0,0,0,0,1,0,0,0,1,0,1,0
S5810,46.54,64.09,97.44,30.1,99.23,85.63,25.1,5.0,9,22,43.46,68.47749999999999,0,1,0,1,0,0,0,0,0,0,1,0,1,0
S5811,54.29,96.74,96.66,85.60000000000001,55.38,75.56,11.3,6.9,2,21,70.53,70.84700000000001,1,0,1,0,0,0,1,0,0,0,1,1,0,0
S5812,54.09,51.3,61.24,78.8,70.32,58.02,7.7,4.3,8,18,73.76,65.4085,0,0,0,0,0,1,0,0,0,0,1,1,0,0
S5813,99.77,60.87,77.68,64.5,83.85,94.72,14.3,4.6,9,21,81.72,80.67399999999999,0,1,0,0,1,0,0,0,1,0,0,1,0,0
S5814,40.28,74.15,56.87,9.0,54.73,64.65,15.4,7.6,4,22,69.87,57.188,0,0,0,1,0,0,0,0,0,0,1,0,0,1
S5815,78.38,70.09,83.73,95.5,55.45,86.56,5.2,7.7,7,21,69.01,69.306,0,0,1,0,0,1,0,0,0,1,0,0,1,0
S5816,92.18,81.46,59.27,30.5,57.16,89.0,27.2,5.3,5,18,62.08,66.166,0,0,1,0,1,0,0,0,1,0,0,0,1,0
S5817,80.34,59.64,52.49,60.7,82.25,98.16,26.3,4.9,1,22,56.29,68.0285,0,1,0,1,0,0,0,1,0,0,0,0,1,0
S5818,61.76,53.53,91.24,80.3,95.47,74.93,26.3,4.3,10,22,96.77,83.26599999999999,0,0,0,0,0,0,1,0,1,0,0,0,1,0
S5819,97.5,68.47,66.27,13.3,91.3,80.79,25.1,6.1,8,21,59.06,74.3425,0,1,1,1,0,0,0,0,1,0,0,0,0,1
S5820,93.61,76.22,55.43,65.19999999999999,99.15,66.74,23.3,6.5,2,22,43.81,74.975,1,1,0,0,0,0,1,0,0,1,0,0,1,0
S5821,66.04,78.1,91.7,3.2,78.91,83.91,20.9,8.5,3,24,50.04,67.134,0,0,0,0,0,0,1,0,1,0,0,0,0,1
S5822,74.4,80.07,88.12,10.2,98.07,73.17,29.0,4.0,5,21,91.44,84.7735,0,0,1,0,0,0,1,1,0,0,0,1,0,0
S5823,98.05,77.43,84.19,72.30000000000001,65.25,71.88,22.8,6.0,7,20,75.2,76.731,0,0,1,0,1,0,0,0,1,0,0,1,0,0
S5824,98.95,62.29,95.56,15.5,71.08,92.77,20.8,6.1,5,22,86.73,77.52349999999998,0,0,1,1,0,0,0,0,1,0,0,0,1,0
S5825,66.99,88.23,74.46,44.400000000000006,69.8,52.51,24.7,8.4,10,21,88.53,76.02149999999999,1,0,1,0,0,0,1,1,0,0,0,1,0,0
S5826,90.84,54.39,56.4,24.8,52.37,94.1,11.2,5.0,4,20,89.39,66.72300000000001,0,1,0,0,0,1,0,1,0,0,0,0,1,0
S5827,58.12,59.92,53.07,42.1,91.49,92.6,29.2,4.3,2,22,73.04,70.825,1,1,1,1,0,0,0,1,0,0,0,0,0,1
S5828,62.31,86.97,65.92,7.7,51.24,75.32,5.5,5.9,1,20,50.63,57.3985,1,0,1,0,0,1,0,1,0,0,0,1,0,0
S5829,49.89,63.99,54.34,75.5,86.49,74.51,21.2,7.1,3,23,48.89,64.4605,0,1,1,0,1,0,0,0,0,0,1,1,0,0
S5830,52.55,74.67,76.78,7.9,70.35,68.09,6.9,8.3,6,22,74.44,66.871,0,1,0,0,1,0,0,0,0,1,0,0,0,1
S5831,79.41,66.36,50.72,83.80000000000001,50.31,99.71,26.3,5.3,9,23,61.99,61.718,1,1,1,1,0,0,0,1,0,0,0,0,0,1
S5832,70.65,75.35,72.19,66.3,64.5,55.56,29.2,5.3,9,18,73.48,70.154,0,0,0,0,1,0,0,0,0,0,1,0,0,1
S5833,53.87,67.33,58.92,41.7,67.31,79.51,15.2,5.6,5,18,69.91,63.8275,0,0,1,0,1,0,0,0,1,0,0,0,1,0
S5834,64.17,99.71,68.41,86.6,98.24,84.08,26.4,4.6,3,21,76.13,84.2575,1,1,0,1,0,0,0,0,1,0,0,0,1,0
S5835,62.39,67.87,83.75,18.6,83.05,96.72,13.4,8.9,3,19,41.93,64.2415,1,0,0,0,0,1,0,0,1,0,0,1,0,0
S5836,99.24,81.35,67.55,26.5,77.18,89.01,9.0,6.7,7,23,41.97,68.815,0,1,1,0,0,0,1,0,1,0,0,1,0,0
S5837,91.21,94.42,67.07,13.7,56.35,82.19,11.9,5.4,7,23,83.3,72.9665,0,1,1,1,0,0,0,0,0,0,1,0,0,1
S5838,63.28,81.9,99.54,38.2,69.56,55.84,12.5,5.8,3,18,51.59,67.4065,0,0,1,1,0,0,0,0,0,0,1,0,1,0
S5839,94.83,78.29,85.94,98.7,51.79,68.69,20.8,8.3,10,23,79.13,74.8165,1,0,1,0,0,0,1,1,0,0,0,0,0,1
S5840,60.56,78.46,75.69,16.1,88.08,56.94,24.9,7.4,7,19,72.79,73.8485,0,1,1,0,0,1,0,1,0,0,0,0,0,1
S5841,80.07,74.82,78.97,83.10000000000001,58.14,94.06,10.1,6.8,8,20,98.91,77.455,1,1,1,0,0,0,1,0,0,0,1,0,1,0
S5842,98.0,90.38,81.01,65.19999999999999,79.72,87.48,7.2,7.6,3,20,90.12,86.06400000000001,1,0,1,0,0,0,1,0,0,1,0,1,0,0
S5843,63.42,52.52,51.23,1.6,84.97,87.88,10.5,7.8,5,19,64.79,64.2825,0,0,1,0,0,1,0,1,0,0,0,1,0,0
S5844,80.79,94.26,54.01,94.5,68.33,82.61,12.4,5.0,10,23,76.98,76.12750000000001,1,1,0,0,0,1,0,0,1,0,0,1,0,0
S5845,57.76,79.31,82.46,97.1,81.63,75.35,12.0,4.8,8,23,47.04,69.91049999999998,0,0,1,0,0,0,1,1,0,0,0,1,0,0
S5846,55.98,92.44,68.22,92.5,88.21,57.5,10.5,8.8,7,23,63.18,75.968,0,0,1,0,0,0,1,1,0,0,0,1,0,0
S5847,74.45,50.52,52.77,50.2,59.21,66.48,16.7,4.9,1,24,84.03,65.303,1,0,1,1,0,0,0,0,0,1,0,0,1,0
S5848,98.76,93.46,64.88,22.0,80.04,56.85,26.4,6.3,2,21,77.36,79.773,0,1,1,0,0,1,0,0,0,0,1,0,1,0
S5849,67.19,56.01,56.51,39.1,86.69,86.25,7.5,8.9,6,22,69.07,69.3605,1,0,0,0,1,0,0,0,0,1,0,0,0,1
S5850,96.26,86.06,95.82,61.4,67.85,58.01,26.6,6.1,8,19,50.59,73.0025,1,1,1,0,0,1,0,1,0,0,0,1,0,0
S5851,94.86,70.83,60.15,37.9,58.12,85.11,17.4,6.6,5,19,88.19,72.247,0,0,1,0,0,0,1,0,0,1,0,1,0,0
S5852,55.23,84.05,57.18,70.8,64.31,84.61,21.5,8.0,7,24,56.39,63.5405,0,1,0,0,0,0,1,1,0,0,0,0,1,0
S5853,64.11,81.41,81.31,79.6,96.65,72.97,25.4,5.7,10,19,89.23,85.2415,0,1,0,0,0,0,1,0,0,1,0,0,0,1
S5854,78.6,58.17,76.1,20.9,67.87,56.76,12.6,6.2,7,19,76.7,68.7065,0,1,0,0,0,0,1,0,1,0,0,0,1,0
S5855,71.08,75.73,78.8,40.5,55.39,65.74,28.9,5.7,3,24,62.36,64.1335,1,0,1,0,1,0,0,0,1,0,0,0,1,0
S5856,45.76,63.86,71.8,95.8,54.14,66.0,7.1,5.4,1,19,42.44,55.265,1,1,1,0,0,1,0,1,0,0,0,1,0,0
S5857,99.62,78.02,73.36,25.0,59.02,85.02,18.2,6.4,6,23,53.95,66.4255,1,0,1,0,1,0,0,0,0,1,0,0,1,0
S5858,85.16,86.9,88.94,34.6,56.38,55.69,11.4,7.7,5,24,93.34,76.682,0,1,1,0,1,0,0,1,0,0,0,0,1,0
S5859,66.26,54.06,61.0,3.6,74.75,91.45,15.2,8.3,9,21,89.08,69.02300000000001,1,1,0,0,0,0,1,0,0,1,0,1,0,0
S5860,77.09,75.79,69.83,33.2,67.38,88.05,16.2,6.4,1,18,74.49,70.4115,1,1,0,0,1,0,0,0,0,0,1,1,0,0
S5861,45.25,80.88,97.89,37.1,92.07,59.32,27.9,5.6,5,23,67.98,75.17949999999999,0,1,0,0,0,0,1,0,0,1,0,1,0,0
S5862,69.72,64.77,59.5,10.0,94.05,85.96,16.0,8.6,3,23,78.83,74.546,0,1,0,0,0,0,1,0,0,1,0,1,0,0
S5863,95.85,97.65,64.69,0.1,73.66,83.43,22.4,5.7,6,22,67.97,74.5895,0,0,0,0,0,0,1,1,0,0,0,0,1,0
S5864,93.8,76.02,59.58,57.5,94.43,87.41,28.8,7.9,5,24,78.66,82.3,1,0,0,0,1,0,0,0,0,1,0,0,1,0
S5865,60.24,59.13,51.02,30.2,72.52,59.45,17.4,7.7,4,18,58.44,60.8835,0,1,1,0,0,0,1,1,0,0,0,1,0,0
S5866,71.88,55.39,63.49,1.7999999999999998,82.1,57.88,15.2,4.2,8,19,90.31,72.737,1,0,1,0,1,0,0,1,0,0,0,0,1,0
S5867,81.84,77.08,52.32,86.0,58.13,61.82,29.3,4.9,9,18,82.12,71.339,1,1,1,0,0,1,0,0,1,0,0,0,1,0
S5868,60.4,68.76,57.73,58.4,52.63,68.29,25.7,6.9,9,21,59.8,58.806,1,0,1,0,0,0,1,1,0,0,0,0,0,1
S5869,43.89,59.63,68.13,17.1,58.0,89.68,28.5,8.3,1,20,89.84,63.056,1,1,1,1,0,0,0,0,0,1,0,0,0,1
S5870,70.33,51.53,51.04,86.5,62.59,86.9,14.9,7.0,9,23,69.24,63.795,1,0,0,1,0,0,0,0,1,0,0,0,0,1
S5871,76.1,78.33,87.65,25.4,87.55,96.27,22.4,7.7,4,24,50.48,72.08449999999999,0,0,0,1,0,0,0,0,0,0,1,0,1,0
S5872,40.35,79.93,89.78,22.7,58.68,52.93,11.2,7.7,4,24,44.66,56.924,1,0,0,1,0,0,0,0,0,1,0,1,0,0
S5873,45.73,57.09,70.57,89.5,56.53,50.58,26.6,6.5,9,18,81.98,64.409,0,1,1,1,0,0,0,0,0,1,0,0,1,0
S5874,52.44,80.09,99.23,17.9,96.38,84.96,28.3,6.8,1,22,91.91,82.589,1,0,0,0,1,0,0,0,0,1,0,0,0,1
S5875,60.88,97.6,83.95,87.89999999999999,84.44,63.96,11.7,4.4,5,21,88.45,84.0065,1,0,1,0,0,1,0,0,1,0,0,0,1,0
S5876,72.46,98.91,87.19,80.3,73.67,66.7,7.6,8.6,8,20,79.34,80.3755,0,1,1,0,1,0,0,0,1,0,0,0,0,1
S5877,57.63,94.42,59.62,31.0,54.75,77.34,10.0,7.4,5,21,48.48,58.86449999999999,1,0,0,0,0,0,1,0,0,1,0,1,0,0
S5878,56.57,90.35,91.87,3.4000000000000004,92.59,55.12,20.8,4.8,8,24,45.64,70.582,1,1,0,0,0,1,0,1,0,0,0,1,0,0
S5879,92.16,60.47,97.25,8.299999999999999,55.41,82.13,11.8,5.2,5,19,60.7,64.83250000000001,0,0,1,0,0,1,0,0,1,0,0,1,0,0
S5880,48.7,57.82,61.82,11.0,80.55,66.26,21.0,4.0,2,20,91.29,69.69749999999999,0,1,1,0,0,1,0,0,1,0,0,1,0,0
S5881,69.73,72.25,84.32,89.1,83.38,81.64,13.8,5.3,2,24,97.7,83.623,1,1,0,0,0,1,0,0,0,1,0,0,0,1
S5882,97.17,80.98,87.35,40.4,70.01,91.7,27.9,5.6,8,22,54.48,72.10050000000001,1,1,1,1,0,0,0,1,0,0,0,0,0,1
S5883,77.5,92.53,65.26,3.3000000000000003,95.56,58.56,16.3,7.4,3,20,85.73,82.296,1,1,1,0,0,0,1,0,1,0,0,0,0,1
S5884,83.03,61.6,73.75,55.7,52.54,96.54,17.4,6.4,2,24,74.43,66.224,0,1,0,0,0,1,0,0,0,0,1,0,1,0
S5885,65.87,73.98,54.88,20.8,90.91,76.53,13.7,8.2,1,22,41.91,65.256,1,1,1,0,0,1,0,1,0,0,0,0,0,1
S5886,41.2,82.37,58.65,23.5,77.69,96.15,6.8,4.4,4,19,72.57,67.02499999999999,0,1,0,1,0,0,0,0,1,0,0,1,0,0
S5887,78.77,72.28,53.08,16.1,80.56,60.39,17.3,7.5,3,22,88.36,75.0285,0,1,0,0,1,0,0,0,1,0,0,0,0,1
S5888,77.92,72.71,78.01,76.2,99.34,80.23,24.4,8.4,8,21,56.57,78.15,1,0,0,0,1,0,0,1,0,0,0,0,0,1
S5889,46.63,61.26,81.26,0.1,79.13,70.19,28.8,6.1,1,18,93.84,71.51350000000001,0,0,1,0,1,0,0,0,1,0,0,0,1,0
S5890,67.73,99.33,95.81,43.9,89.85,88.71,6.9,5.4,5,21,54.18,77.33500000000001,1,0,1,0,0,0,1,1,0,0,0,0,1,0
S5891,94.92,73.76,77.11,8.7,57.68,80.3,24.9,6.2,10,24,44.59,61.8995,1,0,1,0,1,0,0,0,0,0,1,0,1,0
S5892,52.31,76.64,63.03,55.2,90.46,74.73,11.7,7.9,6,24,49.6,67.9435,0,1,1,0,0,1,0,0,1,0,0,0,1,0
S5893,67.67,60.93,52.97,34.6,88.05,95.65,25.6,8.6,1,23,90.22,75.28699999999999,0,0,1,1,0,0,0,0,0,1,0,0,0,1
S5894,67.67,75.71,94.25,2.8000000000000003,98.41,68.86,13.6,4.3,9,21,65.04,76.85499999999999,0,1,0,1,0,0,0,0,1,0,0,0,0,1
S5895,88.65,62.77,73.94,46.1,96.79,61.0,7.9,6.6,2,20,87.82,83.404,0,0,1,0,1,0,0,0,0,0,1,1,0,0
S5896,89.47,60.12,86.87,57.1,60.7,80.41,20.3,7.2,4,19,71.87,70.15800000000002,0,1,1,1,0,0,0,0,0,0,1,1,0,0
S5897,85.56,63.79,50.73,24.8,73.25,81.2,27.3,4.1,7,23,68.83,67.898,0,1,0,0,0,1,0,0,0,0,1,0,1,0
S5898,61.93,50.14,74.41,76.6,95.57,71.95,9.5,4.9,9,23,88.41,78.85499999999999,1,0,0,0,1,0,0,0,1,0,0,0,0,1
S5899,44.32,78.51,66.29,37.1,82.04,74.33,5.5,4.3,3,23,65.41,67.873,1,1,0,0,0,1,0,0,1,0,0,1,0,0
S5900,60.97,69.37,51.52,74.9,73.19,97.98,27.1,5.5,10,24,88.12,72.435,1,1,1,0,0,0,1,0,0,0,1,0,0,1
S5901,80.79,94.93,88.78,57.9,55.45,86.63,22.4,5.0,2,18,46.04,66.27600000000001,0,1,1,0,0,1,0,0,1,0,0,0,0,1
S5902,82.16,52.04,75.65,86.89999999999999,67.59,55.53,25.2,6.4,8,22,78.18,71.862,0,0,1,0,0,1,0,0,1,0,0,0,0,1
S5903,97.9,52.16,66.66,54.7,83.26,60.61,6.5,7.3,9,20,82.16,77.428,0,0,0,0,0,1,0,0,0,1,0,0,0,1
S5904,67.22,94.29,90.29,18.6,88.85,98.78,27.3,8.2,2,24,93.95,84.328,1,0,0,0,0,1,0,0,0,1,0,0,1,0
S5905,77.95,56.33,72.35,82.30000000000001,72.36,86.32,15.5,5.5,3,19,53.46,66.565,1,0,1,0,0,0,1,0,0,1,0,1,0,0
S5906,72.35,50.11,50.17,78.3,52.79,95.75,27.4,4.3,6,24,76.25,62.200500000000005,0,0,1,0,1,0,0,0,1,0,0,0,0,1
S5907,49.04,58.95,97.22,97.2,81.66,65.19,6.6,4.0,3,18,66.0,71.77850000000001,0,0,0,0,0,1,0,0,1,0,0,0,0,1
S5908,67.67,91.19,62.78,9.4,96.08,87.09,27.1,8.2,6,24,62.97,75.14349999999999,0,1,1,0,1,0,0,0,0,1,0,0,0,1
S5909,72.69,90.14,91.53,59.1,74.82,85.7,21.8,8.4,6,24,46.4,70.57849999999999,0,0,0,1,0,0,0,0,0,0,1,1,0,0
S5910,97.04,67.01,90.82,49.2,96.42,64.73,18.9,4.5,3,21,48.05,77.08800000000001,1,0,1,0,0,1,0,1,0,0,0,0,1,0
S5911,61.99,83.4,58.12,67.1,67.71,77.54,6.5,4.1,2,19,90.22,73.84349999999999,1,0,0,0,0,1,0,0,1,0,0,0,1,0
S5912,98.81,75.36,73.7,98.0,94.32,81.37,22.2,8.0,8,23,84.99,87.93900000000001,1,1,0,1,0,0,0,1,0,0,0,0,0,1
S5913,72.54,95.24,52.01,53.2,89.32,74.06,19.9,7.2,7,19,62.94,75.559,0,0,1,0,1,0,0,0,1,0,0,0,0,1
S5914,54.55,52.82,67.73,68.60000000000001,98.09,91.36,23.2,6.8,9,19,89.71,78.16300000000001,1,1,1,0,0,0,1,0,1,0,0,0,1,0
S5915,51.5,90.66,86.55,34.7,89.55,91.64,22.9,6.7,1,21,44.85,69.7915,0,1,0,0,0,1,0,0,0,0,1,1,0,0
S5916,48.5,58.53,61.85,29.9,66.07,92.53,16.1,7.9,1,22,77.49,62.928,0,1,1,1,0,0,0,0,1,0,0,0,0,1
S5917,67.18,69.58,55.86,33.5,95.03,90.17,10.1,5.5,1,24,92.09,79.3065,0,1,0,1,0,0,0,0,1,0,0,1,0,0
S5918,41.32,59.6,75.36,3.9,83.49,74.4,28.0,5.9,1,20,90.33,70.4985,1,0,1,0,0,1,0,0,0,0,1,0,1,0
S5919,66.7,85.13,76.85,28.5,58.1,69.07,28.1,4.4,5,23,62.37,64.907,1,0,1,0,1,0,0,0,1,0,0,0,0,1
S5920,99.3,83.92,83.79,17.3,52.3,91.57,10.3,6.8,2,22,84.71,73.59450000000001,0,0,0,0,1,0,0,0,0,0,1,0,0,1
S5921,80.21,77.39,87.96,45.7,68.29,74.51,20.8,8.8,4,18,65.65,71.62049999999999,1,1,1,0,0,1,0,0,1,0,0,1,0,0
S5922,85.59,84.91,84.79,46.1,89.34,62.32,10.1,5.4,9,24,90.41,85.7635,0,1,1,1,0,0,0,0,0,1,0,1,0,0
S5923,47.14,81.98,92.27,76.5,80.91,75.37,26.5,8.6,3,23,71.85,74.6555,0,1,0,0,0,1,0,0,1,0,0,1,0,0
S5924,68.39,88.82,61.15,50.2,76.36,57.09,7.5,7.6,8,20,85.89,76.587,0,0,1,0,0,0,1,0,1,0,0,0,0,1
S5925,57.17,61.97,78.49,46.3,50.19,84.58,29.8,5.2,9,24,44.71,54.2695,1,1,1,0,0,0,1,0,1,0,0,0,1,0
S5926,93.65,71.45,68.0,23.2,71.78,66.8,20.3,7.3,9,18,75.4,73.10900000000001,1,0,0,0,1,0,0,0,0,1,0,0,1,0
S5927,50.88,57.58,98.11,85.19999999999999,57.89,63.03,5.6,5.8,2,21,73.02,65.962,0,1,0,0,0,0,1,1,0,0,0,0,1,0
S5928,67.52,71.48,72.01,9.1,72.73,97.83,27.0,4.6,8,22,76.6,69.475,1,0,0,1,0,0,0,0,0,0,1,1,0,0
S5929,75.28,85.08,97.99,98.2,99.59,88.84,22.1,4.5,8,24,81.74,89.07499999999999,1,0,1,0,0,0,1,1,0,0,0,1,0,0
S5930,70.84,84.57,88.45,47.6,93.98,89.35,22.4,4.1,3,23,95.09,86.503,1,1,0,0,0,1,0,1,0,0,0,0,1,0
S5931,89.81,85.47,85.92,18.6,65.53,81.19,11.9,8.0,1,19,87.14,77.258,1,0,0,1,0,0,0,0,0,1,0,0,0,1
S5932,53.89,65.44,74.58,35.4,79.68,91.96,13.4,8.4,1,20,53.18,64.3265,0,1,0,0,1,0,0,0,0,1,0,0,1,0
S5933,62.64,83.11,72.17,1.5,75.1,87.96,27.9,6.4,4,24,89.55,74.072,1,0,1,0,1,0,0,0,0,1,0,1,0,0
S5934,87.53,68.37,76.33,16.7,56.5,79.94,20.9,6.6,9,23,47.32,60.633,0,0,1,0,0,0,1,0,1,0,0,1,0,0
S5935,71.68,97.22,64.68,33.5,99.49,98.06,5.4,7.5,9,19,77.33,82.6575,0,1,1,0,1,0,0,0,1,0,0,1,0,0
S5936,64.13,67.17,95.23,55.4,71.26,59.58,13.2,7.5,2,23,92.97,76.60849999999999,1,1,1,0,0,1,0,0,0,0,1,1,0,0
S5937,41.77,80.15,89.72,12.9,75.28,97.17,20.0,5.6,7,24,46.07,62.0065,0,0,0,1,0,0,0,0,0,1,0,0,1,0
S5938,85.2,87.51,90.07,67.6,82.38,70.07,8.7,4.8,1,18,90.98,85.7525,0,1,0,0,0,1,0,1,0,0,0,0,1,0
S5939,98.33,95.32,71.66,84.39999999999999,59.58,76.42,7.5,6.2,5,19,87.92,80.2875,1,0,0,0,0,1,0,0,0,0,1,0,0,1
S5940,77.22,71.9,53.55,57.2,61.11,56.14,6.5,7.5,10,19,70.23,66.4735,0,0,1,0,0,1,0,0,1,0,0,1,0,0
S5941,91.39,68.02,84.15,29.700000000000003,59.63,77.01,20.8,8.0,5,23,58.53,66.333,0,0,0,0,0,1,0,0,1,0,0,0,1,0
S5942,71.01,71.5,68.72,12.1,69.22,80.56,13.0,4.4,8,21,64.33,65.702,1,0,1,1,0,0,0,0,1,0,0,1,0,0
S5943,53.9,66.18,93.52,1.6,59.98,99.89,14.3,6.9,9,24,98.12,69.968,1,0,0,1,0,0,0,0,0,0,1,1,0,0
S5944,40.87,82.7,89.02,73.2,96.32,98.76,6.5,4.3,3,21,52.1,73.0185,1,0,1,0,0,1,0,0,1,0,0,1,0,0
S5945,79.2,96.64,57.27,62.8,85.72,98.32,23.5,8.1,6,22,74.78,79.654,1,1,1,0,0,1,0,0,0,0,1,0,0,1
S5946,69.59,56.3,80.09,47.6,94.89,67.42,24.2,7.3,7,18,44.99,68.987,1,1,0,0,1,0,0,0,1,0,0,1,0,0
S5947,86.93,78.05,84.61,10.2,92.42,99.56,25.7,7.5,6,21,53.07,74.7115,0,0,0,0,1,0,0,0,0,1,0,1,0,0
S5948,81.68,94.88,78.41,20.7,85.16,72.77,21.3,7.8,9,23,85.8,82.35799999999999,0,1,1,1,0,0,0,0,1,0,0,0,1,0
S5949,99.28,55.01,75.7,81.5,62.14,92.59,24.3,6.5,10,24,58.16,67.9705,1,0,1,0,1,0,0,1,0,0,0,1,0,0
S5950,70.62,74.69,61.39,48.0,80.77,60.82,19.4,5.5,4,21,99.15,79.354,1,0,0,1,0,0,0,0,0,1,0,0,0,1
S5951,65.63,93.26,61.8,96.3,59.31,75.29,17.3,7.9,1,22,70.05,70.134,0,1,0,1,0,0,0,1,0,0,0,0,0,1
S5952,57.2,95.02,88.4,100.0,56.62,98.3,11.5,7.9,4,20,70.99,71.4065,1,1,1,0,0,0,1,0,0,0,1,1,0,0
S5953,68.61,75.72,50.93,80.1,81.63,97.35,6.3,4.7,10,22,42.18,65.7815,1,1,0,1,0,0,0,0,1,0,0,0,0,1
S5954,92.37,51.25,88.95,25.8,81.23,84.19,12.3,8.5,6,19,97.39,80.4445,0,1,1,0,1,0,0,1,0,0,0,0,0,1
S5955,42.55,55.28,76.34,23.1,57.83,89.89,22.1,5.1,6,24,50.45,53.425,0,1,1,0,0,0,1,0,0,0,1,0,0,1
S5956,98.67,79.34,96.81,25.4,67.62,58.82,28.2,5.5,3,19,72.3,76.0135,0,0,0,0,1,0,0,0,1,0,0,0,0,1
S5957,99.6,56.19,99.87,98.7,53.31,86.08,11.4,5.1,2,21,63.74,70.2185,1,0,0,1,0,0,0,0,0,1,0,0,1,0
S5958,75.87,57.47,83.17,33.5,85.79,80.9,21.7,8.8,8,21,64.94,71.965,0,1,0,1,0,0,0,0,1,0,0,1,0,0
S5959,59.89,88.61,70.61,70.6,99.37,54.58,17.0,5.5,9,22,78.6,82.327,1,1,0,0,0,1,0,0,0,1,0,0,1,0
S5960,53.38,87.53,73.75,95.9,87.0,55.66,20.7,8.9,10,22,79.73,79.339,0,1,1,1,0,0,0,0,1,0,0,0,1,0
S5961,56.59,92.14,60.21,82.0,92.21,55.42,5.0,7.2,10,23,49.26,72.4085,1,1,1,0,0,0,1,1,0,0,0,0,1,0
S5962,43.01,55.29,54.96,59.8,73.82,86.22,8.1,4.9,4,18,69.98,62.872,1,0,0,1,0,0,0,0,1,0,0,0,0,1
S5963,68.51,59.91,78.94,16.9,54.78,57.09,10.4,6.8,3,23,87.43,66.2935,1,1,0,0,0,1,0,0,1,0,0,0,0,1
S5964,43.44,91.65,90.27,17.5,86.33,73.39,27.3,8.4,10,19,66.6,72.7145,0,1,1,1,0,0,0,1,0,0,0,0,0,1
S5965,83.11,86.05,63.09,49.2,62.83,67.85,6.0,6.8,1,23,49.95,65.4795,0,0,1,1,0,0,0,1,0,0,0,1,0,0
S5966,62.32,90.3,70.98,95.2,69.41,77.53,19.2,4.7,2,22,58.79,70.27149999999999,0,1,1,1,0,0,0,0,0,0,1,1,0,0
S5967,51.96,99.49,77.74,90.4,85.15,85.32,28.2,5.4,8,24,52.74,73.7415,1,1,0,0,0,1,0,0,0,1,0,1,0,0
S5968,72.69,93.22,95.39,16.599999999999998,95.24,84.24,21.3,5.1,6,23,47.55,75.71499999999999,0,1,1,0,1,0,0,0,0,0,1,0,0,1
S5969,98.43,76.02,56.93,28.8,74.31,75.78,17.1,4.6,6,20,62.65,71.256,0,0,1,1,0,0,0,0,1,0,0,0,0,1
S5970,81.71,65.54,61.84,58.9,98.08,73.22,14.6,5.6,1,18,72.46,78.7555,1,0,0,0,0,0,1,1,0,0,0,0,0,1
S5971,69.5,78.48,95.93,47.7,76.0,69.89,20.6,7.3,8,22,44.37,68.0675,1,1,1,0,0,1,0,0,1,0,0,0,1,0
S5972,86.61,81.93,51.98,11.9,56.13,93.1,17.0,5.9,6,24,76.23,66.97049999999999,0,0,0,0,0,0,1,0,1,0,0,0,1,0
S5973,84.25,66.77,82.81,36.9,75.92,66.54,22.6,6.2,4,21,99.58,80.45,0,0,0,1,0,0,0,0,1,0,0,0,0,1
S5974,93.5,88.55,81.98,95.5,93.03,62.97,20.4,5.6,3,23,97.85,92.652,0,0,1,0,0,1,0,0,0,1,0,0,1,0
S5975,52.28,54.64,69.16,95.1,76.9,87.17,19.2,9.0,6,22,89.75,73.2165,1,0,0,1,0,0,0,0,0,0,1,0,0,1
S5976,91.53,88.97,73.41,55.9,87.39,67.99,28.9,6.9,3,21,55.98,77.423,0,1,1,0,0,0,1,0,0,1,0,0,0,1
S5977,58.06,51.6,92.75,63.5,77.4,92.35,25.9,8.2,4,21,41.34,62.45399999999999,1,0,0,0,0,1,0,0,1,0,0,0,1,0
S5978,96.46,74.9,58.25,22.200000000000003,77.3,66.39,20.2,6.2,10,19,90.01,78.3315,1,0,1,0,1,0,0,1,0,0,0,0,0,1
S5979,56.86,93.07,61.58,74.2,64.24,85.1,18.5,4.8,8,19,43.34,62.4645,0,0,1,0,1,0,0,0,1,0,0,1,0,0
S5980,95.61,54.32,75.62,5.2,60.06,52.26,23.1,8.2,7,24,52.34,61.4145,0,0,1,0,1,0,0,0,0,1,0,1,0,0
S5981,97.83,75.89,70.49,22.1,63.95,69.28,25.1,7.8,7,22,72.67,71.5645,1,0,1,1,0,0,0,0,1,0,0,0,1,0
S5982,48.73,57.97,78.72,0.6,72.04,67.16,12.4,5.6,6,24,50.7,58.194,1,0,1,0,0,1,0,0,0,0,1,0,0,1
S5983,98.47,94.74,96.04,38.6,90.48,90.83,21.7,7.0,8,22,90.03,90.167,0,1,0,0,0,0,1,0,0,1,0,0,0,1
S5984,45.14,91.62,95.86,85.0,91.45,98.35,8.4,4.5,9,20,86.63,83.4425,0,1,1,0,0,0,1,0,1,0,0,0,0,1
S5985,53.11,96.7,61.5,98.3,58.17,73.04,15.8,4.1,1,18,85.35,72.32499999999999,0,1,0,1,0,0,0,0,0,0,1,0,1,0
S5986,66.65,93.75,65.11,66.8,77.64,91.24,28.5,8.1,3,18,88.97,79.44550000000001,1,1,0,1,0,0,0,0,0,0,1,0,0,1
S5987,99.62,86.83,58.1,74.5,70.8,84.98,13.2,8.7,8,22,53.18,72.03750000000001,1,1,0,0,0,0,1,0,1,0,0,1,0,0
S5988,69.31,59.24,96.39,26.3,78.55,98.37,8.9,5.7,1,19,83.73,74.73400000000001,0,1,1,0,0,1,0,1,0,0,0,1,0,0
S5989,73.02,65.13,69.89,52.0,82.38,90.56,8.7,7.0,9,23,61.32,70.3555,1,0,1,1,0,0,0,0,1,0,0,1,0,0
S5990,81.67,74.84,72.49,73.7,63.98,53.87,14.8,7.6,1,24,80.01,73.607,1,1,0,0,0,1,0,0,0,0,1,0,1,0
S5991,98.1,79.44,90.13,49.7,95.96,85.66,10.6,7.7,9,20,47.32,78.74699999999999,0,1,1,0,0,0,1,0,0,1,0,1,0,0
S5992,87.0,89.11,75.65,8.9,96.77,76.77,15.7,6.4,7,18,82.34,84.0425,1,0,1,0,0,1,0,1,0,0,0,1,0,0
S5993,53.45,61.35,55.99,74.1,55.27,50.82,23.0,7.1,6,22,98.33,67.6875,0,0,1,0,1,0,0,0,0,0,1,0,1,0
S5994,58.18,56.41,71.89,22.0,85.15,62.57,27.2,7.3,9,19,42.62,61.6775,0,0,0,0,0,0,1,1,0,0,0,0,0,1
S5995,45.86,74.13,81.53,9.8,51.66,96.09,7.8,4.5,10,19,45.63,53.547,1,0,0,0,1,0,0,0,0,1,0,0,0,1
S5996,78.67,57.89,85.96,47.8,52.33,96.3,24.2,7.2,4,19,47.42,59.024,1,0,1,0,0,0,1,0,1,0,0,0,0,1
S5997,50.84,84.69,82.27,7.5,97.89,89.94,7.6,6.6,5,24,65.83,74.756,0,0,1,0,1,0,0,0,1,0,0,1,0,0
S5998,55.44,78.78,55.96,62.9,84.74,99.09,14.5,5.9,10,23,57.45,68.6585,1,1,0,0,0,1,0,0,0,0,1,0,0,1
S5999,93.29,87.06,65.22,64.0,66.23,90.33,29.9,5.3,2,21,88.42,78.7485,0,1,1,0,0,0,1,0,0,0,1,1,0,0
